type,start_time,ambient_temperature,battery_id,test_id,uid,filename,capacity,re,rct,cycle_number,soh,capacity_fade,rul_cycles,health_status
discharge,[2010.       7.      21.      15.       0.      35.093],4,B0047,0,1,00001.csv,1.67430474469752,,,1,100.0,0.0,50,Healthy
discharge,[2.0100e+03 7.0000e+00 2.1000e+01 2.1000e+01 2.0000e+00 5.6984e+01],4,B0047,4,5,00005.csv,1.5243662105099,,,5,91.04472858585204,8.955271414147958,46,Healthy
discharge,[2.010e+03 7.000e+00 2.200e+01 1.000e+00 4.000e+01 6.218e+00],4,B0047,6,7,00007.csv,1.50807629699734,,,7,90.07179259172375,9.92820740827625,44,Healthy
discharge,[2010.       7.      22.       6.      16.      21.781],4,B0047,8,9,00009.csv,1.48355779600676,,,9,88.60739364832772,11.392606351672285,42,Healthy
discharge,[2010.       7.      22.      10.      51.      48.203],4,B0047,10,11,00011.csv,1.46713916661465,,,11,87.62676993307473,12.373230066925274,40,Healthy
discharge,[2010.       7.      22.      15.      26.      29.359],4,B0047,12,13,00013.csv,1.44885815698226,,,13,86.534913167436,13.465086832563998,38,Healthy
discharge,[2010.       7.      23.       9.      59.       8.718],4,B0047,16,17,00017.csv,1.44585341809493,,,17,86.35545128053363,13.644548719466371,34,Healthy
discharge,[2010.       7.      23.      15.      44.      51.671],4,B0047,20,21,00021.csv,1.43111826617828,,,21,85.47537541839945,14.524624581600548,30,Healthy
discharge,[2010.       7.      23.      20.      19.       2.359],4,B0047,22,23,00023.csv,1.41927455165785,,,23,84.76799436617831,15.232005633821686,28,Warning
discharge,[2010.       7.      24.       0.      52.      14.625],4,B0047,24,25,00025.csv,1.39999742218082,,,25,83.61664306420774,16.383356935792264,26,Warning
discharge,[2010.       7.      24.       5.      24.      46.453],4,B0047,26,27,00027.csv,1.38851566861144,,,27,82.93088059439796,17.069119405602038,24,Warning
discharge,[2010    7   24    9   56   39],4,B0047,28,29,00029.csv,1.36522346695289,,,29,81.53972395267454,18.460276047325465,22,Warning
discharge,[2010.       7.      27.      16.      12.       5.718],4,B0047,32,33,00033.csv,1.40604422729709,,,33,83.97779626140318,16.022203738596815,18,Warning
discharge,[2010.       7.      27.      21.      56.      24.312],4,B0047,36,37,00037.csv,1.40575416135257,,,37,83.9604717005406,16.039528299459406,14,Warning
discharge,[2.0100e+03 7.0000e+00 2.8000e+01 2.0000e+00 2.9000e+01 3.7343e+01],4,B0047,38,39,00039.csv,1.38676628817278,,,39,82.82639660220956,17.173603397790444,12,Warning
discharge,[2.0100e+03 7.0000e+00 2.8000e+01 7.0000e+00 1.0000e+00 5.7687e+01],4,B0047,40,41,00041.csv,1.37050530614202,,,41,81.85518857796795,18.14481142203205,10,Warning
discharge,[2.010e+03 7.000e+00 2.800e+01 1.100e+01 3.300e+01 1.828e+00],4,B0047,42,43,00043.csv,1.34974311148236,,,43,80.61513985174811,19.38486014825189,8,Warning
discharge,[2010.       7.      28.      16.       3.      39.015],4,B0047,44,45,00045.csv,1.32515333679397,,,45,79.14648399526409,20.85351600473591,6,Warning
discharge,[2010.     7.    28.    21.    45.    15.5],4,B0047,48,49,00049.csv,1.31119438696358,,,49,78.31276779905801,21.687232200941992,2,Warning
discharge,[2.0100e+03 7.0000e+00 2.9000e+01 2.0000e+00 1.4000e+01 2.9703e+01],4,B0047,50,51,00051.csv,0.0,,,51,0.0,100.0,0,Emergency
discharge,[2010.       7.      29.       5.      57.      18.515],4,B0047,52,53,00053.csv,1.33942344059328,,,53,79.99878426165841,20.001215738341585,0,Warning
discharge,[2010.       7.      29.      10.      29.      29.765],4,B0047,54,55,00055.csv,1.28491571425607,,,55,76.74324034052732,23.256759659472678,0,Warning
discharge,[2010.       7.      29.      14.      57.      39.921],4,B0047,56,57,00057.csv,1.2817191593278,,,57,76.5523219943664,23.447678005633605,0,Warning
discharge,[2010.       7.      29.      20.      36.      49.093],4,B0047,60,61,00061.csv,1.26000516429428,,,61,75.25542576909513,24.744574230904874,0,Warning
discharge,[2.0100e+03 7.0000e+00 3.0000e+01 1.0000e+00 3.0000e+00 4.8203e+01],4,B0047,62,63,00063.csv,1.26607038599312,,,63,75.61767892032393,24.382321079676075,0,Warning
discharge,[2010.       7.      30.       5.      30.      13.453],4,B0047,64,65,00065.csv,1.24135902942808,,,65,74.14176143019556,25.858238569804442,0,Warning
discharge,[2010.       7.      30.       9.      56.       7.796],4,B0047,66,67,00067.csv,1.22988737034853,,,67,73.45660186674807,26.543398133251927,0,Warning
discharge,[2010.       7.      30.      14.      21.       3.875],4,B0047,68,69,00069.csv,1.22808861450669,,,69,73.34916886522689,26.650831134773114,0,Warning
discharge,[2010.       7.      30.      19.      57.      28.859],4,B0047,72,73,00073.csv,1.213985718907,,,73,72.50685532318184,27.49314467681816,0,Warning
discharge,[2010.       7.      31.       0.      21.      41.812],4,B0047,74,75,00075.csv,1.21734350645641,,,75,72.70740349459712,27.292596505402884,0,Warning
discharge,[2010.       7.      31.       4.      45.      24.171],4,B0047,76,77,00077.csv,1.20734459445159,,,77,72.11020564059315,27.88979435940685,0,Warning
discharge,[2010.       7.      31.       9.       8.      38.406],4,B0047,78,79,00079.csv,1.18804049227045,,,79,70.95724335924768,29.042756640752316,0,Warning
discharge,[2010.       7.      31.      13.      31.       7.296],4,B0047,80,81,00081.csv,1.18630474988654,,,81,70.8535739173849,29.146426082615093,0,Warning
discharge,[2010.       8.       3.      15.      52.      53.046],4,B0047,84,85,00085.csv,1.26139354710285,,,85,75.338348714453,24.661651285546995,0,Warning
discharge,[2010.       8.       3.      21.      29.      43.953],4,B0047,88,89,00089.csv,1.26482461588506,,,89,75.54327370156042,24.456726298439577,0,Warning
discharge,[2.0100e+03 8.0000e+00 4.0000e+00 1.0000e+00 5.6000e+01 1.2734e+01],4,B0047,90,91,00091.csv,1.24664945489821,,,91,74.45773888214298,25.542261117857024,0,Warning
discharge,[2010.       8.       4.       6.      20.      57.078],4,B0047,92,93,00093.csv,1.2333924152795,,,93,73.66594517429529,26.334054825704712,0,Warning
discharge,[2010.      8.      4.     10.     44.     49.39],4,B0047,94,95,00095.csv,1.21292500720376,,,95,72.44350295518555,27.55649704481445,0,Warning
discharge,[2010.       8.       4.      15.       7.      58.828],4,B0047,96,97,00097.csv,1.19991065979436,,,97,71.66620435105654,28.333795648943465,0,Warning
discharge,[2010.     8.     4.    20.    41.    59.5],4,B0047,100,101,00101.csv,1.19025590383933,,,101,71.08956165888199,28.91043834111801,0,Warning
discharge,[2.010e+03 8.000e+00 5.000e+00 1.000e+00 4.000e+00 3.312e+00],4,B0047,102,103,00103.csv,1.18925637954558,,,103,71.0298637874571,28.970136212542897,0,Warning
discharge,[2010.       8.       5.       5.      25.       7.906],4,B0047,104,105,00105.csv,1.16706968512593,,,105,69.7047349845964,30.2952650154036,0,Critical
discharge,[2010.      8.      5.      9.     45.     36.39],4,B0047,106,107,00107.csv,1.16153484030903,,,107,69.37415927342862,30.625840726571383,0,Critical
discharge,[2010.       8.       5.      14.       5.      44.828],4,B0047,108,109,00109.csv,1.15555638443499,,,109,69.01708832245787,30.982911677542134,0,Critical
discharge,[2010.       8.       5.      19.      37.       8.125],4,B0047,112,113,00113.csv,1.14885246660977,,,113,68.61668822525625,31.383311774743746,0,Critical
discharge,[2010.       8.       5.      23.      56.      22.437],4,B0047,114,115,00115.csv,1.14357298678877,,,115,68.30136451625286,31.69863548374714,0,Critical
discharge,[2010.       8.       6.       4.      15.       3.234],4,B0047,116,117,00117.csv,1.14180153794285,,,117,68.19556246011403,31.804437539885967,0,Critical
discharge,[2010.      8.      6.      8.     33.     24.75],4,B0047,118,119,00119.csv,1.13605864750225,,,119,67.8525609570252,32.147439042974796,0,Critical
discharge,[2010    8    6   12   51   21],4,B0047,120,121,00121.csv,1.12363646809692,,,121,67.11063034704092,32.889369652959076,0,Critical
discharge,[2010.       8.       6.      18.      20.      37.375],4,B0047,124,125,00125.csv,1.13204989003289,,,125,67.61313277156161,32.38686722843839,0,Critical
discharge,[2010.       8.       6.      22.      37.      51.968],4,B0047,126,127,00127.csv,1.11701017621581,,,127,66.71486655899128,33.285133441008725,0,Critical
discharge,[2.0100e+03 8.0000e+00 7.0000e+00 2.0000e+00 5.4000e+01 4.6296e+01],4,B0047,128,129,00129.csv,1.12004303972198,,,129,66.89600822485437,33.10399177514563,0,Critical
discharge,[2010.       8.       7.       7.      11.       8.671],4,B0047,130,131,00131.csv,1.1059773445917,,,131,66.05591652859503,33.944083471404966,0,Critical
discharge,[2010.       8.       7.      11.      26.      50.984],4,B0047,132,133,00133.csv,0.0,,,133,0.0,100.0,0,Emergency
discharge,[2010.       8.      10.      15.      39.      28.921],4,B0047,136,137,00137.csv,1.1907902374762,,,137,71.12147542121002,28.87852457878998,0,Warning
discharge,[2010.      8.     10.     21.     13.     49.64],4,B0047,140,141,00141.csv,1.2012387088454,,,141,71.74552378530204,28.25447621469796,0,Warning
discharge,[2.010e+03 8.000e+00 1.100e+01 1.000e+00 3.500e+01 2.781e+00],4,B0047,142,143,00143.csv,1.19069095490248,,,143,71.11554564205636,28.88445435794364,0,Warning
discharge,[2010.       8.      11.       5.      54.      59.281],4,B0047,144,145,00145.csv,1.17643757303083,,,145,70.26424411425563,29.735755885744368,0,Warning
discharge,[2010.       8.      11.      10.      14.       4.421],4,B0047,146,147,00147.csv,1.16281103727923,,,147,69.4503817755891,30.549618224410906,0,Critical
discharge,[2010.       8.      11.      14.      32.      46.656],4,B0047,148,149,00149.csv,1.15161528405825,,,149,68.78170104369507,31.218298956304935,0,Critical
discharge,[2010.       8.      12.      12.      34.      22.109],4,B0047,152,153,00153.csv,1.15836734983486,,,153,69.18497683909571,30.81502316090429,0,Critical
discharge,[2010.       8.      12.      18.       4.      47.218],4,B0047,156,157,00157.csv,1.16922852883862,,,157,69.83367469640976,30.16632530359024,0,Critical
discharge,[2010.       8.      12.      22.      24.      12.484],4,B0047,158,159,00159.csv,1.15881484762184,,,159,69.21170421882735,30.78829578117265,0,Critical
discharge,[2.0100e+03 8.0000e+00 1.3000e+01 2.0000e+00 4.2000e+01 3.2031e+01],4,B0047,160,161,00161.csv,1.14395881477054,,,161,68.3244085877095,31.6755914122905,0,Critical
discharge,[2010.       8.      13.       6.      59.      39.343],4,B0047,162,163,00163.csv,1.13839410681593,,,163,67.9920492623099,32.007950737690095,0,Critical
discharge,[2010.       8.      13.      11.      16.      29.328],4,B0047,164,165,00165.csv,0.0,,,165,0.0,100.0,0,Emergency
discharge,[2010.       8.      16.      10.      57.       7.937],4,B0047,168,169,00169.csv,1.22131028503956,,,169,72.94432443719808,27.055675562801923,0,Warning
discharge,[2010.       8.      16.      16.      33.      48.968],4,B0047,172,173,00173.csv,1.2031062978889,,,173,71.85706793814606,28.14293206185394,0,Warning
discharge,[2010.       8.      16.      20.      54.      56.609],4,B0047,174,175,00175.csv,1.18971471121976,,,175,71.05723823500803,28.94276176499197,0,Warning
discharge,[2.0100e+03 8.0000e+00 1.7000e+01 1.0000e+00 1.4000e+01 4.2109e+01],4,B0047,176,177,00177.csv,1.17742256884201,,,177,70.32307425341037,29.67692574658963,0,Warning
discharge,[2010.       8.      17.       5.      33.      53.718],4,B0047,178,179,00179.csv,1.15844302729381,,,179,69.18949677247043,30.810503227529566,0,Critical
discharge,[2010.       8.      17.       9.      52.       5.375],4,B0047,180,181,00181.csv,1.15670875168417,,,181,69.08591493558367,30.914085064416327,0,Critical
discharge,[2010.       7.      21.      15.       0.      35.093],4,B0045,0,185,00185.csv,1.08197938807795,,,185,64.62260777224402,35.377392227755976,0,Critical
discharge,[2.0100e+03 7.0000e+00 2.1000e+01 2.1000e+01 2.0000e+00 5.6984e+01],4,B0045,4,189,00189.csv,0.927952404748273,,,189,55.42314848518911,44.57685151481089,0,Emergency
discharge,[2.010e+03 7.000e+00 2.200e+01 1.000e+00 4.000e+01 6.218e+00],4,B0045,6,191,00191.csv,0.885193608411576,,,191,52.869324489162516,47.130675510837484,0,Emergency
discharge,[2010.       7.      22.       6.      16.      21.781],4,B0045,8,193,00193.csv,0.858101069947828,,,193,51.25118785366952,48.74881214633048,0,Emergency
discharge,[2010.       7.      22.      10.      51.      48.203],4,B0045,10,195,00195.csv,0.840935221345668,,,195,50.22593551197224,49.77406448802776,0,Emergency
discharge,[2010.       7.      22.      15.      26.      29.359],4,B0045,12,197,00197.csv,0.824547194290191,,,197,49.247139560555546,50.752860439444454,0,Emergency
discharge,[2010.       7.      23.       9.      59.       8.718],4,B0045,16,201,00201.csv,0.793596041880398,,,201,47.39854225425187,52.60145774574813,0,Emergency
discharge,[2010.       7.      23.      15.      44.      51.671],4,B0045,20,205,00205.csv,0.81836760871592,,,205,48.878055880070164,51.121944119929836,0,Emergency
discharge,[2010.       7.      23.      20.      19.       2.359],4,B0045,22,207,00207.csv,0.797764427640941,,,207,47.64750444430385,52.35249555569615,0,Emergency
discharge,[2010.       7.      24.       0.      52.      14.625],4,B0045,24,209,00209.csv,0.799377741183163,,,209,47.74386166644822,52.25613833355178,0,Emergency
discharge,[2010.       7.      24.       5.      24.      46.453],4,B0045,26,211,00211.csv,0.778310744062889,,,211,46.48560822202643,53.51439177797357,0,Emergency
discharge,[2010    7   24    9   56   39],4,B0045,28,213,00213.csv,0.780373823123911,,,213,46.60882826709623,53.39117173290377,0,Emergency
discharge,[2010.       7.      27.      16.      12.       5.718],4,B0045,32,217,00217.csv,0.771305824564029,,,217,46.06723041350355,53.93276958649645,0,Emergency
discharge,[2010.       7.      27.      21.      56.      24.312],4,B0045,36,221,00221.csv,0.795279016979026,,,221,47.49906010226957,52.50093989773043,0,Emergency
discharge,[2.0100e+03 7.0000e+00 2.8000e+01 2.0000e+00 2.9000e+01 3.7343e+01],4,B0045,38,223,00223.csv,0.782412816991924,,,223,46.73060979309801,53.26939020690199,0,Emergency
discharge,[2.0100e+03 7.0000e+00 2.8000e+01 7.0000e+00 1.0000e+00 5.7687e+01],4,B0045,40,225,00225.csv,0.764941499223118,,,225,45.68711291332525,54.31288708667475,0,Emergency
discharge,[2.010e+03 7.000e+00 2.800e+01 1.100e+01 3.300e+01 1.828e+00],4,B0045,42,227,00227.csv,0.754489942677937,,,227,45.06288028313765,54.93711971686235,0,Emergency
discharge,[2010.       7.      28.      16.       3.      39.015],4,B0045,44,229,00229.csv,0.750404897831429,,,229,44.81889573615209,55.18110426384791,0,Emergency
discharge,[2010.     7.    28.    21.    45.    15.5],4,B0045,48,233,00233.csv,0.740725810962025,,,233,44.24079984888561,55.75920015111439,0,Emergency
discharge,[2.0100e+03 7.0000e+00 2.9000e+01 2.0000e+00 1.4000e+01 2.9703e+01],4,B0045,50,235,00235.csv,0.0,,,235,0.0,100.0,0,Emergency
discharge,[2010.       7.      29.       5.      57.      18.515],4,B0045,52,237,00237.csv,0.730852559379362,,,237,43.6511072248916,56.3488927751084,0,Emergency
discharge,[2010.       7.      29.      10.      29.      29.765],4,B0045,54,239,00239.csv,0.72872558511779,,,239,43.52407095695363,56.47592904304637,0,Emergency
discharge,[2010.       7.      29.      14.      57.      39.921],4,B0045,56,241,00241.csv,0.716102337703626,,,241,42.770131302052604,57.229868697947396,0,Emergency
discharge,[2010.       7.      29.      20.      36.      49.093],4,B0045,60,245,00245.csv,0.712920483498801,,,245,42.580090975469176,57.419909024530824,0,Emergency
discharge,[2.0100e+03 7.0000e+00 3.0000e+01 1.0000e+00 3.0000e+00 4.8203e+01],4,B0045,62,247,00247.csv,0.714199182949961,,,247,42.65646294151715,57.34353705848285,0,Emergency
discharge,[2010.       7.      30.       5.      30.      13.453],4,B0045,64,249,00249.csv,0.719057081984422,,,249,42.94660719690708,57.05339280309292,0,Emergency
discharge,[2010.       7.      30.       9.      56.       7.796],4,B0045,66,251,00251.csv,0.717397542877591,,,251,42.847489093581714,57.152510906418286,0,Emergency
discharge,[2010.       7.      30.      14.      21.       3.875],4,B0045,68,253,00253.csv,0.707102749646394,,,253,42.23261935354183,57.76738064645817,0,Emergency
discharge,[2010.       7.      30.      19.      57.      28.859],4,B0045,72,257,00257.csv,0.703531206505542,,,257,42.01930435505288,57.98069564494712,0,Emergency
discharge,[2010.       7.      31.       0.      21.      41.812],4,B0045,74,259,00259.csv,0.694110827895886,,,259,41.4566601506755,58.5433398493245,0,Emergency
discharge,[2010.       7.      31.       4.      45.      24.171],4,B0045,76,261,00261.csv,0.69141143888696,,,261,41.29543567720525,58.70456432279475,0,Emergency
discharge,[2010.       7.      31.       9.       8.      38.406],4,B0045,78,263,00263.csv,0.69715517985055,,,263,41.638487978871375,58.361512021128625,0,Emergency
discharge,[2010.       7.      31.      13.      31.       7.296],4,B0045,80,265,00265.csv,0.683246021743272,,,265,40.80774565724038,59.19225434275962,0,Emergency
discharge,[2010.       8.       3.      15.      52.      53.046],4,B0045,84,269,00269.csv,0.682202931749329,,,269,40.745445768450935,59.254554231549065,0,Emergency
discharge,[2010.       8.       3.      21.      29.      43.953],4,B0045,88,273,00273.csv,0.728952921321337,,,273,43.537648903517244,56.462351096482756,0,Emergency
discharge,[2.0100e+03 8.0000e+00 4.0000e+00 1.0000e+00 5.6000e+01 1.2734e+01],4,B0045,90,275,00275.csv,0.7139321758287,,,275,42.640515598471836,57.359484401528164,0,Emergency
discharge,[2010.       8.       4.       6.      20.      57.078],4,B0045,92,277,00277.csv,0.695773174745548,,,277,41.555945950045455,58.444054049954545,0,Emergency
discharge,[2010.      8.      4.     10.     44.     49.39],4,B0045,94,279,00279.csv,0.701831296231709,,,279,41.91777503195823,58.08222496804177,0,Emergency
discharge,[2010.       8.       4.      15.       7.      58.828],4,B0045,96,281,00281.csv,0.691180824437848,,,281,41.28166193321734,58.71833806678266,0,Emergency
discharge,[2010.     8.     4.    20.    41.    59.5],4,B0045,100,285,00285.csv,0.684327975285502,,,285,40.87236672133619,59.12763327866381,0,Emergency
discharge,[2.010e+03 8.000e+00 5.000e+00 1.000e+00 4.000e+00 3.312e+00],4,B0045,102,287,00287.csv,0.674139490881248,,,287,40.26384641244256,59.73615358755744,0,Emergency
discharge,[2010.       8.       5.       5.      25.       7.906],4,B0045,104,289,00289.csv,0.667007017430173,,,289,39.8378502803965,60.1621497196035,0,Emergency
discharge,[2010.      8.      5.      9.     45.     36.39],4,B0045,106,291,00291.csv,0.680408511737485,,,291,40.63827172994171,59.36172827005829,0,Emergency
discharge,[2010.       8.       5.      14.       5.      44.828],4,B0045,108,293,00293.csv,0.661786406323548,,,293,39.52604258092253,60.47395741907747,0,Emergency
discharge,[2010.       8.       5.      19.      37.       8.125],4,B0045,112,297,00297.csv,0.662316873349233,,,297,39.5577254049344,60.4422745950656,0,Emergency
discharge,[2010.       8.       5.      23.      56.      22.437],4,B0045,114,299,00299.csv,0.667935835718177,,,299,39.89332514487059,60.10667485512941,0,Emergency
discharge,[2010.       8.       6.       4.      15.       3.234],4,B0045,116,301,00301.csv,0.648899088527068,,,301,38.756330983479245,61.243669016520755,0,Emergency
discharge,[2010.      8.      6.      8.     33.     24.75],4,B0045,118,303,00303.csv,0.650363912962552,,,303,38.84381950312437,61.15618049687563,0,Emergency
discharge,[2010    8    6   12   51   21],4,B0045,120,305,00305.csv,0.65720776902028,,,305,39.25257759088601,60.74742240911399,0,Emergency
discharge,[2010.       8.       6.      18.      20.      37.375],4,B0045,124,309,00309.csv,0.636351745847621,,,309,38.00692483628984,61.99307516371016,0,Emergency
discharge,[2010.       8.       6.      22.      37.      51.968],4,B0045,126,311,00311.csv,0.653644936094858,,,311,39.03978282119397,60.96021717880603,0,Emergency
discharge,[2.0100e+03 8.0000e+00 7.0000e+00 2.0000e+00 5.4000e+01 4.6296e+01],4,B0045,128,313,00313.csv,0.639142827215088,,,313,38.17362575356946,61.82637424643054,0,Emergency
discharge,[2010.       8.       7.       7.      11.       8.671],4,B0045,130,315,00315.csv,0.648220604949623,,,315,38.71580768092075,61.28419231907925,0,Emergency
discharge,[2010.       8.       7.      11.      26.      50.984],4,B0045,132,317,00317.csv,0.628795747192272,,,317,37.55563311778528,62.44436688221472,0,Emergency
discharge,[2010.       8.      10.      15.      39.      28.921],4,B0045,136,321,00321.csv,0.63805718501934,,,321,38.108784379907576,61.891215620092424,0,Emergency
discharge,[2010.      8.     10.     21.     13.     49.64],4,B0045,140,325,00325.csv,0.65548250478329,,,325,39.14953396979768,60.85046603020232,0,Emergency
discharge,[2.010e+03 8.000e+00 1.100e+01 1.000e+00 3.500e+01 2.781e+00],4,B0045,142,327,00327.csv,0.648493483539703,,,327,38.732105704977855,61.267894295022145,0,Emergency
discharge,[2010.       8.      11.       5.      54.      59.281],4,B0045,144,329,00329.csv,0.645407168784492,,,329,38.54777159465622,61.45222840534378,0,Emergency
discharge,[2010.       8.      11.      10.      14.       4.421],4,B0045,146,331,00331.csv,0.642700803184564,,,331,38.386130435333286,61.613869564666714,0,Emergency
discharge,[2010.       8.      11.      14.      32.      46.656],4,B0045,148,333,00333.csv,0.635245488080247,,,333,37.940852171150624,62.059147828849376,0,Emergency
discharge,[2010.       8.      12.      12.      34.      22.109],4,B0045,152,337,00337.csv,0.615676001958786,,,337,36.772039493324975,63.227960506675025,0,Emergency
discharge,[2010.       8.      12.      18.       4.      47.218],4,B0045,156,341,00341.csv,0.617083368280702,,,341,36.85609625338452,63.14390374661548,0,Emergency
discharge,[2010.       8.      12.      22.      24.      12.484],4,B0045,158,343,00343.csv,0.643422739085867,,,343,38.42924898370922,61.57075101629078,0,Emergency
discharge,[2.0100e+03 8.0000e+00 1.3000e+01 2.0000e+00 4.2000e+01 3.2031e+01],4,B0045,160,345,00345.csv,0.627812443374275,,,345,37.49690403509521,62.50309596490479,0,Emergency
discharge,[2010.       8.      13.       6.      59.      39.343],4,B0045,162,347,00347.csv,0.629007831525337,,,347,37.56830012680717,62.43169987319283,0,Emergency
discharge,[2010.       8.      13.      11.      16.      29.328],4,B0045,164,349,00349.csv,0.0,,,349,0.0,100.0,0,Emergency
discharge,[2010.       8.      16.      10.      57.       7.937],4,B0045,168,353,00353.csv,0.626635556829226,,,353,37.426612975550874,62.573387024449126,0,Emergency
discharge,[2010.       8.      16.      16.      33.      48.968],4,B0045,172,357,00357.csv,0.649581351671659,,,357,38.79708002553695,61.20291997446305,0,Emergency
discharge,[2010.       8.      16.      20.      54.      56.609],4,B0045,174,359,00359.csv,0.63374851779663,,,359,37.85144369946362,62.14855630053638,0,Emergency
discharge,[2.0100e+03 8.0000e+00 1.7000e+01 1.0000e+00 1.4000e+01 4.2109e+01],4,B0045,176,361,00361.csv,0.629855092908564,,,361,37.61890390045772,62.38109609954228,0,Emergency
discharge,[2010.       8.      17.       5.      33.      53.718],4,B0045,178,363,00363.csv,0.618306377838673,,,363,36.92914206907872,63.07085793092128,0,Emergency
discharge,[2010.       8.      17.       9.      52.       5.375],4,B0045,180,365,00365.csv,0.606947616850777,,,365,36.25072548907028,63.74927451092972,0,Emergency
discharge,[2010.       7.      21.      15.       0.      35.093],4,B0048,0,369,00369.csv,1.65799557936776,,,369,99.02591416637797,0.974085833622027,0,Healthy
discharge,[2.0100e+03 7.0000e+00 2.1000e+01 2.1000e+01 2.0000e+00 5.6984e+01],4,B0048,4,373,00373.csv,1.50769334760987,,,373,90.04892044800661,9.951079551993388,0,Healthy
discharge,[2.010e+03 7.000e+00 2.200e+01 1.000e+00 4.000e+01 6.218e+00],4,B0048,6,375,00375.csv,1.4989223343608,,,375,89.52506042330994,10.474939576690062,0,Healthy
discharge,[2010.       7.      22.       6.      16.      21.781],4,B0048,8,377,00377.csv,1.47829195024977,,,377,88.29288425129789,11.707115748702108,0,Healthy
discharge,[2010.       7.      22.      10.      51.      48.203],4,B0048,10,379,00379.csv,1.46185689139061,,,379,87.31127926503662,12.688720734963383,0,Healthy
discharge,[2010.       7.      22.      15.      26.      29.359],4,B0048,12,381,00381.csv,1.45095927064734,,,381,86.66040487805404,13.339595121945962,0,Healthy
discharge,[2010.       7.      23.       9.      59.       8.718],4,B0048,16,385,00385.csv,1.4517469971471,,,385,86.70745285437106,13.292547145628944,0,Healthy
discharge,[2010.       7.      23.      15.      44.      51.671],4,B0048,20,389,00389.csv,1.44439286628747,,,389,86.26821794908155,13.731782050918454,0,Healthy
discharge,[2010.       7.      23.      20.      19.       2.359],4,B0048,22,391,00391.csv,1.43273832396537,,,391,85.57213544922543,14.427864550774572,0,Healthy
discharge,[2010.       7.      24.       0.      52.      14.625],4,B0048,24,393,00393.csv,1.41724120143866,,,393,84.64654991434661,15.353450085653392,0,Warning
discharge,[2010.       7.      24.       5.      24.      46.453],4,B0048,26,395,00395.csv,1.40575599445734,,,395,83.96058118507594,16.039418814924062,0,Warning
discharge,[2010    7   24    9   56   39],4,B0048,28,397,00397.csv,1.3902706269897,,,397,83.03569773618878,16.96430226381122,0,Warning
discharge,[2010.       7.      27.      16.      12.       5.718],4,B0048,32,401,00401.csv,1.41966593078803,,,401,84.79136998709915,15.208630012900855,0,Warning
discharge,[2010.       7.      27.      21.      56.      24.312],4,B0048,36,405,00405.csv,1.41905639852322,,,405,84.75496489019308,15.24503510980692,0,Warning
discharge,[2.0100e+03 7.0000e+00 2.8000e+01 2.0000e+00 2.9000e+01 3.7343e+01],4,B0048,38,407,00407.csv,1.40427235670405,,,407,83.87196901587625,16.128030984123754,0,Warning
discharge,[2.0100e+03 7.0000e+00 2.8000e+01 7.0000e+00 1.0000e+00 5.7687e+01],4,B0048,40,409,00409.csv,1.39161404909583,,,409,83.11593534588226,16.884064654117736,0,Warning
discharge,[2.010e+03 7.000e+00 2.800e+01 1.100e+01 3.300e+01 1.828e+00],4,B0048,42,411,00411.csv,1.37496183502947,,,411,82.12136048613245,17.878639513867554,0,Warning
discharge,[2010.       7.      28.      16.       3.      39.015],4,B0048,44,413,00413.csv,1.35451557130711,,,413,80.90018114066903,19.099818859330966,0,Warning
discharge,[2010.     7.    28.    21.    45.    15.5],4,B0048,48,417,00417.csv,1.34402230733159,,,417,80.27345748066915,19.72654251933085,0,Warning
discharge,[2.0100e+03 7.0000e+00 2.9000e+01 2.0000e+00 1.4000e+01 2.9703e+01],4,B0048,50,419,00419.csv,0.0,,,419,0.0,100.0,0,Emergency
discharge,[2010.       7.      29.       5.      57.      18.515],4,B0048,52,421,00421.csv,1.37238447586057,,,421,81.9674244014942,18.0325755985058,0,Warning
discharge,[2010.       7.      29.      10.      29.      29.765],4,B0048,54,423,00423.csv,1.31841057526744,,,423,78.74376390814231,21.256236091857687,0,Warning
discharge,[2010.       7.      29.      14.      57.      39.921],4,B0048,56,425,00425.csv,1.31127275995786,,,425,78.31744872674028,21.68255127325972,0,Warning
discharge,[2010.       7.      29.      20.      36.      49.093],4,B0048,60,429,00429.csv,1.29701724190011,,,429,77.46601961248274,22.53398038751726,0,Warning
discharge,[2.0100e+03 7.0000e+00 3.0000e+01 1.0000e+00 3.0000e+00 4.8203e+01],4,B0048,62,431,00431.csv,1.29952195266317,,,431,77.61561667783135,22.384383322168645,0,Warning
discharge,[2010.       7.      30.       5.      30.      13.453],4,B0048,64,433,00433.csv,1.28261540667295,,,433,76.60585151747075,23.394148482529246,0,Warning
discharge,[2010.       7.      30.       9.      56.       7.796],4,B0048,66,435,00435.csv,1.2752890152407,,,435,76.16827338508759,23.831726614912412,0,Warning
discharge,[2010.       7.      30.      14.      21.       3.875],4,B0048,68,437,00437.csv,1.2735572473264,,,437,76.06484132352386,23.935158676476135,0,Warning
discharge,[2010.       7.      30.      19.      57.      28.859],4,B0048,72,441,00441.csv,1.25941143339385,,,441,75.21996442895914,24.780035571040855,0,Warning
discharge,[2010.       7.      31.       0.      21.      41.812],4,B0048,74,443,00443.csv,1.26316325854958,,,443,75.44404700219512,24.55595299780488,0,Warning
discharge,[2010.       7.      31.       4.      45.      24.171],4,B0048,76,445,00445.csv,1.24917173101363,,,445,74.60838506070802,25.391614939291983,0,Warning
discharge,[2010.       7.      31.       9.       8.      38.406],4,B0048,78,447,00447.csv,1.2339843478353,,,447,73.70129910598992,26.298700894010082,0,Warning
discharge,[2010.       7.      31.      13.      31.       7.296],4,B0048,80,449,00449.csv,1.24003199202886,,,449,74.06250241815353,25.937497581846472,0,Warning
discharge,[2010.       8.       3.      15.      52.      53.046],4,B0048,84,453,00453.csv,1.30370857198071,,,453,77.8656678904794,22.1343321095206,0,Warning
discharge,[2010.       8.       3.      21.      29.      43.953],4,B0048,88,457,00457.csv,1.31505596347053,,,457,78.54340541262147,21.456594587378532,0,Warning
discharge,[2.0100e+03 8.0000e+00 4.0000e+00 1.0000e+00 5.6000e+01 1.2734e+01],4,B0048,90,459,00459.csv,1.2888738300982,,,459,76.97964388980142,23.020356110198577,0,Warning
discharge,[2010.       8.       4.       6.      20.      57.078],4,B0048,92,461,00461.csv,1.28771375958851,,,461,76.91035718955382,23.08964281044618,0,Warning
discharge,[2010.      8.      4.     10.     44.     49.39],4,B0048,94,463,00463.csv,1.26733799853154,,,463,75.69338870627745,24.306611293722554,0,Warning
discharge,[2010.       8.       4.      15.       7.      58.828],4,B0048,96,465,00465.csv,1.2505943456973,,,465,74.69335254874598,25.306647451254022,0,Warning
discharge,[2010.     8.     4.    20.    41.    59.5],4,B0048,100,469,00469.csv,1.24871311793958,,,469,74.58099380618864,25.419006193811356,0,Warning
discharge,[2.010e+03 8.000e+00 5.000e+00 1.000e+00 4.000e+00 3.312e+00],4,B0048,102,471,00471.csv,1.24800232608293,,,471,74.538540850184,25.461459149815994,0,Warning
discharge,[2010.       8.       5.       5.      25.       7.906],4,B0048,104,473,00473.csv,1.23008952445995,,,473,73.46867578053588,26.531324219464125,0,Warning
discharge,[2010.      8.      5.      9.     45.     36.39],4,B0048,106,475,00475.csv,1.22441971215009,,,475,73.13003896260794,26.86996103739206,0,Warning
discharge,[2010.       8.       5.      14.       5.      44.828],4,B0048,108,477,00477.csv,1.21866828451163,,,477,72.78652756441866,27.213472435581338,0,Warning
discharge,[2010.       8.       5.      19.      37.       8.125],4,B0048,112,481,00481.csv,1.20378652360336,,,481,71.89769529207398,28.102304707926024,0,Warning
discharge,[2010.       8.       5.      23.      56.      22.437],4,B0048,114,483,00483.csv,1.19476423008322,,,483,71.35882723064648,28.641172769353517,0,Warning
discharge,[2010.       8.       6.       4.      15.       3.234],4,B0048,116,485,00485.csv,1.20520918938714,,,485,71.9826658321316,28.0173341678684,0,Warning
discharge,[2010.      8.      6.      8.     33.     24.75],4,B0048,118,487,00487.csv,1.19557465936284,,,487,71.40723115963172,28.59276884036828,0,Warning
discharge,[2010    8    6   12   51   21],4,B0048,120,489,00489.csv,1.18884971021498,,,489,71.00557493968982,28.994425060310178,0,Warning
discharge,[2010.       8.       6.      18.      20.      37.375],4,B0048,124,493,00493.csv,1.19156052508074,,,493,71.1674818371256,28.832518162874393,0,Warning
discharge,[2010.       8.       6.      22.      37.      51.968],4,B0048,126,495,00495.csv,1.17265871531096,,,495,70.03854698642765,29.961453013572353,0,Warning
discharge,[2.0100e+03 8.0000e+00 7.0000e+00 2.0000e+00 5.4000e+01 4.6296e+01],4,B0048,128,497,00497.csv,1.18411338724941,,,497,70.72269197106839,29.277308028931614,0,Warning
discharge,[2010.       8.       7.       7.      11.       8.671],4,B0048,130,499,00499.csv,1.15768251223177,,,499,69.1440740341996,30.855925965800395,0,Critical
discharge,[2010.       8.       7.      11.      26.      50.984],4,B0048,132,501,00501.csv,0.0,,,501,0.0,100.0,0,Emergency
discharge,[2010.       8.      10.      15.      39.      28.921],4,B0048,136,505,00505.csv,1.25935585116859,,,505,75.21664470921064,24.78335529078936,0,Warning
discharge,[2010.      8.     10.     21.     13.     49.64],4,B0048,140,509,00509.csv,1.26588337527802,,,509,75.60650946531926,24.393490534680737,0,Warning
discharge,[2.010e+03 8.000e+00 1.100e+01 1.000e+00 3.500e+01 2.781e+00],4,B0048,142,511,00511.csv,1.24725986731841,,,511,74.49419654745947,25.505803452540533,0,Warning
discharge,[2010.       8.      11.       5.      54.      59.281],4,B0048,144,513,00513.csv,1.23280874725621,,,513,73.63108485241312,26.368915147586875,0,Warning
discharge,[2010.       8.      11.      10.      14.       4.421],4,B0048,146,515,00515.csv,1.23195927830419,,,515,73.5803492288828,26.419650771117205,0,Warning
discharge,[2010.       8.      11.      14.      32.      46.656],4,B0048,148,517,00517.csv,1.22078578626277,,,517,72.91299807451225,27.087001925487755,0,Warning
discharge,[2010.       8.      12.      12.      34.      22.109],4,B0048,152,521,00521.csv,1.22754413032667,,,521,73.31664884868006,26.68335115131994,0,Warning
discharge,[2010.       8.      12.      18.       4.      47.218],4,B0048,156,525,00525.csv,1.23867884142903,,,525,73.98168376168638,26.018316238313616,0,Warning
discharge,[2010.       8.      12.      22.      24.      12.484],4,B0048,158,527,00527.csv,1.2283577755407,,,527,73.36524485347589,26.634755146524114,0,Warning
discharge,[2.0100e+03 8.0000e+00 1.3000e+01 2.0000e+00 4.2000e+01 3.2031e+01],4,B0048,160,529,00529.csv,1.20954815075704,,,529,72.24181586940178,27.758184130598224,0,Warning
discharge,[2010.       8.      13.       6.      59.      39.343],4,B0048,162,531,00531.csv,1.2082142070681,,,531,72.16214437034137,27.837855629658634,0,Warning
discharge,[2010.       8.      13.      11.      16.      29.328],4,B0048,164,533,00533.csv,0.0,,,533,0.0,100.0,0,Emergency
discharge,[2010.       8.      16.      10.      57.       7.937],4,B0048,168,537,00537.csv,1.29987345428321,,,537,77.63661056327264,22.36338943672736,0,Warning
discharge,[2010.       8.      16.      16.      33.      48.968],4,B0048,172,541,00541.csv,1.26912206517437,,,541,75.7999443765328,24.200055623467193,0,Warning
discharge,[2010.       8.      16.      20.      54.      56.609],4,B0048,174,543,00543.csv,1.25551446346907,,,543,74.98721289808512,25.01278710191488,0,Warning
discharge,[2.0100e+03 8.0000e+00 1.7000e+01 1.0000e+00 1.4000e+01 4.2109e+01],4,B0048,176,545,00545.csv,1.25198769268976,,,545,74.77657198635868,25.223428013641325,0,Warning
discharge,[2010.       8.      17.       5.      33.      53.718],4,B0048,178,547,00547.csv,1.23749820030199,,,547,73.9111684549133,26.088831545086705,0,Warning
discharge,[2010.       8.      17.       9.      52.       5.375],4,B0048,180,549,00549.csv,1.22312739698789,,,549,73.0528537807411,26.947146219258897,0,Warning
discharge,[2010.       7.      21.      15.       0.      35.093],4,B0046,0,553,00553.csv,1.72823923235982,,,553,103.22130650546795,-3.2213065054679504,0,Healthy
discharge,[2.0100e+03 7.0000e+00 2.1000e+01 2.1000e+01 2.0000e+00 5.6984e+01],4,B0046,4,557,00557.csv,1.51614884679231,,,557,90.5539359900827,9.446064009917293,0,Healthy
discharge,[2.010e+03 7.000e+00 2.200e+01 1.000e+00 4.000e+01 6.218e+00],4,B0046,6,559,00559.csv,1.50312119070397,,,559,89.77584250802109,10.224157491978914,0,Healthy
discharge,[2010.       7.      22.       6.      16.      21.781],4,B0046,8,561,00561.csv,1.48586566102824,,,561,88.74523384909098,11.25476615090902,0,Healthy
discharge,[2010.       7.      22.      10.      51.      48.203],4,B0046,10,563,00563.csv,1.46945623163927,,,563,87.76515961583458,12.234840384165423,0,Healthy
discharge,[2010.       7.      22.      15.      26.      29.359],4,B0046,12,565,00565.csv,1.45895545926448,,,565,87.13798750705057,12.862012492949432,0,Healthy
discharge,[2010.       7.      23.       9.      59.       8.718],4,B0046,16,569,00569.csv,1.45568535550982,,,569,86.94267636282689,13.057323637173113,0,Healthy
discharge,[2010.       7.      23.      15.      44.      51.671],4,B0046,20,573,00573.csv,1.45623226238032,,,573,86.9753410776724,13.024658922327603,0,Healthy
discharge,[2010.       7.      23.      20.      19.       2.359],4,B0046,22,575,00575.csv,1.44405922366751,,,575,86.24829071534369,13.751709284656314,0,Healthy
discharge,[2010.       7.      24.       0.      52.      14.625],4,B0046,24,577,00577.csv,1.42829426476586,,,577,85.30670830917914,14.693291690820857,0,Healthy
discharge,[2010.       7.      24.       5.      24.      46.453],4,B0046,26,579,00579.csv,1.41998489480346,,,579,84.81042052234011,15.18957947765989,0,Warning
discharge,[2010    7   24    9   56   39],4,B0046,28,581,00581.csv,1.40432260185165,,,581,83.87496997181088,16.125030028189116,0,Warning
discharge,[2010.       7.      27.      16.      12.       5.718],4,B0046,32,585,00585.csv,1.42343513016159,,,585,85.01649025779639,14.983509742203609,0,Healthy
discharge,[2010.       7.      27.      21.      56.      24.312],4,B0046,36,589,00589.csv,1.43399488579672,,,589,85.6471852175146,14.352814782485396,0,Healthy
discharge,[2.0100e+03 7.0000e+00 2.8000e+01 2.0000e+00 2.9000e+01 3.7343e+01],4,B0046,38,591,00591.csv,1.41851770477565,,,591,84.72279071465688,15.277209285343119,0,Warning
discharge,[2.0100e+03 7.0000e+00 2.8000e+01 7.0000e+00 1.0000e+00 5.7687e+01],4,B0046,40,593,00593.csv,1.40563133378294,,,593,83.95313566628406,16.046864333715945,0,Warning
discharge,[2.010e+03 7.000e+00 2.800e+01 1.100e+01 3.300e+01 1.828e+00],4,B0046,42,595,00595.csv,1.38902140251556,,,595,82.96108620097715,17.03891379902285,0,Warning
discharge,[2010.       7.      28.      16.       3.      39.015],4,B0046,44,597,00597.csv,1.37233390827373,,,597,81.96440418746207,18.035595812537935,0,Warning
discharge,[2010.     7.    28.    21.    45.    15.5],4,B0046,48,601,00601.csv,1.36157789059905,,,601,81.32198722551149,18.678012774488508,0,Warning
discharge,[2.0100e+03 7.0000e+00 2.9000e+01 2.0000e+00 1.4000e+01 2.9703e+01],4,B0046,50,603,00603.csv,0.0,,,603,0.0,100.0,0,Emergency
discharge,[2010.       7.      29.       5.      57.      18.515],4,B0046,52,605,00605.csv,1.41002820162374,,,605,84.21574424185698,15.784255758143019,0,Warning
discharge,[2010.       7.      29.      10.      29.      29.765],4,B0046,54,607,00607.csv,1.33956713749264,,,607,80.00736674342079,19.99263325657921,0,Warning
discharge,[2010.       7.      29.      14.      57.      39.921],4,B0046,56,609,00609.csv,1.32915154871174,,,609,79.38528233412279,20.614717665877208,0,Warning
discharge,[2010.       7.      29.      20.      36.      49.093],4,B0046,60,613,00613.csv,1.31816870339057,,,613,78.72931779983162,21.27068220016838,0,Warning
discharge,[2.0100e+03 7.0000e+00 3.0000e+01 1.0000e+00 3.0000e+00 4.8203e+01],4,B0046,62,615,00615.csv,1.3124237084661,,,615,78.38619060374235,21.61380939625765,0,Warning
discharge,[2010.       7.      30.       5.      30.      13.453],4,B0046,64,617,00617.csv,1.29932375321624,,,617,77.60377896145638,22.396221038543615,0,Warning
discharge,[2010.       7.      30.       9.      56.       7.796],4,B0046,66,619,00619.csv,1.28774830421745,,,619,76.91242041185845,23.08757958814155,0,Warning
discharge,[2010.       7.      30.      14.      21.       3.875],4,B0046,68,621,00621.csv,1.28652827397491,,,621,76.8395525396026,23.160447460397407,0,Warning
discharge,[2010.       7.      30.      19.      57.      28.859],4,B0046,72,625,00625.csv,1.27196363869871,,,625,75.96966100269297,24.030338997307027,0,Warning
discharge,[2010.       7.      31.       0.      21.      41.812],4,B0046,74,627,00627.csv,1.27144953454171,,,627,75.93895547201654,24.061044527983455,0,Warning
discharge,[2010.       7.      31.       4.      45.      24.171],4,B0046,76,629,00629.csv,1.2615423884659,,,629,75.34723845591266,24.65276154408734,0,Warning
discharge,[2010.       7.      31.       9.       8.      38.406],4,B0046,78,631,00631.csv,1.24212016192041,,,631,74.18722104528298,25.812778954717018,0,Warning
discharge,[2010.       7.      31.      13.      31.       7.296],4,B0046,80,633,00633.csv,1.24025374416697,,,633,74.07574684924126,25.924253150758744,0,Warning
discharge,[2010.       8.       3.      15.      52.      53.046],4,B0046,84,637,00637.csv,1.28511300122428,,,637,76.75502355793947,23.244976442060533,0,Warning
discharge,[2010.       8.       3.      21.      29.      43.953],4,B0046,88,641,00641.csv,1.30433278416991,,,641,77.90294976471269,22.097050235287313,0,Warning
discharge,[2.0100e+03 8.0000e+00 4.0000e+00 1.0000e+00 5.6000e+01 1.2734e+01],4,B0046,90,643,00643.csv,1.27786390416199,,,643,76.32206193101656,23.677938068983437,0,Warning
discharge,[2010.       8.       4.       6.      20.      57.078],4,B0046,92,645,00645.csv,1.27234645916515,,,645,75.9925254464361,24.007474553563895,0,Warning
discharge,[2010.      8.      4.     10.     44.     49.39],4,B0046,94,647,00647.csv,1.24778839527687,,,647,74.52576355819235,25.474236441807648,0,Warning
discharge,[2010.       8.       4.      15.       7.      58.828],4,B0046,96,649,00649.csv,1.23524991966555,,,649,73.77688700802854,26.223112991971462,0,Warning
discharge,[2010.     8.     4.    20.    41.    59.5],4,B0046,100,653,00653.csv,1.22925129185194,,,653,73.41861126207444,26.581388737925565,0,Warning
discharge,[2.010e+03 8.000e+00 5.000e+00 1.000e+00 4.000e+00 3.312e+00],4,B0046,102,655,00655.csv,1.22389091050163,,,655,73.0984556053885,26.901544394611506,0,Warning
discharge,[2010.       8.       5.       5.      25.       7.906],4,B0046,104,657,00657.csv,1.20542332357137,,,657,71.9954552711455,28.004544728854498,0,Warning
discharge,[2010.      8.      5.      9.     45.     36.39],4,B0046,106,659,00659.csv,1.19578240900081,,,659,71.4196392734251,28.580360726574895,0,Warning
discharge,[2010.       8.       5.      14.       5.      44.828],4,B0046,108,661,00661.csv,1.19007294966984,,,661,71.07863448627081,28.921365513729185,0,Warning
discharge,[2010.       8.       5.      19.      37.       8.125],4,B0046,112,665,00665.csv,1.17920176323365,,,665,70.42933892220945,29.570661077790547,0,Warning
discharge,[2010.       8.       5.      23.      56.      22.437],4,B0046,114,667,00667.csv,1.16950403251455,,,667,69.85012950708878,30.14987049291122,0,Critical
discharge,[2010.       8.       6.       4.      15.       3.234],4,B0046,116,669,00669.csv,1.16772376849918,,,669,69.74380095363946,30.256199046360535,0,Critical
discharge,[2010.      8.      6.      8.     33.     24.75],4,B0046,118,671,00671.csv,1.1579256145829,,,671,69.1585936341649,30.8414063658351,0,Critical
discharge,[2010    8    6   12   51   21],4,B0046,120,673,00673.csv,1.14998128133769,,,673,68.68410813381799,31.315891866182014,0,Critical
discharge,[2010.       8.       6.      18.      20.      37.375],4,B0046,124,677,00677.csv,1.15028590222303,,,677,68.70230200720363,31.297697992796373,0,Critical
discharge,[2010.       8.       6.      22.      37.      51.968],4,B0046,126,679,00679.csv,1.13494522740852,,,679,67.78606051275088,32.21393948724912,0,Critical
discharge,[2.0100e+03 8.0000e+00 7.0000e+00 2.0000e+00 5.4000e+01 4.6296e+01],4,B0046,128,681,00681.csv,1.13809609635136,,,681,67.97425020478983,32.025749795210174,0,Critical
discharge,[2010.       8.       7.       7.      11.       8.671],4,B0046,130,683,00683.csv,1.12371117215054,,,683,67.11509214253284,32.884907857467155,0,Critical
discharge,[2010.       8.       7.      11.      26.      50.984],4,B0046,132,685,00685.csv,0.0,,,685,0.0,100.0,0,Emergency
discharge,[2010.       8.      10.      15.      39.      28.921],4,B0046,136,689,00689.csv,1.21411921135409,,,689,72.51482833093402,27.485171669065977,0,Warning
discharge,[2010.      8.     10.     21.     13.     49.64],4,B0046,140,693,00693.csv,1.21194479752281,,,693,72.38495867380223,27.61504132619777,0,Warning
discharge,[2.010e+03 8.000e+00 1.100e+01 1.000e+00 3.500e+01 2.781e+00],4,B0046,142,695,00695.csv,1.19712486793319,,,695,71.49981935633006,28.500180643669935,0,Warning
discharge,[2010.       8.      11.       5.      54.      59.281],4,B0046,144,697,00697.csv,1.18228921518709,,,697,70.613740953155,29.386259046844998,0,Warning
discharge,[2010.       8.      11.      10.      14.       4.421],4,B0046,146,699,00699.csv,1.16453366767783,,,699,69.5532680872988,30.446731912701196,0,Critical
discharge,[2010.       8.      11.      14.      32.      46.656],4,B0046,148,701,00701.csv,1.15355595675186,,,701,68.89761021135142,31.10238978864858,0,Critical
discharge,[2010.       8.      12.      12.      34.      22.109],4,B0046,152,705,00705.csv,1.1601987101282,,,705,69.29435718333352,30.705642816666483,0,Critical
discharge,[2010.       8.      12.      18.       4.      47.218],4,B0046,156,709,00709.csv,1.1711716308206,,,709,69.94972895643224,30.05027104356776,0,Critical
discharge,[2010.       8.      12.      22.      24.      12.484],4,B0046,158,711,00711.csv,1.15634102707832,,,711,69.06395211149119,30.93604788850881,0,Critical
discharge,[2.0100e+03 8.0000e+00 1.3000e+01 2.0000e+00 4.2000e+01 3.2031e+01],4,B0046,160,713,00713.csv,1.14108245619351,,,713,68.15261437962764,31.847385620372364,0,Critical
discharge,[2010.       8.      13.       6.      59.      39.343],4,B0046,162,715,00715.csv,1.13523835961181,,,715,67.8035682098543,32.196431790145695,0,Critical
discharge,[2010.       8.      13.      11.      16.      29.328],4,B0046,164,717,00717.csv,0.0,,,717,0.0,100.0,0,Emergency
discharge,[2010.       8.      16.      10.      57.       7.937],4,B0046,168,721,00721.csv,1.25308478582828,,,721,74.84209728227596,25.157902717724042,0,Warning
discharge,[2010.       8.      16.      16.      33.      48.968],4,B0046,172,725,00725.csv,1.20504535903565,,,725,71.97288085409765,28.027119145902347,0,Warning
discharge,[2010.       8.      16.      20.      54.      56.609],4,B0046,174,727,00727.csv,1.19119860196273,,,727,71.14586551434112,28.854134485658875,0,Warning
discharge,[2.0100e+03 8.0000e+00 1.7000e+01 1.0000e+00 1.4000e+01 4.2109e+01],4,B0046,176,729,00729.csv,1.17463817374538,,,729,70.15677268223892,29.843227317761077,0,Warning
discharge,[2010.       8.      17.       5.      33.      53.718],4,B0046,178,731,00731.csv,1.15554320482355,,,731,69.01630115324737,30.98369884675263,0,Critical
discharge,[2010.       8.      17.       9.      52.       5.375],4,B0046,180,733,00733.csv,1.15380411702294,,,733,68.91243190207803,31.087568097921974,0,Critical
discharge,[2010.       6.       3.      20.      31.       2.968],22,B0043,2,739,00739.csv,1.71378264212688,,,739,102.35786809745271,-2.357868097452709,0,Healthy
discharge,[2010.       6.       4.       0.      29.      30.921],22,B0043,4,741,00741.csv,1.69556816586471,,,741,101.26998512275203,-1.2699851227520327,0,Healthy
discharge,[2010.       6.       4.       4.      26.      46.875],22,B0043,6,743,00743.csv,1.68149063720519,,,743,100.42918665376943,-0.42918665376943466,0,Healthy
discharge,[2010.     6.     4.     8.    23.    18.5],22,B0043,8,745,00745.csv,1.67863724095329,,,745,100.25876390003019,-0.2587639000301891,0,Healthy
discharge,[2010.       6.       4.      12.      19.      17.125],22,B0043,10,747,00747.csv,1.66941685508649,,,747,99.70806451892884,0.29193548107116385,0,Healthy
discharge,[2010.      6.      4.     17.     26.      7.75],22,B0043,14,751,00751.csv,0.0,,,751,0.0,100.0,0,Emergency
discharge,[2.01e+03 6.00e+00 4.00e+00 2.10e+01 8.00e+00 4.37e-01],22,B0043,16,753,00753.csv,1.66119385212247,,,753,99.21693511192798,0.783064888072019,0,Healthy
discharge,[2.0100e+03 6.0000e+00 5.0000e+00 1.0000e+00 2.0000e+00 3.3453e+01],22,B0043,18,755,00755.csv,1.65064233820643,,,755,98.58673239946143,1.4132676005385747,0,Healthy
discharge,[2010.       6.       5.       4.      56.      47.468],22,B0043,20,757,00757.csv,1.64242731909077,,,757,98.09607983805189,1.9039201619481076,0,Healthy
discharge,[2010.      6.      5.      8.     50.     47.75],22,B0043,22,759,00759.csv,1.63536648010413,,,759,97.67436216634358,2.3256378336564154,0,Healthy
discharge,[2010.       6.       5.      13.      56.       3.921],22,B0043,26,763,00763.csv,1.63323287593084,,,763,97.54692991841817,2.453070081581828,0,Healthy
discharge,[2010.       6.       5.      17.      49.      52.625],22,B0043,28,765,00765.csv,1.62588405543879,,,765,97.1080121816487,2.8919878183512964,0,Healthy
discharge,[2010.       6.       5.      21.      43.      27.734],22,B0043,30,767,00767.csv,1.61797617465477,,,767,96.63570385133643,3.36429614866357,0,Healthy
discharge,[2.0100e+03 6.0000e+00 6.0000e+00 1.0000e+00 3.6000e+01 5.8156e+01],22,B0043,32,769,00769.csv,1.61366527072739,,,769,96.37822958083504,3.6217704191649602,0,Healthy
discharge,[2010.       6.       6.       5.      30.      11.906],22,B0043,34,771,00771.csv,1.60582102661969,,,771,95.90972203269946,4.090277967300537,0,Healthy
discharge,[2010.       6.       6.      10.      34.      53.031],22,B0043,38,775,00775.csv,1.60335279619615,,,775,95.76230380245454,4.237696197545461,0,Healthy
discharge,[2010.       6.       6.      14.      28.      10.546],22,B0043,40,777,00777.csv,1.59513424061826,,,777,95.27144002129893,4.728559978701071,0,Healthy
discharge,[2010.       6.       6.      18.      21.      14.171],22,B0043,42,779,00779.csv,1.58781355447285,,,779,94.83420264449555,5.165797355504452,0,Healthy
discharge,[2010.       6.       6.      22.      14.       8.156],22,B0043,44,781,00781.csv,1.58006019690842,,,781,94.37112341181795,5.628876588182052,0,Healthy
discharge,[2.010e+03 6.000e+00 7.000e+00 2.000e+00 6.000e+00 5.764e+01],22,B0043,46,783,00783.csv,1.57556508787912,,,783,94.10264725516033,5.897352744839665,0,Healthy
discharge,[2010.       6.       7.      13.      57.      40.859],22,B0043,50,787,00787.csv,1.59501690121642,,,787,95.2644317749082,4.7355682250917965,0,Healthy
discharge,[2.0100e+03 6.0000e+00 7.0000e+00 1.9000e+01 2.0000e+00 4.3281e+01],22,B0043,54,791,00791.csv,1.58980755225775,,,791,94.95329672167682,5.046703278323179,0,Healthy
discharge,[2010.       6.       7.      22.      55.      54.203],22,B0043,56,793,00793.csv,1.58079532020974,,,793,94.41502959458712,5.584970405412875,0,Healthy
discharge,[2.010e+03 6.000e+00 8.000e+00 2.000e+00 4.900e+01 1.156e+00],22,B0043,58,795,00795.csv,1.57043332891876,,,795,93.79614636417186,6.203853635828139,0,Healthy
discharge,[2010.       6.       8.       6.      41.      51.625],22,B0043,60,797,00797.csv,1.56433684318978,,,797,93.43202592861272,6.567974071387283,0,Healthy
discharge,[2010.     6.     8.    10.    34.    18.5],22,B0043,62,799,00799.csv,1.55830701780249,,,799,93.07188686752565,6.928113132474351,0,Healthy
discharge,[2010.       6.       8.      15.      38.       9.593],22,B0043,66,803,00803.csv,1.55371492897724,,,803,92.7976184680725,7.2023815319275,0,Healthy
discharge,[2010.      6.      8.     19.     30.     45.25],22,B0043,68,805,00805.csv,1.54952825058551,,,805,92.54756372714262,7.452436272857383,0,Healthy
discharge,[2010.       6.       8.      23.      23.      11.562],22,B0043,70,807,00807.csv,1.5424430535161,,,807,92.12439123767507,7.87560876232493,0,Healthy
discharge,[2010.       6.       9.       3.      15.      28.281],22,B0043,72,809,00809.csv,1.54256227031715,,,809,92.13151161414342,7.86848838585658,0,Healthy
discharge,[2010.       6.       9.       7.       7.      20.406],22,B0043,74,811,00811.csv,1.53093564525201,,,811,91.43709650829358,8.562903491706422,0,Healthy
discharge,[2010.       6.       9.      12.      10.      47.421],22,B0043,78,815,00815.csv,1.52477331769524,,,815,91.0690435850557,8.930956414944305,0,Healthy
discharge,[2.0100e+03 6.0000e+00 9.0000e+00 1.6000e+01 2.0000e+00 4.7125e+01],22,B0043,80,817,00817.csv,1.51967424087795,,,817,90.76449467701259,9.235505322987407,0,Healthy
discharge,[2010.      6.      9.     19.     54.     38.39],22,B0043,82,819,00819.csv,1.51236969257886,,,819,90.32822115379507,9.67177884620493,0,Healthy
discharge,[2010.       6.       9.      23.      46.      17.078],22,B0043,84,821,00821.csv,1.49991448620239,,,821,89.58431796556634,10.415682034433658,0,Healthy
discharge,[2010.     6.    10.     3.    37.    32.5],22,B0043,86,823,00823.csv,1.49241062711882,,,823,89.13614034991217,10.863859650087832,0,Healthy
discharge,[2010.       6.      10.       8.      40.      12.437],22,B0043,90,827,00827.csv,1.4926249879527,,,827,89.14894332586734,10.851056674132664,0,Healthy
discharge,[2010.       6.      10.      12.      31.      31.375],22,B0043,92,829,00829.csv,1.4924024018806,,,829,89.13564908700162,10.864350912998376,0,Healthy
discharge,[2010.       6.      10.      16.      22.      38.906],22,B0043,94,831,00831.csv,1.48530202017516,,,831,88.7115696756563,11.288430324343693,0,Healthy
discharge,[2010.       6.      10.      20.      13.      46.031],22,B0043,96,833,00833.csv,1.47720812710158,,,833,88.22815152258632,11.771848477413684,0,Healthy
discharge,[2010.       6.      11.       0.       4.      38.656],22,B0043,98,835,00835.csv,1.46947385251814,,,835,87.76621204544308,12.233787954556917,0,Healthy
discharge,[2010.       6.      11.      12.      17.      20.515],4,B0043,102,839,00839.csv,0.0570343910426537,,,839,3.4064522138684814,96.59354778613152,0,Emergency
discharge,[2010.       6.      11.      16.      49.      19.671],4,B0043,106,843,00843.csv,0.0571536334895882,,,843,3.4135741220702074,96.5864258779298,0,Emergency
discharge,[2010.      6.     11.     20.      8.     56.89],4,B0043,108,845,00845.csv,0.0572936600593766,,,845,3.4219373886877005,96.5780626113123,0,Emergency
discharge,[2010.       6.      11.      23.      28.      14.921],4,B0043,110,847,00847.csv,0.0574420318527805,,,847,3.4307990844974863,96.56920091550252,0,Emergency
discharge,[2010.      6.     16.     10.     39.     50.39],4,B0043,112,849,00849.csv,0.0671306210772112,,,849,4.009462512115082,95.99053748788492,0,Emergency
discharge,[2010.       6.      16.      14.      46.      51.593],4,B0043,115,852,00852.csv,0.0671478192023473,,,852,4.010489692214199,95.9895103077858,0,Emergency
discharge,[2010.       6.      16.      18.       7.      22.875],4,B0043,117,854,00854.csv,0.0673200121169029,,,854,4.020774135061353,95.97922586493864,0,Emergency
discharge,[2010.       6.      16.      21.      27.      32.859],4,B0043,119,856,00856.csv,0.0678403805161331,,,856,4.051853805645707,95.9481461943543,0,Emergency
discharge,[2010.       6.      17.       0.      47.      36.281],4,B0043,121,858,00858.csv,0.0679960492721063,,,858,4.061151321911261,95.93884867808873,0,Emergency
discharge,[2010.       6.      17.       3.      38.      47.796],4,B0043,123,860,00860.csv,0.0682801114788655,,,860,4.07811730182972,95.92188269817028,0,Emergency
discharge,[2010.      6.     17.      8.     10.     30.89],4,B0043,127,864,00864.csv,0.0684463294312597,,,864,4.088044882392375,95.91195511760762,0,Emergency
discharge,[2010.       6.      17.      11.      30.      34.546],4,B0043,129,866,00866.csv,0.0685136191478808,,,866,4.092063847090063,95.90793615290994,0,Emergency
discharge,[2010.       6.      17.      14.      50.      30.921],4,B0043,131,868,00868.csv,0.0688740243561668,,,868,4.113589510767921,95.88641048923208,0,Emergency
discharge,[2010.       6.      17.      18.      10.       6.218],4,B0043,133,870,00870.csv,0.0565443893216957,,,870,3.3771862321223374,96.62281376787766,0,Emergency
discharge,[2010.       6.      17.      21.      29.      54.875],4,B0043,135,872,00872.csv,0.0691835316418984,,,872,4.132075230689089,95.86792476931092,0,Emergency
discharge,[2.0100e+03 6.0000e+00 1.8000e+01 2.0000e+00 1.0000e+00 1.1046e+01],4,B0043,139,876,00876.csv,0.0591220864554366,,,876,3.5311425021445304,96.46885749785547,0,Emergency
discharge,[2010.       6.      18.       5.      20.      59.203],4,B0043,141,878,00878.csv,0.0695612008414022,,,878,4.154632008402337,95.84536799159767,0,Emergency
discharge,[2010.       6.      18.       8.      40.      33.875],4,B0043,143,880,00880.csv,0.0701789780437661,,,880,4.19152954478694,95.80847045521305,0,Emergency
discharge,[2010.       6.      18.      12.       0.       2.609],4,B0043,145,882,00882.csv,0.0702814818386252,,,882,4.197651715507876,95.80234828449213,0,Emergency
discharge,[2010.       6.      18.      15.      19.      35.359],4,B0043,147,884,00884.csv,0.0578736420287837,,,884,3.4565775562703287,96.54342244372967,0,Emergency
discharge,[2010.       6.      18.      19.      50.      33.234],4,B0043,151,888,00888.csv,0.0705661855429337,,,888,4.214656009690888,95.78534399030912,0,Emergency
discharge,[2010    6   18   23    9   59],4,B0043,153,890,00890.csv,0.057989410208958,,,890,3.4634919594302627,96.53650804056974,0,Emergency
discharge,[2.0100e+03 6.0000e+00 1.9000e+01 2.0000e+00 2.9000e+01 1.6281e+01],4,B0043,155,892,00892.csv,0.0712926644680078,,,892,4.258045895992939,95.74195410400706,0,Emergency
discharge,[2010.       6.      19.       5.      42.      11.468],4,B0043,157,894,00894.csv,0.0714654655766428,,,894,4.268366664012157,95.73163333598784,0,Emergency
discharge,[2010.       6.      19.       8.      49.      37.406],4,B0043,159,896,00896.csv,0.0716254973792324,,,896,4.277924768837245,95.72207523116276,0,Emergency
discharge,[2010.       6.      21.      15.      19.      37.906],4,B0043,163,900,00900.csv,0.0719259635627201,,,900,4.295870497321816,95.70412950267819,0,Emergency
discharge,[2010.       6.      21.      19.      51.      35.109],4,B0043,167,904,00904.csv,0.0588400951113647,,,904,3.514300207158211,96.48569979284179,0,Emergency
discharge,[2010.       6.      21.      23.      11.      45.359],4,B0043,169,906,00906.csv,0.0721385348010396,,,906,4.308566587385031,95.69143341261497,0,Emergency
discharge,[2.0100e+03 6.0000e+00 2.2000e+01 2.0000e+00 3.1000e+01 3.5687e+01],4,B0043,171,908,00908.csv,0.0723183571187791,,,908,4.319306706130378,95.68069329386962,0,Emergency
discharge,[2010.       6.      22.       5.      44.      45.062],4,B0043,173,910,00910.csv,0.0593817062666809,,,910,3.546648628616817,96.45335137138318,0,Emergency
discharge,[2010.       6.      22.       9.       4.      54.281],4,B0043,175,912,00912.csv,0.0729448848562527,,,912,4.356726879456518,95.64327312054348,0,Emergency
discharge,[2010.       6.      22.      13.      36.       7.203],4,B0043,179,916,00916.csv,0.0730691773407958,,,916,4.364150407636602,95.6358495923634,0,Emergency
discharge,[2010.       6.      22.      16.      55.      44.609],4,B0043,181,918,00918.csv,0.0731705412812827,,,918,4.3702044990920506,95.62979550090795,0,Emergency
discharge,[2010.       6.      22.      20.      15.       9.718],4,B0043,183,920,00920.csv,0.0734743029330489,,,920,4.388347053649589,95.6116529463504,0,Emergency
discharge,[2010.       6.      22.      23.      34.      40.078],4,B0043,185,922,00922.csv,0.0601069759183187,,,922,3.5899662895106723,96.41003371048933,0,Emergency
discharge,[2.010e+03 6.000e+00 2.300e+01 2.000e+00 5.400e+01 2.359e+00],4,B0043,187,924,00924.csv,0.0738316250995573,,,924,4.409688578699914,95.59031142130009,0,Emergency
discharge,[2010.       6.      23.       7.      24.      51.046],4,B0043,191,928,00928.csv,0.0604952153074282,,,928,3.613154385365925,96.38684561463407,0,Emergency
discharge,[2010.      6.     23.     10.     44.     16.39],4,B0043,193,930,00930.csv,0.0606040102376181,,,930,3.6196523022197384,96.38034769778027,0,Emergency
discharge,[2010.      6.     23.     14.      3.     18.14],4,B0043,195,932,00932.csv,0.0607343843223521,,,932,3.6274390617775127,96.37256093822249,0,Emergency
discharge,[2010.       6.      23.      17.      19.      43.093],4,B0043,197,934,00934.csv,0.0609965304823779,,,934,3.6430960776735737,96.35690392232642,0,Emergency
discharge,[2010.       6.      23.      20.      32.      31.953],4,B0043,199,936,00936.csv,0.0611304592598731,,,936,3.651095145819283,96.34890485418072,0,Emergency
discharge,[2010.       6.      23.      23.      10.       5.078],4,B0043,203,940,00940.csv,0.0612912441098759,,,940,3.660698227367729,96.33930177263227,0,Emergency
discharge,[2010.       6.      24.       0.      22.      53.234],4,B0043,205,942,00942.csv,0.0613032906580409,,,942,3.661417722919728,96.33858227708028,0,Emergency
discharge,[2.010e+03 6.000e+00 2.400e+01 1.000e+00 1.800e+01 4.437e+00],4,B0043,207,944,00944.csv,0.0611516615740909,,,944,3.6523614812510465,96.34763851874895,0,Emergency
discharge,[2.0100e+03 6.0000e+00 2.4000e+01 2.0000e+00 1.7000e+01 4.2484e+01],4,B0043,209,946,00946.csv,0.0614053871920573,,,946,3.667515569464076,96.33248443053593,0,Emergency
discharge,[2010.     6.    24.     3.    12.    12.5],4,B0043,211,948,00948.csv,0.0617578076594285,,,948,3.6885643342416534,96.31143566575835,0,Emergency
discharge,[2010.       6.      25.      18.      45.       5.406],4,B0043,215,952,00952.csv,1.52508405165181,,,952,91.08760256946724,8.912397430532764,0,Healthy
discharge,[2010.       6.      26.       0.      33.      10.328],4,B0043,219,956,00956.csv,1.5525688113013,,,956,92.72916511873035,7.27083488126965,0,Healthy
discharge,[2010.       6.      26.       5.      11.       6.265],4,B0043,221,958,00958.csv,1.54277526267743,,,958,92.14423285625627,7.8557671437437335,0,Healthy
discharge,[2010.       6.      26.       9.      48.      28.984],4,B0043,223,960,00960.csv,1.53319328312646,,,960,91.57193682822935,8.428063171770646,0,Healthy
discharge,[2010.      6.     26.     14.     25.     15.64],4,B0043,225,962,00962.csv,1.5152721949172,,,962,90.50157683157907,9.498423168420928,0,Healthy
discharge,[2.0100e+03 6.0000e+00 2.6000e+01 1.9000e+01 1.0000e+00 1.0906e+01],4,B0043,227,964,00964.csv,1.50749897619977,,,964,90.03731136604493,9.962688633955068,0,Healthy
discharge,[2010.       6.      27.       0.      48.      32.265],4,B0043,231,968,00968.csv,1.48962889086476,,,968,88.96999758152607,11.030002418473927,0,Healthy
discharge,[2010.       6.      27.       5.      23.      33.859],4,B0043,233,970,00970.csv,1.4780778852088,,,970,88.28009894195394,11.719901058046062,0,Healthy
discharge,[2010.       6.      27.       9.      58.      20.953],4,B0043,235,972,00972.csv,1.47000353453344,,,972,87.79784798370208,12.202152016297916,0,Healthy
discharge,[2010.       6.      27.      14.      32.      41.171],4,B0043,237,974,00974.csv,1.4565623180137,,,974,86.99505407403252,13.004945925967476,0,Healthy
discharge,[2010.       6.      27.      19.       6.      37.984],4,B0043,239,976,00976.csv,1.44597696283023,,,976,86.36283014843036,13.637169851569638,0,Healthy
discharge,[2010.       6.      28.       0.      51.      57.734],4,B0043,243,980,00980.csv,1.43258559924692,,,980,85.5630137693799,14.436986230620093,0,Healthy
discharge,[2010.      6.     28.      5.     24.     57.14],4,B0043,245,982,00982.csv,1.41973448546629,,,982,84.79546450325441,15.204535496745592,0,Warning
discharge,[2010.       6.      28.       9.      57.      41.468],4,B0043,247,984,00984.csv,1.40126257507157,,,984,83.69220594454697,16.30779405545303,0,Warning
discharge,[2010.       6.      28.      14.      29.      46.171],4,B0043,249,986,00986.csv,1.38629453085359,,,986,82.79822029077735,17.20177970922265,0,Warning
discharge,[2.010e+03 6.000e+00 2.800e+01 1.900e+01 1.000e+00 9.578e+00],4,B0043,251,988,00988.csv,1.38413025605247,,,988,82.66895620023624,17.331043799763762,0,Warning
discharge,[2.01e+03 6.00e+00 2.90e+01 0.00e+00 4.40e+01 7.80e-02],4,B0043,255,992,00992.csv,1.36517432018714,,,992,81.53678859900576,18.46321140099424,0,Warning
discharge,[2010.       6.      29.       5.      14.      48.968],4,B0043,257,994,00994.csv,1.36150833219289,,,994,81.31783276041902,18.682167239580977,0,Warning
discharge,[2010.       6.      29.       9.      44.      58.609],4,B0043,259,996,00996.csv,1.35100166387971,,,996,80.6903085091467,19.309691490853297,0,Warning
discharge,[2010.       6.      29.      14.      14.      43.546],4,B0043,261,998,00998.csv,1.32825880672651,,,998,79.3319621731391,20.668037826860896,0,Warning
discharge,[2.010e+03 6.000e+00 2.900e+01 1.800e+01 4.400e+01 1.531e+00],4,B0043,263,1000,01000.csv,1.32572066874214,,,1000,79.18036862409087,20.819631375909125,0,Warning
discharge,[2010.       6.      30.       0.      24.      32.875],4,B0043,267,1004,01004.csv,1.31429097159784,,,1004,78.49771529108817,21.50228470891183,0,Warning
discharge,[2010.     6.    30.     4.    53.    18.5],4,B0043,269,1006,01006.csv,1.3003260094811,,,1006,77.66364000336252,22.336359996637484,0,Warning
discharge,[2010.       6.      30.       9.      21.      28.343],4,B0043,271,1008,01008.csv,1.28810714015568,,,1008,76.93385234886792,23.066147651132084,0,Warning
discharge,[2010.       6.      30.      13.      49.       7.171],4,B0043,273,1010,01010.csv,1.27678015012015,,,1010,76.25733332977043,23.742666670229568,0,Warning
discharge,[2.009e+03 4.000e+00 7.000e+00 1.600e+01 3.100e+01 1.890e+00],43,B0032,1,1013,01013.csv,1.70486410735121,,,1013,101.82519716022252,-1.8251971602225154,0,Healthy
discharge,[2009.       4.       7.      19.      44.      26.578],43,B0032,3,1015,01015.csv,1.89403195269485,,,1015,113.1234895375648,-13.123489537564794,0,Healthy
discharge,[2009    4    7   22   58   18],43,B0032,5,1017,01017.csv,1.8747686491853,,,1017,111.97296400924886,-11.972964009248855,0,Healthy
discharge,[2.0090e+03 4.0000e+00 8.0000e+00 2.0000e+00 1.1000e+01 3.0218e+01],43,B0032,7,1019,01019.csv,1.86549471841123,,,1019,111.419066589831,-11.419066589831004,0,Healthy
discharge,[2009.       4.       8.       5.      23.      26.343],43,B0032,9,1021,01021.csv,1.8527398169018,,,1021,110.65726372510017,-10.657263725100165,0,Healthy
discharge,[2009.       4.       9.      10.      24.      58.296],43,B0032,13,1025,01025.csv,1.84417439700386,,,1025,110.14568302719756,-10.145683027197563,0,Healthy
discharge,[2009.       4.       9.      13.      33.      59.843],43,B0032,15,1027,01027.csv,1.84302384775127,,,1027,110.07696499625166,-10.076964996251661,0,Healthy
discharge,[2009.       4.       9.      16.      42.      43.421],43,B0032,17,1029,01029.csv,1.83028181749118,,,1029,109.31593088340907,-9.315930883409067,0,Healthy
discharge,[2009.       4.       9.      19.      50.      50.062],43,B0032,19,1031,01031.csv,1.81738384560818,,,1031,108.5455829569729,-8.545582956972893,0,Healthy
discharge,[2009.       4.       9.      22.      58.      17.875],43,B0032,21,1033,01033.csv,1.80579929811046,,,1033,107.85368098784762,-7.853680987847625,0,Healthy
discharge,[2009.       4.      10.      12.      49.       4.718],43,B0032,25,1037,01037.csv,1.81498296050491,,,1037,108.40218701242495,-8.402187012424946,0,Healthy
discharge,[2009.       4.      10.      15.      54.      20.093],43,B0032,27,1039,01039.csv,1.79951503693217,,,1039,107.47834542255153,-7.478345422551527,0,Healthy
discharge,[2009.       4.      10.      18.      59.       6.625],43,B0032,29,1041,01041.csv,1.78665169425181,,,1041,106.71006576969275,-6.710065769692747,0,Healthy
discharge,[2009.       4.      10.      22.       3.      26.625],43,B0032,31,1043,01043.csv,1.7735550719416,,,1043,105.9278531915055,-5.9278531915055055,0,Healthy
discharge,[2.0090e+03 4.0000e+00 1.1000e+01 1.0000e+00 8.0000e+00 2.7484e+01],43,B0032,33,1045,01045.csv,1.76999533336444,,,1045,105.71524323573529,-5.7152432357352865,0,Healthy
discharge,[2009.       4.      13.       9.      51.      27.484],43,B0032,37,1049,01049.csv,1.79952608037428,,,1049,107.4790050063068,-7.4790050063068065,0,Healthy
discharge,[2009.       4.      13.      12.      55.      24.468],43,B0032,39,1051,01051.csv,1.79685306844498,,,1051,107.3193559377746,-7.319355937774603,0,Healthy
discharge,[2009.       4.      13.      15.      59.      56.875],43,B0032,41,1053,01053.csv,1.78382655040817,,,1053,106.5413304273014,-6.5413304273014035,0,Healthy
discharge,[2009.       4.      13.      19.       4.      39.468],43,B0032,43,1055,01055.csv,1.76964444910401,,,1055,105.69428622288912,-5.694286222889119,0,Healthy
discharge,[2009.       4.      13.      22.       9.      45.531],43,B0032,45,1057,01057.csv,1.75129404570496,,,1057,104.59828482546341,-4.598284825463409,0,Healthy
discharge,[2009.       4.      14.      10.      33.      23.937],43,B0032,49,1061,01061.csv,1.76975542979619,,,1061,105.70091468718341,-5.700914687183413,0,Healthy
discharge,[2009.       4.      14.      13.      36.      17.437],43,B0032,51,1063,01063.csv,1.75477269339149,,,1063,104.80605152370319,-4.806051523703189,0,Healthy
discharge,[2009.       4.      14.      16.      39.      25.031],43,B0032,53,1065,01065.csv,1.73891663558129,,,1065,103.85902811829173,-3.8590281182917323,0,Healthy
discharge,[2009.       4.      14.      19.      42.      47.234],43,B0032,55,1067,01067.csv,1.7337200518764,,,1067,103.54865548622773,-3.54865548622773,0,Healthy
discharge,[2009.       4.      14.      22.      45.      53.781],43,B0032,57,1069,01069.csv,1.71509725975,,,1069,102.43638532242525,-2.4363853224252523,0,Healthy
discharge,[2009.      4.     15.     14.     58.     30.25],43,B0032,61,1073,01073.csv,1.74629261488156,,,1073,104.29956794974294,-4.299567949742936,0,Healthy
discharge,[2.0090e+03 4.0000e+00 1.5000e+01 1.8000e+01 1.0000e+00 4.3843e+01],43,B0032,63,1075,01075.csv,1.71914926191456,,,1075,102.67839635281817,-2.6783963528181687,0,Healthy
discharge,[2.0090e+03 4.0000e+00 1.5000e+01 2.1000e+01 2.0000e+00 5.8328e+01],43,B0032,65,1077,01077.csv,1.71158224619149,,,1077,102.22644662580255,-2.226446625802552,0,Healthy
discharge,[2.009e+03 4.000e+00 1.600e+01 0.000e+00 5.000e+00 8.120e-01],43,B0032,67,1079,01079.csv,1.69510511952259,,,1079,101.24232908560667,-1.24232908560667,0,Healthy
discharge,[2009.       4.      16.       3.       6.      43.062],43,B0032,69,1081,01081.csv,1.70051243711009,,,1081,101.56528806930571,-1.5652880693057085,0,Healthy
discharge,[2009.      4.     16.     10.     13.     36.39],43,B0032,73,1085,01085.csv,1.70809893512501,,,1085,102.01840140120939,-2.0184014012093883,0,Healthy
discharge,[2009.       4.      16.      13.      14.      46.296],43,B0032,75,1087,01087.csv,1.69143543058712,,,1087,101.02315220355507,-1.023152203555071,0,Healthy
discharge,[2009.       4.      16.      16.      16.      19.734],43,B0032,77,1089,01089.csv,1.68444943288899,,,1089,100.60590452386866,-0.6059045238686593,0,Healthy
discharge,[2009.       4.      16.      19.      17.      26.531],43,B0032,79,1091,01091.csv,1.66403758168807,,,1091,99.38678051041985,0.6132194895801462,0,Healthy
discharge,[2009.      4.     16.     22.     17.     17.75],43,B0032,81,1093,01093.csv,1.66863720142319,,,1093,99.66149870313161,0.3385012968683867,0,Healthy
discharge,[2009.       4.      17.       9.      45.      34.062],43,B0032,85,1097,01097.csv,1.68993440756259,,,1097,100.93350167671498,-0.9335016767149824,0,Healthy
discharge,[2009.       4.      17.      12.      46.      29.125],43,B0032,87,1099,01099.csv,1.66943171284644,,,1099,99.70895191771314,0.2910480822868635,0,Healthy
discharge,[2009.       4.      17.      15.      46.      53.875],43,B0032,89,1101,01101.csv,1.66342267618392,,,1101,99.35005448989716,0.6499455101028389,0,Healthy
discharge,[2009.       4.      17.      18.      47.      33.937],43,B0032,91,1103,01103.csv,1.64361521959473,,,1103,98.1670287204296,1.8329712795704012,0,Healthy
discharge,[2009.       4.      17.      21.      46.      23.796],43,B0032,93,1105,01105.csv,1.63580008735382,,,1105,97.70025991590579,2.2997400840942106,0,Healthy
discharge,[2010.       4.      14.      16.      43.      39.921],24,B0039,0,1109,01109.csv,0.119038318593417,,,1109,7.109716374537448,92.89028362546256,0,Emergency
discharge,[2010.       4.      14.      21.      10.      11.125],24,B0039,4,1113,01113.csv,0.472986150092751,,,1113,28.249704935178972,71.75029506482103,0,Emergency
discharge,[2010.       4.      15.       0.      37.      31.546],24,B0039,6,1115,01115.csv,0.16280793829202,,,1115,9.72391309333791,90.27608690666209,0,Emergency
discharge,[2010.       4.      15.       4.       4.      41.296],24,B0039,8,1117,01117.csv,0.478763285338876,,,1117,28.59475175323411,71.4052482467659,0,Emergency
discharge,[2010.      4.     15.      7.     31.     40.14],24,B0039,10,1119,01119.csv,0.471138336460715,,,1119,28.13934189416819,71.86065810583182,0,Emergency
discharge,[2010.     4.    15.    10.    58.    27.5],24,B0039,12,1121,01121.csv,0.466817256112067,,,1121,27.881259823844207,72.1187401761558,0,Emergency
discharge,[2.01e+03 4.00e+00 1.60e+01 1.20e+01 1.50e+01 2.81e-01],24,B0039,16,1125,01125.csv,0.469993267662554,,,1125,28.070951190397718,71.92904880960228,0,Emergency
discharge,[2010.       4.      16.      16.      48.      31.734],24,B0039,20,1129,01129.csv,0.462705268431718,,,1129,27.635666081523908,72.36433391847609,0,Emergency
discharge,[2.01e+03 4.00e+00 1.60e+01 2.00e+01 1.50e+01 4.06e-01],24,B0039,22,1131,01131.csv,0.460494478265609,,,1131,27.503623801102105,72.49637619889789,0,Emergency
discharge,[2010.       4.      16.      23.      41.      13.937],24,B0039,24,1133,01133.csv,0.441222724883569,,,1133,26.352593593305517,73.64740640669449,0,Emergency
discharge,[2010.      4.     17.      3.      7.      6.64],24,B0039,26,1135,01135.csv,0.443544219439658,,,1135,26.49124783551806,73.50875216448193,0,Emergency
discharge,[2010.       4.      17.       6.      32.      52.968],24,B0039,28,1137,01137.csv,0.412665554116423,,,1137,24.64697991350285,75.35302008649715,0,Emergency
discharge,[2010.       4.      21.      13.      51.      46.531],44,B0039,32,1141,01141.csv,1.74617910063896,,,1141,104.29278816589775,-4.292788165897747,0,Healthy
discharge,[2010    4   21   19   29   11],44,B0039,36,1145,01145.csv,1.76952507345053,,,1145,105.68715635875547,-5.687156358755473,0,Healthy
discharge,[2010.       4.      21.      23.      57.       8.859],44,B0039,38,1147,01147.csv,1.77153914195019,,,1147,105.80744918513841,-5.80744918513841,0,Healthy
discharge,[2010.       4.      22.       4.      30.      34.312],44,B0039,40,1149,01149.csv,1.77062548395827,,,1149,105.75287978880759,-5.75287978880759,0,Healthy
discharge,[2010.       4.      22.       8.      59.      11.468],44,B0039,42,1151,01151.csv,1.77040406394472,,,1151,105.73965519428552,-5.739655194285518,0,Healthy
discharge,[2010.       4.      22.      13.      28.      29.546],44,B0039,44,1153,01153.csv,1.76950817888017,,,1153,105.68614730885501,-5.686147308855013,0,Healthy
discharge,[2010.       4.      23.      16.      52.      59.406],44,B0039,48,1157,01157.csv,1.76383562742694,,,1157,105.34734689207338,-5.347346892073375,0,Healthy
discharge,[2010    4   23   22   31    1],44,B0039,52,1161,01161.csv,1.77157258697861,,,1161,105.80944673239054,-5.8094467323905405,0,Healthy
discharge,[2.0100e+03 4.0000e+00 2.4000e+01 2.0000e+00 5.8000e+01 5.5031e+01],44,B0039,54,1163,01163.csv,1.77011964544896,,,1163,105.72266793454914,-5.722667934549136,0,Healthy
discharge,[2010.       4.      24.       7.      27.      28.203],44,B0039,56,1165,01165.csv,1.76675697528605,,,1165,105.5218281427753,-5.5218281427753055,0,Healthy
discharge,[2010.      4.     24.     11.     56.     33.14],44,B0039,58,1167,01167.csv,1.76487436290926,,,1167,105.40938670206673,-5.409386702066726,0,Healthy
discharge,[2010.       4.      24.      16.      24.      41.656],44,B0039,60,1169,01169.csv,1.76383868594322,,,1169,105.34752956588409,-5.347529565884088,0,Healthy
discharge,[2010.       4.      24.      22.       5.      41.156],44,B0039,64,1173,01173.csv,1.76572257520567,,,1173,105.4600472702277,-5.4600472702277045,0,Healthy
discharge,[2.0100e+03 4.0000e+00 2.5000e+01 2.0000e+00 3.3000e+01 5.9171e+01],44,B0039,66,1175,01175.csv,1.7645632809383,,,1175,105.39080693204906,-5.39080693204906,0,Healthy
discharge,[2.0100e+03 4.0000e+00 2.5000e+01 7.0000e+00 2.0000e+00 2.6234e+01],44,B0039,68,1177,01177.csv,1.76089919484791,,,1177,105.17196468711161,-5.171964687111611,0,Healthy
discharge,[2010.       4.      25.      11.      31.       4.593],44,B0039,70,1179,01179.csv,1.75983620958177,,,1179,105.10847652765278,-5.108476527652783,0,Healthy
discharge,[2010.       4.      25.      16.       0.      19.781],44,B0039,72,1181,01181.csv,1.75909554001431,,,1181,105.06423908701927,-5.064239087019274,0,Healthy
discharge,[2010.       4.      25.      21.      41.      58.937],44,B0039,76,1185,01185.csv,1.75604954439765,,,1185,104.88231308900089,-4.882313089000888,0,Healthy
discharge,[2.0100e+03 4.0000e+00 2.6000e+01 2.0000e+00 1.9000e+01 2.2218e+01],44,B0039,78,1187,01187.csv,1.75716771999492,,,1187,104.94909756182827,-4.9490975618282675,0,Healthy
discharge,[2010.       4.      26.       6.      50.      42.203],44,B0039,80,1189,01189.csv,1.75589112694599,,,1189,104.87285140335725,-4.872851403357245,0,Healthy
discharge,[2010.      4.     26.     11.     20.     44.75],44,B0039,82,1191,01191.csv,1.75334190722299,,,1191,104.7205959832449,-4.720595983244905,0,Healthy
discharge,[2010.       4.      26.      15.      51.       7.953],44,B0039,84,1193,01193.csv,1.75066738453351,,,1193,104.56085668262173,-4.560856682621733,0,Healthy
discharge,[2010.       4.      26.      21.      35.      15.343],44,B0039,88,1197,01197.csv,1.75100066641624,,,1197,104.58076237086551,-4.580762370865514,0,Healthy
discharge,[2.0100e+03 4.0000e+00 2.7000e+01 2.0000e+00 5.0000e+00 4.1234e+01],44,B0039,90,1199,01199.csv,1.74960588538478,,,1199,104.49745728343282,-4.497457283432823,0,Healthy
discharge,[2010.       4.      27.       6.      36.       5.468],44,B0039,92,1201,01201.csv,1.74773591721833,,,1201,104.38577103441679,-4.385771034416791,0,Healthy
discharge,[2010.       4.      27.      11.       7.      40.968],44,B0039,94,1203,01203.csv,1.7444225468099,,,1203,104.18787573376001,-4.187875733760009,0,Healthy
discharge,[2010.       4.      27.      15.      43.      29.625],44,B0039,96,1205,01205.csv,1.74330836608393,,,1205,104.1213298597488,-4.121329859748798,0,Healthy
discharge,[2010.       4.      28.      13.      22.      57.656],44,B0039,100,1209,01209.csv,1.65566917338884,,,1209,98.88696658313259,1.1130334168674096,0,Healthy
discharge,[2010.       4.      28.      18.       5.      58.859],44,B0039,104,1213,01213.csv,1.64297669457593,,,1213,98.12889199407664,1.871108005923361,0,Healthy
discharge,[2010.       4.      28.      21.      37.      16.375],44,B0039,106,1215,01215.csv,1.63438227293612,,,1215,97.61557912991445,2.384420870085549,0,Healthy
discharge,[2.01e+03 4.00e+00 2.90e+01 1.00e+00 8.00e+00 3.35e+01],44,B0039,108,1217,01217.csv,1.62650670621656,,,1217,97.1452007985801,2.854799201419894,0,Healthy
discharge,[2010.       4.      29.       4.      39.      21.156],44,B0039,110,1219,01219.csv,1.61886599173596,,,1219,96.68884931867193,3.3111506813280727,0,Healthy
discharge,[2010.       4.      29.       8.      11.       8.671],44,B0039,112,1221,01221.csv,1.61149683392092,,,1221,96.2487169091821,3.751283090817907,0,Healthy
discharge,[2.010e+03 5.000e+00 4.000e+00 1.300e+01 2.200e+01 1.921e+00],44,B0039,116,1225,01225.csv,1.32408057734612,,,1225,79.08241206025659,20.917587939743413,0,Warning
discharge,[2010.       5.       4.      17.      26.      38.953],44,B0039,120,1229,01229.csv,1.31533862216976,,,1229,78.56028756625122,21.43971243374878,0,Warning
discharge,[2010.       4.      14.      16.      43.      39.921],24,B0040,0,1231,01231.csv,0.673462813709563,,,1231,40.223430999786764,59.776569000213236,0,Emergency
discharge,[2010.       4.      14.      21.      10.      11.125],24,B0040,4,1235,01235.csv,0.791306210576034,,,1235,47.26177914039128,52.73822085960872,0,Emergency
discharge,[2010.       4.      15.       0.      37.      31.546],24,B0040,6,1237,01237.csv,0.786582403460174,,,1237,46.97964369695901,53.02035630304099,0,Emergency
discharge,[2010.       4.      15.       4.       4.      41.296],24,B0040,8,1239,01239.csv,0.779587142606158,,,1239,46.56184276339719,53.43815723660281,0,Emergency
discharge,[2010.      4.     15.      7.     31.     40.14],24,B0040,10,1241,01241.csv,0.762824152312516,,,1241,45.560651651281546,54.439348348718454,0,Emergency
discharge,[2010.     4.    15.    10.    58.    27.5],24,B0040,12,1243,01243.csv,0.740502151460639,,,1243,44.227441498077944,55.772558501922056,0,Emergency
discharge,[2.01e+03 4.00e+00 1.60e+01 1.20e+01 1.50e+01 2.81e-01],24,B0040,16,1247,01247.csv,0.778397088110065,,,1247,46.490765231074484,53.509234768925516,0,Emergency
discharge,[2010.       4.      16.      16.      48.      31.734],24,B0040,20,1251,01251.csv,0.77331654090256,,,1251,46.187323027760236,53.812676972239764,0,Emergency
discharge,[2.01e+03 4.00e+00 1.60e+01 2.00e+01 1.50e+01 4.06e-01],24,B0040,22,1253,01253.csv,0.758957523640949,,,1253,45.32971229070144,54.67028770929856,0,Emergency
discharge,[2010.       4.      16.      23.      41.      13.937],24,B0040,24,1255,01255.csv,0.740739946225639,,,1255,44.24164409564885,55.75835590435115,0,Emergency
discharge,[2010.      4.     17.      3.      7.      6.64],24,B0040,26,1257,01257.csv,0.744621875261714,,,1257,44.47349729013862,55.52650270986138,0,Emergency
discharge,[2010.       4.      17.       6.      32.      52.968],24,B0040,28,1259,01259.csv,0.714987562982073,,,1259,42.703549950892764,57.296450049107236,0,Emergency
discharge,[2010.       4.      21.      13.      51.      46.531],44,B0040,32,1263,01263.csv,1.70751444485332,,,1263,101.98349196948608,-1.9834919694860815,0,Healthy
discharge,[2010    4   21   19   29   11],44,B0040,36,1267,01267.csv,1.73088085942819,,,1267,103.37908107289577,-3.3790810728957723,0,Healthy
discharge,[2010.       4.      21.      23.      57.       8.859],44,B0040,38,1269,01269.csv,1.73282128452333,,,1269,103.4949754524157,-3.4949754524157015,0,Healthy
discharge,[2010.       4.      22.       4.      30.      34.312],44,B0040,40,1271,01271.csv,1.73177343234315,,,1271,103.43239113594056,-3.4323911359405628,0,Healthy
discharge,[2010.       4.      22.       8.      59.      11.468],44,B0040,42,1273,01273.csv,1.734129639235,,,1273,103.57311861696287,-3.573118616962873,0,Healthy
discharge,[2010.       4.      22.      13.      28.      29.546],44,B0040,44,1275,01275.csv,1.733475692999,,,1275,103.53406083861812,-3.5340608386181174,0,Healthy
discharge,[2010.       4.      23.      16.      52.      59.406],44,B0040,48,1279,01279.csv,1.72430571794578,,,1279,102.98637230806469,-2.986372308064688,0,Healthy
discharge,[2010    4   23   22   31    1],44,B0040,52,1283,01283.csv,1.73189758616872,,,1283,103.4398063825355,-3.439806382535494,0,Healthy
discharge,[2.0100e+03 4.0000e+00 2.4000e+01 2.0000e+00 5.8000e+01 5.5031e+01],44,B0040,54,1285,01285.csv,1.73336912083774,,,1285,103.52769567949176,-3.5276956794917567,0,Healthy
discharge,[2010.       4.      24.       7.      27.      28.203],44,B0040,56,1287,01287.csv,1.73217565015327,,,1287,103.45641411093325,-3.4564141109332525,0,Healthy
discharge,[2010.      4.     24.     11.     56.     33.14],44,B0040,58,1289,01289.csv,1.73348327761028,,,1289,103.53451383926233,-3.534513839262331,0,Healthy
discharge,[2010.       4.      24.      16.      24.      41.656],44,B0040,60,1291,01291.csv,1.73237249574651,,,1291,103.46817096665879,-3.468170966658789,0,Healthy
discharge,[2010.       4.      24.      22.       5.      41.156],44,B0040,64,1295,01295.csv,1.73381752972024,,,1295,103.55447747557281,-3.55447747557281,0,Healthy
discharge,[2.0100e+03 4.0000e+00 2.5000e+01 2.0000e+00 3.3000e+01 5.9171e+01],44,B0040,66,1297,01297.csv,1.73296307863578,,,1297,103.50344428778746,-3.5034442877874596,0,Healthy
discharge,[2.0100e+03 4.0000e+00 2.5000e+01 7.0000e+00 2.0000e+00 2.6234e+01],44,B0040,68,1299,01299.csv,1.73188390845733,,,1299,103.43898946366615,-3.4389894636661467,0,Healthy
discharge,[2010.       4.      25.      11.      31.       4.593],44,B0040,70,1301,01301.csv,1.73069600598126,,,1301,103.36804046350161,-3.3680404635016146,0,Healthy
discharge,[2010.       4.      25.      16.       0.      19.781],44,B0040,72,1303,01303.csv,1.72960116019474,,,1303,103.30264939356724,-3.3026493935672363,0,Healthy
discharge,[2010.       4.      25.      21.      41.      58.937],44,B0040,76,1307,01307.csv,1.72961873810646,,,1307,103.30369925690756,-3.3036992569075636,0,Healthy
discharge,[2.0100e+03 4.0000e+00 2.6000e+01 2.0000e+00 1.9000e+01 2.2218e+01],44,B0040,78,1309,01309.csv,1.73071986171638,,,1309,103.36946527790268,-3.369465277902677,0,Healthy
discharge,[2010.       4.      26.       6.      50.      42.203],44,B0040,80,1311,01311.csv,1.7292745561759,,,1311,103.28314254931594,-3.28314254931594,0,Healthy
discharge,[2010.      4.     26.     11.     20.     44.75],44,B0040,82,1313,01313.csv,1.72979622125995,,,1313,103.31429966606558,-3.3142996660655797,0,Healthy
discharge,[2010.       4.      26.      15.      51.       7.953],44,B0040,84,1315,01315.csv,1.72689420690374,,,1315,103.14097313364066,-3.1409731336406566,0,Healthy
discharge,[2010.       4.      26.      21.      35.      15.343],44,B0040,88,1319,01319.csv,1.7272191689306,,,1319,103.16038190781329,-3.1603819078132886,0,Healthy
discharge,[2.0100e+03 4.0000e+00 2.7000e+01 2.0000e+00 5.0000e+00 4.1234e+01],44,B0040,90,1321,01321.csv,1.72856749811601,,,1321,103.24091259911545,-3.240912599115447,0,Healthy
discharge,[2010.       4.      27.       6.      36.       5.468],44,B0040,92,1323,01323.csv,1.72663638160554,,,1323,103.12557418676336,-3.125574186763359,0,Healthy
discharge,[2010.       4.      27.      11.       7.      40.968],44,B0040,94,1325,01325.csv,1.7262424141835,,,1325,103.10204397678888,-3.1020439767888774,0,Healthy
discharge,[2010.       4.      27.      15.      43.      29.625],44,B0040,96,1327,01327.csv,1.72527259276028,,,1327,103.04412014743276,-3.044120147432764,0,Healthy
discharge,[2010.       4.      28.      13.      22.      57.656],44,B0040,100,1331,01331.csv,1.6668026877455,,,1331,99.55193001896585,0.44806998103415197,0,Healthy
discharge,[2010.       4.      28.      18.       5.      58.859],44,B0040,104,1335,01335.csv,1.66675485376204,,,1335,99.54907307290442,0.4509269270955798,0,Healthy
discharge,[2010.       4.      28.      21.      37.      16.375],44,B0040,106,1337,01337.csv,1.6583274448761,,,1337,99.04573525984325,0.954264740156745,0,Healthy
discharge,[2.01e+03 4.00e+00 2.90e+01 1.00e+00 8.00e+00 3.35e+01],44,B0040,108,1339,01339.csv,1.65032263550715,,,1339,98.56763774537934,1.4323622546206565,0,Healthy
discharge,[2010.       4.      29.       4.      39.      21.156],44,B0040,110,1341,01341.csv,1.64934063412422,,,1341,98.50898645229546,1.49101354770454,0,Healthy
discharge,[2010.       4.      29.       8.      11.       8.671],44,B0040,112,1343,01343.csv,1.64191905503773,,,1343,98.06572311508077,1.9342768849192282,0,Healthy
discharge,[2.010e+03 5.000e+00 4.000e+00 1.300e+01 2.200e+01 1.921e+00],44,B0040,116,1347,01347.csv,0.425812451177779,,,1347,25.43219521573453,74.56780478426546,0,Emergency
discharge,[2010.       5.       4.      17.      26.      38.953],44,B0040,120,1351,01351.csv,0.556990264373657,,,1351,33.26695848755316,66.73304151244685,0,Emergency
discharge,[2.009e+03 4.000e+00 7.000e+00 1.600e+01 3.100e+01 1.890e+00],43,B0029,1,1354,01354.csv,1.69750733220576,,,1354,101.3858043215682,-1.3858043215682017,0,Healthy
discharge,[2009.       4.       7.      19.      44.      26.578],43,B0029,3,1356,01356.csv,1.84470120696117,,,1356,110.17714742810657,-10.177147428106565,0,Healthy
discharge,[2009    4    7   22   58   18],43,B0029,5,1358,01358.csv,1.82543766747229,,,1358,109.02660780562226,-9.026607805622263,0,Healthy
discharge,[2.0090e+03 4.0000e+00 8.0000e+00 2.0000e+00 1.1000e+01 3.0218e+01],43,B0029,7,1360,01360.csv,1.81575042991343,,,1360,108.44802510796583,-8.448025107965833,0,Healthy
discharge,[2009.       4.       8.       5.      23.      26.343],43,B0029,9,1362,01362.csv,1.8132993337127,,,1362,108.30163024117157,-8.301630241171566,0,Healthy
discharge,[2009.       4.       9.      10.      24.      58.296],43,B0029,13,1366,01366.csv,1.81516476196605,,,1366,108.41304533805032,-8.413045338050324,0,Healthy
discharge,[2009.       4.       9.      13.      33.      59.843],43,B0029,15,1368,01368.csv,1.814331795519,,,1368,108.3632953478118,-8.3632953478118,0,Healthy
discharge,[2009.       4.       9.      16.      42.      43.421],43,B0029,17,1370,01370.csv,1.80134360180986,,,1370,107.58755880700146,-7.587558807001457,0,Healthy
discharge,[2009.       4.       9.      19.      50.      50.062],43,B0029,19,1372,01372.csv,1.78815588029458,,,1372,106.79990521185725,-6.799905211857251,0,Healthy
discharge,[2009.       4.       9.      22.      58.      17.875],43,B0029,21,1374,01374.csv,1.77607146045395,,,1374,106.0781477254199,-6.078147725419896,0,Healthy
discharge,[2009.       4.      10.      12.      49.       4.718],43,B0029,25,1378,01378.csv,1.78528074475974,,,1378,106.62818405154009,-6.628184051540089,0,Healthy
discharge,[2009.       4.      10.      15.      54.      20.093],43,B0029,27,1380,01380.csv,1.76981164011119,,,1380,105.70427192039789,-5.704271920397886,0,Healthy
discharge,[2009.       4.      10.      18.      59.       6.625],43,B0029,29,1382,01382.csv,1.75652316805217,,,1382,104.91060086970627,-4.910600869706272,0,Healthy
discharge,[2009.       4.      10.      22.       3.      26.625],43,B0029,31,1384,01384.csv,1.75434132773481,,,1384,104.78028765616078,-4.78028765616078,0,Healthy
discharge,[2.0090e+03 4.0000e+00 1.1000e+01 1.0000e+00 8.0000e+00 2.7484e+01],43,B0029,33,1386,01386.csv,1.73928755069987,,,1386,103.88118149985233,-3.8811814998523317,0,Healthy
discharge,[2009.       4.      13.       9.      51.      27.484],43,B0029,37,1390,01390.csv,1.77978451093313,,,1390,106.29991443132809,-6.299914431328091,0,Healthy
discharge,[2009.       4.      13.      12.      55.      24.468],43,B0029,39,1392,01392.csv,1.76570885084652,,,1392,105.459227565261,-5.459227565261003,0,Healthy
discharge,[2009.       4.      13.      15.      59.      56.875],43,B0029,41,1394,01394.csv,1.75239414087241,,,1394,104.66398942141191,-4.663989421411912,0,Healthy
discharge,[2009.       4.      13.      19.       4.      39.468],43,B0029,43,1396,01396.csv,1.73801912256031,,,1396,103.80542300107382,-3.8054230010738195,0,Healthy
discharge,[2009.       4.      13.      22.       9.      45.531],43,B0029,45,1398,01398.csv,1.73122144431439,,,1398,103.39942294239586,-3.3994229423958586,0,Healthy
discharge,[2009.       4.      14.      10.      33.      23.937],43,B0029,49,1402,01402.csv,1.73791289852658,,,1402,103.79907863431106,-3.7990786343110585,0,Healthy
discharge,[2009.       4.      14.      13.      36.      17.437],43,B0029,51,1404,01404.csv,1.72242706836258,,,1404,102.87416755028988,-2.874167550289883,0,Healthy
discharge,[2009.       4.      14.      16.      39.      25.031],43,B0029,53,1406,01406.csv,1.7184213765608,,,1406,102.63492246575758,-2.634922465757583,0,Healthy
discharge,[2009.       4.      14.      19.      42.      47.234],43,B0029,55,1408,01408.csv,1.70102209306482,,,1408,101.59572792539191,-1.5957279253919125,0,Healthy
discharge,[2009.       4.      14.      22.      45.      53.781],43,B0029,57,1410,01410.csv,1.6936987395631,,,1410,101.15833123730911,-1.1583312373091132,0,Healthy
discharge,[2009.      4.     15.     14.     58.     30.25],43,B0029,61,1414,01414.csv,1.7130727212867,,,1414,102.31546716402478,-2.3154671640247813,0,Healthy
discharge,[2.0090e+03 4.0000e+00 1.5000e+01 1.8000e+01 1.0000e+00 4.3843e+01],43,B0029,63,1416,01416.csv,1.69769726885671,,,1416,101.39714853184722,-1.3971485318472219,0,Healthy
discharge,[2.0090e+03 4.0000e+00 1.5000e+01 2.1000e+01 2.0000e+00 5.8328e+01],43,B0029,65,1418,01418.csv,1.68993140340612,,,1418,100.93332224961371,-0.9333222496137097,0,Healthy
discharge,[2.009e+03 4.000e+00 1.600e+01 0.000e+00 5.000e+00 8.120e-01],43,B0029,67,1420,01420.csv,1.68502355136706,,,1420,100.64019448690485,-0.6401944869048464,0,Healthy
discharge,[2009.       4.      16.       3.       6.      43.062],43,B0029,69,1422,01422.csv,1.6783899654634,,,1422,100.24399505399586,-0.2439950539958602,0,Healthy
discharge,[2009.      4.     16.     10.     13.     36.39],43,B0029,73,1426,01426.csv,1.67379474948683,,,1426,99.96953988141614,0.030460118583860663,0,Healthy
discharge,[2009.       4.      16.      13.      14.      46.296],43,B0029,75,1428,01428.csv,1.66878989278847,,,1428,99.67061839091626,0.3293816090837396,0,Healthy
discharge,[2009.       4.      16.      16.      16.      19.734],43,B0029,77,1430,01430.csv,1.64925663066314,,,1430,98.50396923775634,1.496030762243663,0,Healthy
discharge,[2009.       4.      16.      19.      17.      26.531],43,B0029,79,1432,01432.csv,1.64096767570396,,,1432,98.00890076318916,1.9910992368108396,0,Healthy
discharge,[2009.      4.     16.     22.     17.     17.75],43,B0029,81,1434,01434.csv,1.6456360229757,,,1434,98.2877237962436,1.712276203756403,0,Healthy
discharge,[2009.       4.      17.       9.      45.      34.062],43,B0029,85,1438,01438.csv,1.65454774357403,,,1438,98.81998774798554,1.180012252014464,0,Healthy
discharge,[2009.       4.      17.      12.      46.      29.125],43,B0029,87,1440,01440.csv,1.64612015208775,,,1440,98.31663902888468,1.6833609711153201,0,Healthy
discharge,[2009.       4.      17.      15.      46.      53.875],43,B0029,89,1442,01442.csv,1.62751191881517,,,1442,97.20523841131421,2.7947615886857875,0,Healthy
discharge,[2009.       4.      17.      18.      47.      33.937],43,B0029,91,1444,01444.csv,1.62005305334644,,,1444,96.75974809705976,3.240251902940244,0,Healthy
discharge,[2009.       4.      17.      21.      46.      23.796],43,B0029,93,1446,01446.csv,1.61207981171193,,,1446,96.28353600605534,3.7164639939446573,0,Healthy
discharge,[2.0090e+03 2.0000e+00 1.3000e+01 2.3000e+01 1.2000e+01 2.8078e+01],24,B0028,3,1453,01453.csv,1.80468477201007,,,1453,107.78711448590587,-7.7871144859058745,0,Healthy
discharge,[2.0090e+03 2.0000e+00 1.4000e+01 4.0000e+00 3.0000e+00 3.4578e+01],24,B0028,5,1455,01455.csv,1.80478332145258,,,1455,107.79300047785698,-7.793000477856978,0,Healthy
discharge,[2.0090e+03 2.0000e+00 1.4000e+01 8.0000e+00 5.4000e+01 4.1468e+01],24,B0028,7,1457,01457.csv,1.79761866822245,,,1457,107.3650823672012,-7.365082367201197,0,Healthy
discharge,[2.0090e+03 2.0000e+00 1.4000e+01 1.3000e+01 4.5000e+01 2.3546e+01],24,B0028,9,1459,01459.csv,1.79299136877611,,,1459,107.08871096820741,-7.088710968207408,0,Healthy
discharge,[2.0090e+03 2.0000e+00 1.4000e+01 1.8000e+01 3.5000e+01 4.0671e+01],24,B0028,11,1461,01461.csv,1.79191800815922,,,1461,107.02460312760734,-7.024603127607335,0,Healthy
discharge,[2.0090e+03 2.0000e+00 1.8000e+01 1.0000e+01 4.8000e+01 5.8156e+01],24,B0028,15,1465,01465.csv,1.77502613590379,,,1465,106.01571437489214,-6.015714374892141,0,Healthy
discharge,[2.009e+03 2.000e+00 1.800e+01 1.600e+01 4.900e+01 7.390e+00],24,B0028,19,1469,01469.csv,1.79204878522234,,,1469,107.03241395556647,-7.032413955566469,0,Healthy
discharge,[2.0090e+03 2.0000e+00 1.9000e+01 0.0000e+00 5.2000e+01 4.9687e+01],24,B0028,22,1472,01472.csv,1.79047580158126,,,1472,106.93846548853492,-6.938465488534916,0,Healthy
discharge,[2.009e+03 2.000e+00 1.900e+01 5.000e+00 3.800e+01 5.714e+01],24,B0028,24,1474,01474.csv,1.78683650919872,,,1474,106.72110407962381,-6.721104079623814,0,Healthy
discharge,[2.0090e+03 2.0000e+00 1.9000e+01 1.0000e+01 2.5000e+01 1.5218e+01],24,B0028,26,1476,01476.csv,1.78715296199621,,,1476,106.74000462914994,-6.7400046291499365,0,Healthy
discharge,[2.0090e+03 2.0000e+00 2.0000e+01 9.0000e+00 4.4000e+01 2.6828e+01],24,B0028,30,1480,01480.csv,1.78163406170095,,,1480,106.41038122500335,-6.4103812250033485,0,Healthy
discharge,[2.009e+03 2.000e+00 2.000e+01 1.500e+01 4.300e+01 2.614e+01],24,B0028,34,1484,01484.csv,1.78502351366047,,,1484,106.61282059395658,-6.6128205939565845,0,Healthy
discharge,[2.009e+03 2.000e+00 2.000e+01 2.000e+01 2.700e+01 8.120e-01],24,B0028,36,1486,01486.csv,1.7803865429693,,,1486,106.33587156745139,-6.335871567451392,0,Healthy
discharge,[2.0090e+03 2.0000e+00 2.1000e+01 1.0000e+00 1.2000e+01 5.7984e+01],24,B0028,38,1488,01488.csv,1.77890608564172,,,1488,106.24744935325961,-6.247449353259611,0,Healthy
discharge,[2.009e+03 2.000e+00 2.100e+01 5.000e+00 5.700e+01 5.062e+00],24,B0028,40,1490,01490.csv,1.7738387518973,,,1490,105.94479634098879,-5.944796340988788,0,Healthy
discharge,[2.0090e+03 2.0000e+00 2.1000e+01 1.0000e+01 4.2000e+01 4.4125e+01],24,B0028,42,1492,01492.csv,1.76968288152314,,,1492,105.69658164845319,-5.69658164845319,0,Healthy
discharge,[2.0090e+03 3.0000e+00 2.0000e+00 1.6000e+01 3.0000e+01 3.4015e+01],24,B0028,46,1496,01496.csv,1.74087872832069,,,1496,103.97621662567748,-3.9762166256774805,0,Healthy
discharge,[2.0090e+03 3.0000e+00 2.0000e+00 2.2000e+01 1.9000e+01 4.5593e+01],24,B0028,50,1500,01500.csv,1.76481897440119,,,1500,105.40607855232605,-5.406078552326051,0,Healthy
discharge,[2.0090e+03 3.0000e+00 3.0000e+00 2.0000e+00 5.9000e+01 3.9453e+01],24,B0028,52,1502,01502.csv,1.7617857390844,,,1502,105.22491467959641,-5.224914679596409,0,Healthy
discharge,[2009.       3.       3.       7.      39.       7.296],24,B0028,54,1504,01504.csv,1.75770610357021,,,1504,104.98125321192691,-4.981253211926912,0,Healthy
discharge,[2009.       3.       3.      12.      18.      51.281],24,B0028,56,1506,01506.csv,1.75193759606012,,,1506,104.63672169648095,-4.636721696480947,0,Healthy
discharge,[2009.       3.       3.      16.      58.      46.625],24,B0028,58,1508,01508.csv,1.75212440358321,,,1508,104.647879015582,-4.6478790155820064,0,Healthy
discharge,[2009.       3.       5.      18.      40.      18.984],24,B0028,65,1515,01515.csv,1.75977141339896,,,1515,105.10460649246265,-5.104606492462651,0,Healthy
discharge,[2.009e+03 3.000e+00 5.000e+00 2.300e+01 2.000e+01 1.140e+00],24,B0028,67,1517,01517.csv,1.74830113203241,,,1517,104.4195292146925,-4.419529214692503,0,Healthy
discharge,[2009.       3.       6.       4.       0.      25.046],24,B0028,69,1519,01519.csv,1.74114826278362,,,1519,103.99231491744807,-3.99231491744807,0,Healthy
discharge,[2009.       3.       6.       8.      39.      37.156],24,B0028,71,1521,01521.csv,1.73638333163111,,,1521,103.70772328814041,-3.7077232881404143,0,Healthy
discharge,[2009.       3.       6.      13.      20.      49.203],24,B0028,73,1523,01523.csv,1.73655906626952,,,1523,103.71821926499089,-3.7182192649908927,0,Healthy
discharge,[2009.       3.      19.      10.      34.      54.078],24,B0028,77,1527,01527.csv,1.71723356522952,,,1527,102.56397890933265,-2.563978909332647,0,Healthy
discharge,[2010.       6.       3.      20.      31.       2.968],22,B0042,2,1532,01532.csv,1.72871266337553,,,1532,103.24958278057316,-3.2495827805731636,0,Healthy
discharge,[2010.       6.       4.       0.      29.      30.921],22,B0042,4,1534,01534.csv,1.73147062818531,,,1534,103.4143057689368,-3.4143057689367993,0,Healthy
discharge,[2010.       6.       4.       4.      26.      46.875],22,B0042,6,1536,01536.csv,1.7282350363146,,,1536,103.22105589128118,-3.221055891281182,0,Healthy
discharge,[2010.     6.     4.     8.    23.    18.5],22,B0042,8,1538,01538.csv,1.72034474229162,,,1538,102.74979795284625,-2.749797952846251,0,Healthy
discharge,[2010.       6.       4.      12.      19.      17.125],22,B0042,10,1540,01540.csv,1.72217343677076,,,1540,102.85901907790912,-2.8590190779091245,0,Healthy
discharge,[2010.      6.      4.     17.     26.      7.75],22,B0042,14,1544,01544.csv,0.0,,,1544,0.0,100.0,0,Emergency
discharge,[2.01e+03 6.00e+00 4.00e+00 2.10e+01 8.00e+00 4.37e-01],22,B0042,16,1546,01546.csv,1.70866957733194,,,1546,102.05248373948963,-2.052483739489631,0,Healthy
discharge,[2.0100e+03 6.0000e+00 5.0000e+00 1.0000e+00 2.0000e+00 3.3453e+01],22,B0042,18,1548,01548.csv,1.70364764859186,,,1548,101.75254259938448,-1.7525425993844834,0,Healthy
discharge,[2010.       6.       5.       4.      56.      47.468],22,B0042,20,1550,01550.csv,1.69583757435779,,,1550,101.28607589081162,-1.2860758908116168,0,Healthy
discharge,[2010.      6.      5.      8.     50.     47.75],22,B0042,22,1552,01552.csv,1.69490648466769,,,1552,101.23046536393181,-1.2304653639318133,0,Healthy
discharge,[2010.       6.       5.      13.      56.       3.921],22,B0042,26,1556,01556.csv,1.68747680943524,,,1556,100.78671847400751,-0.7867184740075146,0,Healthy
discharge,[2010.       6.       5.      17.      49.      52.625],22,B0042,28,1558,01558.csv,1.68598917291794,,,1558,100.69786747349454,-0.69786747349454,0,Healthy
discharge,[2010.       6.       5.      21.      43.      27.734],22,B0042,30,1560,01560.csv,1.67828647477749,,,1560,100.23781393994014,-0.2378139399401391,0,Healthy
discharge,[2.0100e+03 6.0000e+00 6.0000e+00 1.0000e+00 3.6000e+01 5.8156e+01],22,B0042,32,1562,01562.csv,1.67396476409015,,,1562,99.97969422182868,0.020305778171319844,0,Healthy
discharge,[2010.       6.       6.       5.      30.      11.906],22,B0042,34,1564,01564.csv,1.6722378801237,,,1564,99.87655386031929,0.12344613968070917,0,Healthy
discharge,[2010.       6.       6.      10.      34.      53.031],22,B0042,38,1568,01568.csv,1.67598979004919,,,1568,100.10064149653797,-0.10064149653797472,0,Healthy
discharge,[2010.       6.       6.      14.      28.      10.546],22,B0042,40,1570,01570.csv,1.66182476728479,,,1570,99.25461732983473,0.7453826701652702,0,Healthy
discharge,[2010.       6.       6.      18.      21.      14.171],22,B0042,42,1572,01572.csv,1.66067103525661,,,1572,99.18570920353133,0.8142907964686685,0,Healthy
discharge,[2010.       6.       6.      22.      14.       8.156],22,B0042,44,1574,01574.csv,1.65306448745072,,,1574,98.73139837212625,1.2686016278737497,0,Healthy
discharge,[2.010e+03 6.000e+00 7.000e+00 2.000e+00 6.000e+00 5.764e+01],22,B0042,46,1576,01576.csv,1.64995398627045,,,1576,98.5456196965225,1.4543803034775067,0,Healthy
discharge,[2010.       6.       7.      13.      57.      40.859],22,B0042,50,1580,01580.csv,1.68129780544449,,,1580,100.41766952934445,-0.417669529344451,0,Healthy
discharge,[2.0100e+03 6.0000e+00 7.0000e+00 1.9000e+01 2.0000e+00 4.3281e+01],22,B0042,54,1584,01584.csv,1.67005204244812,,,1584,99.74600189942313,0.2539981005768652,0,Healthy
discharge,[2010.       6.       7.      22.      55.      54.203],22,B0042,56,1586,01586.csv,1.66718186035479,,,1586,99.57457658975835,0.425423410241649,0,Healthy
discharge,[2.010e+03 6.000e+00 8.000e+00 2.000e+00 4.900e+01 1.156e+00],22,B0042,58,1588,01588.csv,1.65688656132751,,,1588,98.95967664039817,1.0403233596018282,0,Healthy
discharge,[2010.       6.       8.       6.      41.      51.625],22,B0042,60,1590,01590.csv,1.64498194465799,,,1590,98.24865812914916,1.7513418708508368,0,Healthy
discharge,[2010.     6.     8.    10.    34.    18.5],22,B0042,62,1592,01592.csv,1.63921458500001,,,1592,97.90419517064383,2.095804829356169,0,Healthy
discharge,[2010.       6.       8.      15.      38.       9.593],22,B0042,66,1596,01596.csv,1.6410599890208,,,1596,98.01441429452998,1.9855857054700152,0,Healthy
discharge,[2010.      6.      8.     19.     30.     45.25],22,B0042,68,1598,01598.csv,1.64326965121984,,,1598,98.14638920567074,1.8536107943292564,0,Healthy
discharge,[2010.       6.       8.      23.      23.      11.562],22,B0042,70,1600,01600.csv,1.62986731024022,,,1600,97.34591718753516,2.6540828124648357,0,Healthy
discharge,[2010.       6.       9.       3.      15.      28.281],22,B0042,72,1602,01602.csv,1.62385363446588,,,1602,96.98674268281103,3.013257317188973,0,Healthy
discharge,[2010.       6.       9.       7.       7.      20.406],22,B0042,74,1604,01604.csv,1.61863088870441,,,1604,96.67480748833641,3.3251925116635874,0,Healthy
discharge,[2010.       6.       9.      12.      10.      47.421],22,B0042,78,1608,01608.csv,1.61934181124411,,,1608,96.71726824955395,3.2827317504460467,0,Healthy
discharge,[2.0100e+03 6.0000e+00 9.0000e+00 1.6000e+01 2.0000e+00 4.7125e+01],22,B0042,80,1610,01610.csv,1.61459327132699,,,1610,96.43365560781962,3.5663443921803832,0,Healthy
discharge,[2010.      6.      9.     19.     54.     38.39],22,B0042,82,1612,01612.csv,1.60720408919278,,,1612,95.9923272201643,4.007672779835701,0,Healthy
discharge,[2010.       6.       9.      23.      46.      17.078],22,B0042,84,1614,01614.csv,1.60126635900623,,,1614,95.63768866315401,4.362311336845991,0,Healthy
discharge,[2010.     6.    10.     3.    37.    32.5],22,B0042,86,1616,01616.csv,1.5940407410631,,,1616,95.20612935676051,4.793870643239487,0,Healthy
discharge,[2010.       6.      10.       8.      40.      12.437],22,B0042,90,1620,01620.csv,1.59468882893744,,,1620,95.24483723693541,4.75516276306459,0,Healthy
discharge,[2010.       6.      10.      12.      31.      31.375],22,B0042,92,1622,01622.csv,1.58821009573025,,,1622,94.85788658009065,5.14211341990935,0,Healthy
discharge,[2010.       6.      10.      16.      22.      38.906],22,B0042,94,1624,01624.csv,1.58798555807769,,,1624,94.84447578057694,5.155524219423057,0,Healthy
discharge,[2010.       6.      10.      20.      13.      46.031],22,B0042,96,1626,01626.csv,1.57991654066503,,,1626,94.36254335828556,5.6374566417144365,0,Healthy
discharge,[2010.       6.      11.       0.       4.      38.656],22,B0042,98,1628,01628.csv,1.56559461936528,,,1628,93.50714822516497,6.492851774835032,0,Healthy
discharge,[2010.       6.      11.      12.      17.      20.515],4,B0042,102,1632,01632.csv,0.0707012773734017,,,1632,4.222724542668282,95.77727545733171,0,Emergency
discharge,[2010.       6.      11.      16.      49.      19.671],4,B0042,106,1636,01636.csv,0.0841687853013907,,,1636,5.027088740442926,94.97291125955708,0,Emergency
discharge,[2010.      6.     11.     20.      8.     56.89],4,B0042,108,1638,01638.csv,0.0844378562146582,,,1638,5.0431593461149,94.9568406538851,0,Emergency
discharge,[2010.       6.      11.      23.      28.      14.921],4,B0042,110,1640,01640.csv,0.0847891906059033,,,1640,5.064143243601768,94.93585675639824,0,Emergency
discharge,[2010.      6.     16.     10.     39.     50.39],4,B0042,112,1642,01642.csv,0.0933425818344258,,,1642,5.575005513783518,94.42499448621648,0,Emergency
discharge,[2010.       6.      16.      14.      46.      51.593],4,B0042,115,1645,01645.csv,0.106031801313977,,,1645,6.3328854349709625,93.66711456502904,0,Emergency
discharge,[2010.       6.      16.      18.       7.      22.875],4,B0042,117,1647,01647.csv,0.106505866207118,,,1647,6.361199569219362,93.63880043078063,0,Emergency
discharge,[2010.       6.      16.      21.      27.      32.859],4,B0042,119,1649,01649.csv,0.0943911158551295,,,1649,5.637630554059154,94.36236944594084,0,Emergency
discharge,[2010.       6.      17.       0.      47.      36.281],4,B0042,121,1651,01651.csv,0.0945059592738711,,,1651,5.644489724655505,94.3555102753445,0,Emergency
discharge,[2010.       6.      17.       3.      38.      47.796],4,B0042,123,1653,01653.csv,0.0821145610821562,,,1653,4.9043975621648865,95.09560243783511,0,Emergency
discharge,[2010.      6.     17.      8.     10.     30.89],4,B0042,127,1657,01657.csv,0.0951847063194674,,,1657,5.685028763187521,94.31497123681248,0,Emergency
discharge,[2010.       6.      17.      11.      30.      34.546],4,B0042,129,1659,01659.csv,0.0953912999865905,,,1659,5.697367835138274,94.30263216486172,0,Emergency
discharge,[2010.       6.      17.      14.      50.      30.921],4,B0042,131,1661,01661.csv,0.0828966456585456,,,1661,4.9511085673666715,95.04889143263333,0,Emergency
discharge,[2010.       6.      17.      18.      10.       6.218],4,B0042,133,1663,01663.csv,0.083431990364526,,,1663,4.983082717095138,95.01691728290486,0,Emergency
discharge,[2010.       6.      17.      21.      29.      54.875],4,B0042,135,1665,01665.csv,0.0962477215649569,,,1665,5.748518713201461,94.25148128679854,0,Emergency
discharge,[2.0100e+03 6.0000e+00 1.8000e+01 2.0000e+00 1.0000e+00 1.1046e+01],4,B0042,139,1669,01669.csv,0.0871279249656989,,,1669,5.20382715521955,94.79617284478044,0,Emergency
discharge,[2010.       6.      18.       5.      20.      59.203],4,B0042,141,1671,01671.csv,0.0968191218275757,,,1671,5.782646327330754,94.21735367266925,0,Emergency
discharge,[2010.       6.      18.       8.      40.      33.875],4,B0042,143,1673,01673.csv,0.084400548913451,,,1673,5.040931119662974,94.95906888033703,0,Emergency
discharge,[2010.       6.      18.      12.       0.       2.609],4,B0042,145,1675,01675.csv,0.0977012171667452,,,1675,5.835330603712522,94.16466939628748,0,Emergency
discharge,[2010.       6.      18.      15.      19.      35.359],4,B0042,147,1677,01677.csv,0.0851742647657266,,,1677,5.0871422920750415,94.91285770792496,0,Emergency
discharge,[2010.       6.      18.      19.      50.      33.234],4,B0042,151,1681,01681.csv,0.0847199354487912,,,1681,5.060006890447933,94.93999310955206,0,Emergency
discharge,[2010    6   18   23    9   59],4,B0042,153,1683,01683.csv,0.0854883696989364,,,1683,5.105902612393344,94.89409738760665,0,Emergency
discharge,[2.0100e+03 6.0000e+00 1.9000e+01 2.0000e+00 2.9000e+01 1.6281e+01],4,B0042,155,1685,01685.csv,0.085777499334335,,,1685,5.1231712509918,94.8768287490082,0,Emergency
discharge,[2010.       6.      19.       5.      42.      11.468],4,B0042,157,1687,01687.csv,0.0859555325524583,,,1687,5.133804513466097,94.8661954865339,0,Emergency
discharge,[2010.       6.      19.       8.      49.      37.406],4,B0042,159,1689,01689.csv,0.0861479697965832,,,1689,5.145298074882222,94.85470192511778,0,Emergency
discharge,[2010.       6.      21.      15.      19.      37.906],4,B0042,163,1693,01693.csv,0.0865245080899333,,,1693,5.1677873077738194,94.83221269222618,0,Emergency
discharge,[2010.       6.      21.      19.      51.      35.109],4,B0042,167,1697,01697.csv,0.0867603642868573,,,1697,5.181874121878058,94.81812587812195,0,Emergency
discharge,[2010.       6.      21.      23.      11.      45.359],4,B0042,169,1699,01699.csv,0.0866202538937107,,,1699,5.173505848802902,94.8264941511971,0,Emergency
discharge,[2.0100e+03 6.0000e+00 2.2000e+01 2.0000e+00 3.1000e+01 3.5687e+01],4,B0042,171,1701,01701.csv,0.0869802394927499,,,1701,5.195006450779887,94.80499354922011,0,Emergency
discharge,[2010.       6.      22.       5.      44.      45.062],4,B0042,173,1703,01703.csv,0.0738778711347396,,,1703,4.412450682512184,95.58754931748781,0,Emergency
discharge,[2010.       6.      22.       9.       4.      54.281],4,B0042,175,1705,01705.csv,0.0877586570223188,,,1705,5.2414984369033295,94.75850156309667,0,Emergency
discharge,[2010.       6.      22.      13.      36.       7.203],4,B0042,179,1709,01709.csv,0.0879057630027299,,,1709,5.250284530407334,94.74971546959267,0,Emergency
discharge,[2010.       6.      22.      16.      55.      44.609],4,B0042,181,1711,01711.csv,0.0880878488220017,,,1711,5.261159839687108,94.73884016031289,0,Emergency
discharge,[2010.       6.      22.      20.      15.       9.718],4,B0042,183,1713,01713.csv,0.0883425026815871,,,1713,5.276369368322316,94.72363063167768,0,Emergency
discharge,[2010.       6.      22.      23.      34.      40.078],4,B0042,185,1715,01715.csv,0.0746305533274507,,,1715,4.457405592608139,95.54259440739186,0,Emergency
discharge,[2.010e+03 6.000e+00 2.300e+01 2.000e+00 5.400e+01 2.359e+00],4,B0042,187,1717,01717.csv,0.0748569866512269,,,1717,4.47092961351851,95.5290703864815,0,Emergency
discharge,[2010.       6.      23.       7.      24.      51.046],4,B0042,191,1721,01721.csv,0.0752757364314176,,,1721,4.495939981643958,95.50406001835604,0,Emergency
discharge,[2010.      6.     23.     10.     44.     16.39],4,B0042,193,1723,01723.csv,0.0753235186048872,,,1723,4.49879383328721,95.50120616671279,0,Emergency
discharge,[2010.      6.     23.     14.      3.     18.14],4,B0042,195,1725,01725.csv,0.0755376530236719,,,1725,4.511583286310195,95.4884167136898,0,Emergency
discharge,[2010.       6.      23.      17.      19.      43.093],4,B0042,197,1727,01727.csv,0.0758428560612825,,,1727,4.52981192948744,95.47018807051256,0,Emergency
discharge,[2010.       6.      23.      20.      32.      31.953],4,B0042,199,1729,01729.csv,0.0759921803489148,,,1729,4.53873051423763,95.46126948576237,0,Emergency
discharge,[2010.       6.      23.      23.      10.       5.078],4,B0042,203,1733,01733.csv,0.0762165260959199,,,1733,4.55212985194575,95.44787014805425,0,Emergency
discharge,[2010.       6.      24.       0.      22.      53.234],4,B0042,205,1735,01735.csv,0.0621692314155252,,,1735,3.7131371461744673,96.28686285382554,0,Emergency
discharge,[2.010e+03 6.000e+00 2.400e+01 1.000e+00 1.800e+01 4.437e+00],4,B0042,207,1737,01737.csv,0.0759822277461493,,,1737,4.538136082262387,95.46186391773762,0,Emergency
discharge,[2.0100e+03 6.0000e+00 2.4000e+01 2.0000e+00 1.7000e+01 4.2484e+01],4,B0042,209,1739,01739.csv,0.0622701354894356,,,1739,3.719163771508353,96.28083622849165,0,Emergency
discharge,[2010.     6.    24.     3.    12.    12.5],4,B0042,211,1741,01741.csv,0.0625944660879844,,,1741,3.738534832814603,96.26146516718539,0,Emergency
discharge,[2010.       6.      25.      18.      45.       5.406],4,B0042,215,1745,01745.csv,1.43773447660794,,,1745,85.8705370788208,14.129462921179197,0,Healthy
discharge,[2010.       6.      26.       0.      33.      10.328],4,B0042,219,1749,01749.csv,1.5246019289244,,,1749,91.05880717072414,8.941192829275863,0,Healthy
discharge,[2010.       6.      26.       5.      11.       6.265],4,B0042,221,1751,01751.csv,1.52152739655394,,,1751,90.87517677845554,9.12482322154446,0,Healthy
discharge,[2010.       6.      26.       9.      48.      28.984],4,B0042,223,1753,01753.csv,1.51553236311759,,,1753,90.51711571129701,9.48288428870299,0,Healthy
discharge,[2010.      6.     26.     14.     25.     15.64],4,B0042,225,1755,01755.csv,1.50442496615345,,,1755,89.85371217025605,10.146287829743954,0,Healthy
discharge,[2.0100e+03 6.0000e+00 2.6000e+01 1.9000e+01 1.0000e+00 1.0906e+01],4,B0042,227,1757,01757.csv,1.50015071494988,,,1757,89.59842703073133,10.40157296926867,0,Healthy
discharge,[2010.       6.      27.       0.      48.      32.265],4,B0042,231,1761,01761.csv,1.48901122732031,,,1761,88.93310683350627,11.066893166493728,0,Healthy
discharge,[2010.       6.      27.       5.      23.      33.859],4,B0042,233,1763,01763.csv,1.48101493575628,,,1763,88.4555180558746,11.544481944125394,0,Healthy
discharge,[2010.       6.      27.       9.      58.      20.953],4,B0042,235,1765,01765.csv,1.47626202774857,,,1765,88.17164452432293,11.828355475677071,0,Healthy
discharge,[2010.       6.      27.      14.      32.      41.171],4,B0042,237,1767,01767.csv,1.46625510254389,,,1767,87.57396807167166,12.426031928328342,0,Healthy
discharge,[2010.       6.      27.      19.       6.      37.984],4,B0042,239,1769,01769.csv,1.4593282593817,,,1769,87.16025347257451,12.83974652742549,0,Healthy
discharge,[2010.       6.      28.       0.      51.      57.734],4,B0042,243,1773,01773.csv,1.44570415775438,,,1773,86.34653651510502,13.653463484894985,0,Healthy
discharge,[2010.      6.     28.      5.     24.     57.14],4,B0042,245,1775,01775.csv,1.4400686089389,,,1775,86.00994612835926,13.99005387164074,0,Healthy
discharge,[2010.       6.      28.       9.      57.      41.468],4,B0042,247,1777,01777.csv,1.42903136595478,,,1777,85.35073262382403,14.64926737617597,0,Healthy
discharge,[2010.       6.      28.      14.      29.      46.171],4,B0042,249,1779,01779.csv,1.41417218815138,,,1779,84.46324915640517,15.536750843594831,0,Warning
discharge,[2.010e+03 6.000e+00 2.800e+01 1.900e+01 1.000e+00 9.578e+00],4,B0042,251,1781,01781.csv,1.41560307912907,,,1781,84.54871095672686,15.451289043273135,0,Warning
discharge,[2.01e+03 6.00e+00 2.90e+01 0.00e+00 4.40e+01 7.80e-02],4,B0042,255,1785,01785.csv,1.39944102233007,,,1785,83.5834113689317,16.416588631068294,0,Warning
discharge,[2010.       6.      29.       5.      14.      48.968],4,B0042,257,1787,01787.csv,1.39596352857949,,,1787,83.37571359099772,16.62428640900228,0,Warning
discharge,[2010.       6.      29.       9.      44.      58.609],4,B0042,259,1789,01789.csv,1.39297846526305,,,1789,83.19742685282215,16.802573147177853,0,Warning
discharge,[2010.       6.      29.      14.      14.      43.546],4,B0042,261,1791,01791.csv,1.37407720238009,,,1791,82.06852466564149,17.93147533435851,0,Warning
discharge,[2.010e+03 6.000e+00 2.900e+01 1.800e+01 4.400e+01 1.531e+00],4,B0042,263,1793,01793.csv,1.37524930300024,,,1793,82.13852987967806,17.86147012032194,0,Warning
discharge,[2010.       6.      30.       0.      24.      32.875],4,B0042,267,1797,01797.csv,1.36719661308545,,,1797,81.65757263815482,18.342427361845182,0,Warning
discharge,[2010.     6.    30.     4.    53.    18.5],4,B0042,269,1799,01799.csv,1.35688760078364,,,1799,81.0418536458711,18.9581463541289,0,Warning
discharge,[2010.       6.      30.       9.      21.      28.343],4,B0042,271,1801,01801.csv,1.34493202259693,,,1801,80.32779139259414,19.672208607405864,0,Warning
discharge,[2010.       6.      30.      13.      49.       7.171],4,B0042,273,1803,01803.csv,1.33746917045842,,,1803,79.88206296936985,20.117937030630145,0,Warning
discharge,[2009.       6.      19.      17.      18.      16.015],24,B0034,0,1805,01805.csv,0.745930295764566,,,1805,44.55164438414859,55.44835561585141,0,Emergency
discharge,[2.0090e+03 6.0000e+00 1.9000e+01 2.2000e+01 2.0000e+00 5.0609e+01],24,B0034,4,1809,01809.csv,1.66232171528458,,,1809,99.2842981870003,0.715701812999697,0,Healthy
discharge,[2.009e+03 6.000e+00 2.000e+01 1.000e+00 5.900e+01 3.975e+01],24,B0034,6,1811,01811.csv,1.64508736969453,,,1811,98.25495477477915,1.7450452252208493,0,Healthy
discharge,[2009.       6.      20.       5.      55.      38.984],24,B0034,8,1813,01813.csv,1.62072928927757,,,1813,96.80013715605703,3.1998628439429666,0,Healthy
discharge,[2009.       6.      20.       9.      50.      35.156],24,B0034,10,1815,01815.csv,1.5967402025126,,,1815,95.36735815683704,4.632641843162958,0,Healthy
discharge,[2009.       6.      20.      13.      47.      19.156],24,B0034,12,1817,01817.csv,1.48565006188126,,,1817,88.73235691329643,11.267643086703572,0,Healthy
discharge,[2009.       6.      20.      18.      55.      22.281],24,B0034,16,1821,01821.csv,1.4866702197497,,,1821,88.79328715145472,11.20671284854528,0,Healthy
discharge,[2009.       6.      20.      22.      51.      49.984],24,B0034,18,1823,01823.csv,1.47013309584052,,,1823,87.8055861990712,12.1944138009288,0,Healthy
discharge,[2.0090e+03 6.0000e+00 2.1000e+01 2.0000e+00 4.8000e+01 2.0078e+01],24,B0034,20,1825,01825.csv,1.45650418010196,,,1825,86.99158171262854,13.008418287371455,0,Healthy
discharge,[2009.       6.      21.       6.      44.      49.843],24,B0034,22,1827,01827.csv,1.44189610355764,,,1827,86.11909559021963,13.88090440978037,0,Healthy
discharge,[2009.       6.      21.      10.      41.      15.046],24,B0034,24,1829,01829.csv,1.43709495889702,,,1829,85.83234106265677,14.167658937343234,0,Healthy
discharge,[2009.       6.      21.      15.      49.       5.796],24,B0034,28,1833,01833.csv,1.44587036249674,,,1833,86.35646330668142,13.64353669331858,0,Healthy
discharge,[2009.       6.      21.      19.      45.      24.468],24,B0034,30,1835,01835.csv,1.43210405456183,,,1835,85.53425289495634,14.465747105043661,0,Healthy
discharge,[2009.       6.      21.      23.      41.      43.609],24,B0034,32,1837,01837.csv,1.42672063330246,,,1837,85.21272115012798,14.787278849872024,0,Healthy
discharge,[2009.       6.      22.       3.      37.      57.218],24,B0034,34,1839,01839.csv,1.42308468851298,,,1839,84.99555968050933,15.00444031949067,0,Warning
discharge,[2009.       6.      22.       7.      34.       6.234],24,B0034,36,1841,01841.csv,1.44094795224189,,,1841,86.0624660358477,13.937533964152294,0,Healthy
discharge,[2009.       6.      22.      12.      41.      48.359],24,B0034,40,1845,01845.csv,1.48690154405186,,,1845,88.80710329232708,11.192896707672915,0,Healthy
discharge,[2009.       6.      22.      16.      38.      13.281],24,B0034,42,1847,01847.csv,1.52453132268507,,,1847,91.0545901224506,8.945409877549395,0,Healthy
discharge,[2009.       6.      22.      20.      34.      46.062],24,B0034,44,1849,01849.csv,1.46290496051907,,,1849,87.37387653902627,12.62612346097373,0,Healthy
discharge,[2009.       6.      23.       0.      31.       3.375],24,B0034,46,1851,01851.csv,1.42307945085498,,,1851,84.99524685466227,15.00475314533773,0,Warning
discharge,[2009.       6.      23.       4.      27.       4.484],24,B0034,48,1853,01853.csv,1.40510408636034,,,1853,83.92164513719908,16.07835486280092,0,Warning
discharge,[2009.       6.      26.      15.      29.      34.968],24,B0034,52,1857,01857.csv,1.63294639250708,,,1857,97.52981932820647,2.4701806717935284,0,Healthy
discharge,[2009.       6.      26.      20.      32.      24.265],24,B0034,56,1861,01861.csv,1.56871382082591,,,1861,93.69344653618083,6.306553463819171,0,Healthy
discharge,[2009.       6.      27.       0.      28.      29.453],24,B0034,58,1863,01863.csv,1.51495209660534,,,1863,90.48245854902784,9.51754145097216,0,Healthy
discharge,[2009.       6.      27.       4.      25.      16.218],24,B0034,60,1865,01865.csv,1.48551829406346,,,1865,88.7244869112423,11.275513088757705,0,Healthy
discharge,[2009.       6.      27.       8.      21.      51.234],24,B0034,62,1867,01867.csv,1.48077192904907,,,1867,88.44100416836518,11.558995831634817,0,Healthy
discharge,[2009.     6.    27.    12.    18.    20.5],24,B0034,64,1869,01869.csv,1.48402635731705,,,1869,88.63537907402599,11.364620925974009,0,Healthy
discharge,[2009.       6.      27.      17.      26.      12.718],24,B0034,68,1873,01873.csv,1.49221530555065,,,1873,89.12447451854014,10.87552548145986,0,Healthy
discharge,[2009.       6.      27.      21.      22.      21.781],24,B0034,70,1875,01875.csv,1.47331292409927,,,1875,87.99550552342481,12.00449447657519,0,Healthy
discharge,[2.0090e+03 6.0000e+00 2.8000e+01 1.0000e+00 1.8000e+01 3.4656e+01],24,B0034,72,1877,01877.csv,1.44159317898,,,1877,86.10100303098875,13.89899696901125,0,Healthy
discharge,[2009.      6.     28.      5.     14.     48.25],24,B0034,74,1879,01879.csv,1.42258731980157,,,1879,84.96585369580222,15.034146304197776,0,Warning
discharge,[2009.       6.      28.       9.      10.      46.125],24,B0034,76,1881,01881.csv,1.42664893794866,,,1881,85.20843905309474,14.791560946905264,0,Healthy
discharge,[2009.       6.      28.      14.      18.      12.906],24,B0034,80,1885,01885.csv,1.45967755602385,,,1885,87.18111566288103,12.818884337118973,0,Healthy
discharge,[2009.       6.      28.      18.      13.      23.984],24,B0034,82,1887,01887.csv,1.43961599385451,,,1887,85.98291311147129,14.01708688852871,0,Healthy
discharge,[2009.       6.      28.      22.       7.      58.453],24,B0034,84,1889,01889.csv,1.41955126578485,,,1889,84.78452147260121,15.215478527398787,0,Warning
discharge,[2.009e+03 6.000e+00 2.900e+01 2.000e+00 3.000e+00 4.614e+01],24,B0034,86,1891,01891.csv,1.41181017144704,,,1891,84.32217467687447,15.677825323125532,0,Warning
discharge,[2009.       6.      29.       5.      59.      12.218],24,B0034,88,1893,01893.csv,1.40441967018453,,,1893,83.88076750258821,16.119232497411787,0,Warning
discharge,[2009.       6.      29.      11.       6.      27.906],24,B0034,92,1897,01897.csv,1.47350590986068,,,1897,88.00703184573986,11.99296815426014,0,Healthy
discharge,[2009.       6.      29.      14.      59.      50.625],24,B0034,94,1899,01899.csv,1.49265860064514,,,1899,89.15095088706828,10.849049112931723,0,Healthy
discharge,[2009.       6.      29.      18.      50.      48.062],24,B0034,96,1901,01901.csv,1.48202601499459,,,1901,88.51590606119515,11.484093938804847,0,Healthy
discharge,[2009.       6.      29.      22.      44.      42.875],24,B0034,98,1903,01903.csv,1.42357535765899,,,1903,85.0248655250734,14.975134474926605,0,Healthy
discharge,[2.0090e+03 6.0000e+00 3.0000e+01 2.0000e+00 3.6000e+01 3.9734e+01],24,B0034,100,1905,01905.csv,1.40382521972453,,,1905,83.84526318583329,16.15473681416671,0,Warning
discharge,[2.0090e+03 7.0000e+00 1.0000e+00 1.1000e+01 1.5000e+01 2.3875e+01],24,B0034,104,1909,01909.csv,1.53631734788361,,,1909,91.75852560587238,8.241474394127621,0,Healthy
discharge,[2.0090e+03 7.0000e+00 1.0000e+00 1.6000e+01 1.8000e+01 1.8546e+01],24,B0034,108,1913,01913.csv,1.54403671681767,,,1913,92.21957482397363,7.78042517602637,0,Healthy
discharge,[2.009e+03 7.000e+00 1.000e+00 2.000e+01 1.000e+01 2.437e+00],24,B0034,110,1915,01915.csv,1.50789215536024,,,1915,90.06079449608535,9.93920550391465,0,Healthy
discharge,[2009.       7.      14.      16.      14.      47.937],24,B0034,112,1917,01917.csv,1.8203060058691,,,1917,108.72011272941573,-8.720112729415732,0,Healthy
discharge,[2009.       7.      14.      21.      23.      50.218],24,B0034,116,1921,01921.csv,1.59365757582266,,,1921,95.1832443209477,4.8167556790523065,0,Healthy
discharge,[2.0090e+03 7.0000e+00 1.5000e+01 1.0000e+00 1.6000e+01 1.5015e+01],24,B0034,118,1923,01923.csv,1.53307046496809,,,1923,91.5646013560724,8.435398643927599,0,Healthy
discharge,[2009.       7.      15.       5.       9.       4.546],24,B0034,120,1925,01925.csv,1.48621430931072,,,1925,88.766057315284,11.233942684715998,0,Healthy
discharge,[2009.       7.      15.       9.       4.      59.109],24,B0034,122,1927,01927.csv,1.50293188482677,,,1927,89.76453597151394,10.235464028486064,0,Healthy
discharge,[2009.       7.      15.      12.      57.      49.296],24,B0034,124,1929,01929.csv,1.5202185406928,,,1929,90.797003682113,9.202996317887,0,Healthy
discharge,[2009.      7.     15.     18.      0.     54.64],24,B0034,128,1933,01933.csv,1.51181947350044,,,1933,90.29535861308004,9.70464138691996,0,Healthy
discharge,[2009.       7.      15.      21.      52.      48.093],24,B0034,130,1935,01935.csv,1.4646013018209,,,1935,87.47519270068693,12.524807299313068,0,Healthy
discharge,[2.009e+03 7.000e+00 1.600e+01 1.000e+00 4.400e+01 5.839e+01],24,B0034,132,1937,01937.csv,1.45461409615117,,,1937,86.87869402257236,13.121305977427639,0,Healthy
discharge,[2009.       7.      16.       5.      37.      32.718],24,B0034,134,1939,01939.csv,1.43334004902041,,,1939,85.60807425050672,14.391925749493282,0,Healthy
discharge,[2009.       7.      16.       9.      29.      18.125],24,B0034,136,1941,01941.csv,1.44932623463961,,,1941,86.56286970634163,13.43713029365837,0,Healthy
discharge,[2.009e+03 7.000e+00 1.600e+01 1.400e+01 3.600e+01 4.530e-01],24,B0034,140,1945,01945.csv,1.4951998217989,,,1945,89.30272858236586,10.697271417634141,0,Healthy
discharge,[2009.      7.     16.     18.     26.      9.14],24,B0034,142,1947,01947.csv,1.4720590241846,,,1947,87.92061474152618,12.07938525847382,0,Healthy
discharge,[2009.       7.      16.      22.      18.      31.578],24,B0034,144,1949,01949.csv,1.40973830146487,,,1949,84.19842958275515,15.801570417244847,0,Warning
discharge,[2.0090e+03 7.0000e+00 1.7000e+01 2.0000e+00 1.0000e+01 3.8265e+01],24,B0034,146,1951,01951.csv,1.38619441813841,,,1951,82.79224093035941,17.207759069640588,0,Warning
discharge,[2.0090e+03 7.0000e+00 1.7000e+01 6.0000e+00 2.0000e+00 3.1671e+01],24,B0034,148,1953,01953.csv,1.36241254075505,,,1953,81.37183777742824,18.62816222257176,0,Warning
discharge,[2009.       7.      17.      11.       8.      50.734],24,B0034,152,1957,01957.csv,1.44713774450772,,,1957,86.43215932408768,13.567840675912322,0,Healthy
discharge,[2.009e+03 7.000e+00 1.700e+01 1.500e+01 0.000e+00 1.400e-01],24,B0034,154,1959,01959.csv,1.455448339045,,,1959,86.92852025023325,13.071479749766752,0,Healthy
discharge,[2009.      7.     17.     18.     49.     14.75],24,B0034,156,1961,01961.csv,1.44239521673029,,,1961,86.14890576511345,13.851094234886546,0,Healthy
discharge,[2009.       7.      17.      22.      40.      36.953],24,B0034,158,1963,01963.csv,1.3775419459896,,,1963,82.27546092503408,17.724539074965918,0,Warning
discharge,[2.0090e+03 7.0000e+00 1.8000e+01 2.0000e+00 3.2000e+01 1.9203e+01],24,B0034,160,1965,01965.csv,1.35399358929005,,,1965,80.86900509468857,19.130994905311425,0,Warning
discharge,[2009.      7.     23.     10.     25.     18.89],24,B0034,164,1969,01969.csv,1.55090388616644,,,1969,92.62972532796748,7.370274672032522,0,Healthy
discharge,[2009.       7.      23.      15.      28.      51.734],24,B0034,168,1973,01973.csv,1.55629326977528,,,1973,92.95161318177115,7.048386818228849,0,Healthy
discharge,[2009.      7.     23.     19.     19.     21.39],24,B0034,170,1975,01975.csv,1.50675266050647,,,1975,89.9927367032983,10.007263296701694,0,Healthy
discharge,[2009.       7.      23.      23.      11.      10.812],24,B0034,172,1977,01977.csv,1.44413873330276,,,1977,86.25303953036686,13.746960469633137,0,Healthy
discharge,[2.0090e+03 7.0000e+00 2.4000e+01 3.0000e+00 2.0000e+00 5.1234e+01],24,B0034,174,1979,01979.csv,1.41441038112924,,,1979,84.47747553775028,15.52252446224972,0,Warning
discharge,[2009.       7.      24.       6.      55.      12.218],24,B0034,176,1981,01981.csv,1.38975742123627,,,1981,83.00504586381875,16.99495413618125,0,Warning
discharge,[2.009e+03 7.000e+00 2.400e+01 1.200e+01 1.000e+00 7.843e+00],24,B0034,180,1985,01985.csv,1.44996831147529,,,1985,86.60121856951682,13.398781430483183,0,Healthy
discharge,[2009.       7.      24.      15.      46.       9.421],24,B0034,182,1987,01987.csv,1.46786530680121,,,1987,87.6701395877842,12.329860412215794,0,Healthy
discharge,[2009.      7.     24.     19.     35.     49.25],24,B0034,184,1989,01989.csv,1.4290644310445,,,1989,85.35270747874962,14.647292521250378,0,Healthy
discharge,[2009.       7.      24.      23.      28.       2.156],24,B0034,186,1991,01991.csv,1.37674483466832,,,1991,82.22785242820552,17.772147571794477,0,Warning
discharge,[2009.      7.     25.      3.     20.      5.39],24,B0034,188,1993,01993.csv,1.3515813262521,,,1993,80.72492958838724,19.27507041161276,0,Warning
discharge,[2009.       7.      25.       8.      26.      42.515],24,B0034,192,1997,01997.csv,1.35399347282892,,,1997,80.86899813889809,19.131001861101907,0,Warning
discharge,[2009.       7.      25.      12.      19.      43.718],24,B0034,194,1999,01999.csv,1.35771651168937,,,1999,81.09136141369862,18.90863858630138,0,Warning
discharge,[2009.       7.      25.      16.      13.       2.187],24,B0034,196,2001,02001.csv,1.33416931535102,,,2001,79.6849748874152,20.315025112584806,0,Warning
discharge,[2009.       7.      25.      20.       6.      55.421],24,B0034,198,2003,02003.csv,1.33721478887839,,,2003,79.86686970298058,20.13313029701942,0,Warning
discharge,[2.009e+03 7.000e+00 2.600e+01 0.000e+00 1.000e+00 9.546e+00],24,B0034,200,2005,02005.csv,1.33904522427692,,,2005,79.97619480668867,20.023805193311333,0,Warning
discharge,[2009.       7.      26.       5.       7.      11.546],24,B0034,204,2009,02009.csv,1.34392446047563,,,2009,80.26761345160158,19.732386548398424,0,Warning
discharge,[2.009e+03 7.000e+00 2.600e+01 9.000e+00 1.000e+00 3.514e+01],24,B0034,206,2011,02011.csv,1.34547861920902,,,2011,80.36043757685786,19.639562423142138,0,Warning
discharge,[2009.       7.      26.      12.      55.      45.109],24,B0034,208,2013,02013.csv,1.34822630296825,,,2013,80.52454651628074,19.475453483719264,0,Warning
discharge,[2009.       7.      26.      16.      49.      47.359],24,B0034,210,2015,02015.csv,1.3373192299576,,,2015,79.87310758049605,20.126892419503946,0,Warning
discharge,[2009.       7.      26.      20.      43.      48.921],24,B0034,212,2017,02017.csv,1.3402523341553,,,2017,80.0482909936106,19.951709006389393,0,Warning
discharge,[2.009e+03 7.000e+00 2.700e+01 1.000e+00 5.000e+01 3.890e+00],24,B0034,216,2021,02021.csv,1.32909656823791,,,2021,79.38199855475082,20.618001445249178,0,Warning
discharge,[2009.       7.      27.       5.      43.      49.015],24,B0034,218,2023,02023.csv,1.33234856557663,,,2023,79.57622827004126,20.423771729958744,0,Warning
discharge,[2009.      7.     27.      9.     37.     15.14],24,B0034,220,2025,02025.csv,1.35015413105555,,,2025,80.63968852333801,19.36031147666199,0,Warning
discharge,[2009.       7.      27.      13.      29.      48.031],24,B0034,222,2027,02027.csv,1.38152344105412,,,2027,82.51326082837483,17.486739171625175,0,Warning
discharge,[2009.       7.      27.      17.      21.      22.671],24,B0034,224,2029,02029.csv,1.38359719528178,,,2029,82.63711846147463,17.36288153852537,0,Warning
discharge,[2.009e+03 7.000e+00 2.700e+01 2.200e+01 2.800e+01 1.870e-01],24,B0034,228,2033,02033.csv,1.33011618620809,,,2033,79.44289654679254,20.55710345320746,0,Warning
discharge,[2.0090e+03 7.0000e+00 2.8000e+01 2.0000e+00 2.1000e+01 2.8109e+01],24,B0034,230,2035,02035.csv,1.31769821217032,,,2035,78.70121710778378,21.298782892216224,0,Warning
discharge,[2009.       7.      28.       6.      15.      44.125],24,B0034,232,2037,02037.csv,1.30636577196512,,,2037,78.02437257030698,21.97562742969302,0,Warning
discharge,[2009.       7.      28.      10.       9.      52.296],24,B0034,234,2039,02039.csv,1.33815673837937,,,2039,79.92312884600476,20.076871153995242,0,Warning
discharge,[2009.       7.      28.      14.       3.      56.171],24,B0034,236,2041,02041.csv,1.3563258092165,,,2041,81.00829992341292,18.99170007658708,0,Warning
discharge,[2009.       7.      28.      19.       9.      29.828],24,B0034,240,2045,02045.csv,1.364899752955,,,2045,81.52038971863409,18.479610281365908,0,Warning
discharge,[2.0090e+03 7.0000e+00 2.8000e+01 2.3000e+01 2.0000e+00 2.6656e+01],24,B0034,242,2047,02047.csv,1.3337639975535,,,2047,79.66076676169594,20.33923323830406,0,Warning
discharge,[2.0090e+03 7.0000e+00 2.9000e+01 2.0000e+00 5.6000e+01 2.4125e+01],24,B0034,244,2049,02049.csv,1.30601236686587,,,2049,78.00326499712656,21.996735002873436,0,Warning
discharge,[2009.       7.      29.       6.      50.      26.906],24,B0034,246,2051,02051.csv,1.31018683613758,,,2051,78.25259053269173,21.747409467308273,0,Warning
discharge,[2009.       7.      29.      10.      44.      27.906],24,B0034,248,2053,02053.csv,1.35676689416961,,,2053,81.0346442884102,18.965355711589794,0,Warning
discharge,[2009.       7.      29.      15.      50.      33.843],24,B0034,252,2057,02057.csv,1.39168574335877,,,2057,83.12021737776249,16.879782622237514,0,Warning
discharge,[2009.       7.      29.      19.      41.       4.109],24,B0034,254,2059,02059.csv,1.36299350793447,,,2059,81.40653678794348,18.59346321205652,0,Warning
discharge,[2009.       7.      29.      23.      34.      17.859],24,B0034,256,2061,02061.csv,1.32117119739006,,,2061,78.90864560792622,21.091354392073782,0,Warning
discharge,[2009.       7.      30.       3.      28.      18.171],24,B0034,258,2063,02063.csv,1.30748690155933,,,2063,78.09133347439331,21.90866652560669,0,Warning
discharge,[2009.       7.      30.       7.      22.      22.187],24,B0034,260,2065,02065.csv,1.31058818954834,,,2065,78.2765618803231,21.7234381196769,0,Warning
discharge,[2009.       7.      30.      12.      28.       5.953],24,B0034,264,2069,02069.csv,1.37631266819666,,,2069,82.20204073096052,17.79795926903948,0,Warning
discharge,[2009.       7.      30.      16.      19.       5.437],24,B0034,266,2071,02071.csv,1.39176492913228,,,2071,83.12494684972755,16.87505315027245,0,Warning
discharge,[2009.       7.      30.      20.       9.      43.296],24,B0034,268,2073,02073.csv,1.36497463534535,,,2073,81.52486216551613,18.475137834483874,0,Warning
discharge,[2009.       7.      31.       0.       3.       7.406],24,B0034,270,2075,02075.csv,1.32190939372918,,,2075,78.95273533182254,21.047264668177462,0,Warning
discharge,[2009.      7.     31.      3.     56.     28.39],24,B0034,272,2077,02077.csv,1.30900338880739,,,2077,78.18190762183347,21.818092378166526,0,Warning
discharge,[2.0090e+03 7.0000e+00 3.1000e+01 9.0000e+00 1.0000e+00 5.1906e+01],24,B0034,276,2081,02081.csv,1.33270057219737,,,2081,79.59725231729756,20.40274768270244,0,Warning
discharge,[2.009e+03 7.000e+00 3.100e+01 1.500e+01 4.200e+01 5.620e-01],24,B0034,278,2083,02083.csv,1.74239751896693,,,2083,104.06692834653057,-4.066928346530574,0,Healthy
discharge,[2009.       7.      31.      21.       3.       2.062],24,B0034,282,2087,02087.csv,1.37734756281946,,,2087,82.26385114068894,17.736148859311058,0,Warning
discharge,[2.0090e+03 8.0000e+00 1.0000e+00 0.0000e+00 5.4000e+01 4.0031e+01],24,B0034,284,2089,02089.csv,1.34875988767775,,,2089,80.55641554796028,19.443584452039715,0,Warning
discharge,[2.0090e+03 8.0000e+00 1.0000e+00 4.0000e+00 4.6000e+01 4.8453e+01],24,B0034,286,2091,02091.csv,1.35015045598811,,,2091,80.63946902521786,19.360530974782137,0,Warning
discharge,[2.0090e+03 8.0000e+00 1.0000e+00 8.0000e+00 4.0000e+01 3.9031e+01],24,B0034,288,2093,02093.csv,1.33878148750859,,,2093,79.96044278966994,20.03955721033006,0,Warning
discharge,[2.0090e+03 8.0000e+00 1.0000e+00 1.2000e+01 3.3000e+01 3.2734e+01],24,B0034,290,2095,02095.csv,1.32533712104026,,,2095,79.1574607452776,20.842539254722396,0,Warning
discharge,[2.0090e+03 8.0000e+00 1.0000e+00 1.7000e+01 3.8000e+01 4.8781e+01],24,B0034,294,2099,02099.csv,1.3308160596334,,,2099,79.48469738547061,20.51530261452939,0,Warning
discharge,[2.0090e+03 8.0000e+00 1.0000e+00 2.1000e+01 3.0000e+01 3.3968e+01],24,B0034,296,2101,02101.csv,1.3330833766185,,,2101,79.62011580271397,20.37988419728603,0,Warning
discharge,[2.0090e+03 8.0000e+00 2.0000e+00 1.0000e+00 2.3000e+01 2.1296e+01],24,B0034,298,2103,02103.csv,1.33332265348959,,,2103,79.6344069209735,20.365593079026496,0,Warning
discharge,[2.0090e+03 8.0000e+00 2.0000e+00 5.0000e+00 1.6000e+01 4.7781e+01],24,B0034,300,2105,02105.csv,1.32642810975164,,,2105,79.22262144644836,20.777378553551642,0,Warning
discharge,[2.0090e+03 8.0000e+00 2.0000e+00 9.0000e+00 1.0000e+01 1.5046e+01],24,B0034,302,2107,02107.csv,1.32397104098685,,,2107,79.07586986059928,20.924130139400717,0,Warning
discharge,[2.0090e+03 8.0000e+00 2.0000e+00 1.4000e+01 1.5000e+01 2.7171e+01],24,B0034,306,2111,02111.csv,1.32493642250711,,,2111,79.13352851105209,20.86647148894791,0,Warning
discharge,[2.0090e+03 8.0000e+00 2.0000e+00 1.8000e+01 8.0000e+00 5.4375e+01],24,B0034,308,2113,02113.csv,1.32830676755709,,,2113,79.33482669530761,20.665173304692388,0,Warning
discharge,[2.0090e+03 8.0000e+00 2.0000e+00 2.2000e+01 2.0000e+00 1.0046e+01],24,B0034,310,2115,02115.csv,1.31458434890922,,,2115,78.51523762758688,21.484762372413115,0,Warning
discharge,[2.0090e+03 8.0000e+00 3.0000e+00 1.0000e+00 5.5000e+01 2.2875e+01],24,B0034,312,2117,02117.csv,1.31668417985433,,,2117,78.64065272610826,21.359347273891743,0,Warning
discharge,[2009.       8.       3.       5.      48.      39.625],24,B0034,314,2119,02119.csv,1.3041727649654,,,2119,77.89339241232408,22.106607587675924,0,Warning
discharge,[2009.       8.       3.      10.      53.      34.968],24,B0034,318,2123,02123.csv,1.35344500735723,,,2123,80.83624033459593,19.163759665404072,0,Warning
discharge,[2009.       8.       3.      14.      44.      14.312],24,B0034,320,2125,02125.csv,1.37129408251378,,,2125,81.90229925923778,18.09770074076222,0,Warning
discharge,[2009.      8.      3.     18.     38.      5.89],24,B0034,322,2127,02127.csv,1.35769932192251,,,2127,81.09033473280827,18.909665267191727,0,Warning
discharge,[2009.       8.       3.      22.      31.      42.515],24,B0034,324,2129,02129.csv,1.32869030909195,,,2129,79.35773420578768,20.64226579421232,0,Warning
discharge,[2.0090e+03 8.0000e+00 4.0000e+00 2.0000e+00 2.4000e+01 5.5453e+01],24,B0034,326,2131,02131.csv,1.31439432681817,,,2131,78.50388831428823,21.496111685711767,0,Warning
discharge,[2009.      8.      5.     10.     47.     54.89],24,B0034,330,2135,02135.csv,1.38667830301107,,,2135,82.82114157548943,17.178858424510565,0,Warning
discharge,[2009.       8.       5.      15.      53.      12.468],24,B0034,334,2139,02139.csv,1.38683304584292,,,2139,82.83038378974823,17.169616210251775,0,Warning
discharge,[2009.       8.       5.      19.      44.      54.078],24,B0034,336,2141,02141.csv,1.3548037379291,,,2141,80.91739226205554,19.082607737944457,0,Warning
discharge,[2009.       8.       5.      23.      38.      49.906],24,B0034,338,2143,02143.csv,1.32557876699516,,,2143,79.17189336010864,20.82810663989136,0,Warning
discharge,[2009.       8.       6.       3.      32.      21.312],24,B0034,340,2145,02145.csv,1.31197286763775,,,2145,78.35926355657381,21.640736443426192,0,Warning
discharge,[2009.       8.       6.       7.      22.      48.562],24,B0034,342,2147,02147.csv,1.30644879487951,,,2147,78.0293312204364,21.970668779563596,0,Warning
discharge,[2009.       8.       6.      12.      25.      17.046],24,B0034,346,2151,02151.csv,1.3418431880549,,,2151,80.14330678477037,19.856693215229626,0,Warning
discharge,[2009.       8.       6.      16.      13.      25.921],24,B0034,348,2153,02153.csv,1.36092101707593,,,2153,81.28275461118604,18.717245388813964,0,Warning
discharge,[2009.       8.       6.      20.       0.      59.562],24,B0034,350,2155,02155.csv,1.32996036773949,,,2155,79.43359008874819,20.56640991125181,0,Warning
discharge,[2009.      8.      6.     23.     49.     34.39],24,B0034,352,2157,02157.csv,1.29906938762593,,,2157,77.58858665007367,22.411413349926335,0,Warning
discharge,[2009.       8.       7.       3.      40.      19.734],24,B0034,354,2159,02159.csv,1.29845443719556,,,2159,77.55185794627482,22.448142053725178,0,Warning
discharge,[2009.      8.      7.      8.     44.     36.25],24,B0034,358,2163,02163.csv,1.317648609161,,,2163,78.69825450438213,21.301745495617865,0,Warning
discharge,[2009.       8.       7.      12.      32.      22.343],24,B0034,360,2165,02165.csv,1.33606485641065,,,2165,79.79818851030154,20.201811489698457,0,Warning
discharge,[2009.       8.       7.      16.      20.      49.765],24,B0034,362,2167,02167.csv,1.36357973618601,,,2167,81.44155002274418,18.55844997725582,0,Warning
discharge,[2009.       8.       7.      20.      14.      10.406],24,B0034,364,2169,02169.csv,1.33331125415448,,,2169,79.63372608105199,20.36627391894801,0,Warning
discharge,[2009.       8.       8.       0.       7.       5.125],24,B0034,366,2171,02171.csv,1.30232734631189,,,2171,77.78317241447994,22.216827585520065,0,Warning
discharge,[2009.       8.       8.       5.      11.      27.593],24,B0034,370,2175,02175.csv,1.28887284444558,,,2175,76.97958502043353,23.020414979566468,0,Warning
discharge,[2009.       8.       8.       9.       3.      54.812],24,B0034,372,2177,02177.csv,1.2902746194203,,,2177,77.06330783010479,22.93669216989521,0,Warning
discharge,[2009.       8.       8.      12.      56.      26.703],24,B0034,374,2179,02179.csv,1.29240756567682,,,2179,77.19070078310662,22.80929921689338,0,Warning
discharge,[2009.       8.       8.      16.      48.      44.937],24,B0034,376,2181,02181.csv,1.29540915051023,,,2181,77.3699742900901,22.6300257099099,0,Warning
discharge,[2009.       8.       8.      20.      40.      51.687],24,B0034,378,2183,02183.csv,1.28322988159269,,,2183,76.64255182078685,23.35744817921315,0,Warning
discharge,[2009.       8.      17.      13.       8.      30.968],24,B0034,382,2187,02187.csv,1.45574540243678,,,2187,86.94626274261529,13.05373725738471,0,Healthy
discharge,[2009.       8.      17.      18.      14.       9.375],24,B0034,386,2191,02191.csv,1.45467634267324,,,2191,86.8824117760021,13.117588223997899,0,Healthy
discharge,[2009.       8.      17.      22.       6.      54.109],24,B0034,388,2193,02193.csv,1.42342771819849,,,2193,85.01604756878632,14.98395243121368,0,Healthy
discharge,[2.009e+03 8.000e+00 1.800e+01 2.000e+00 1.000e+00 3.312e+00],24,B0034,390,2195,02195.csv,1.39255121036331,,,2195,83.17190850551452,16.828091494485477,0,Warning
discharge,[2009.       8.      18.       5.      55.       2.015],24,B0034,392,2197,02197.csv,1.37657324937469,,,2197,82.21760427629809,17.78239572370191,0,Warning
discharge,[2009.      8.     18.      9.     48.     49.64],24,B0034,394,2199,02199.csv,1.38101908289823,,,2199,82.48313739012457,17.51686260987543,0,Warning
discharge,[2009.       8.      18.      14.      54.      37.937],24,B0034,398,2203,02203.csv,1.40075683216728,,,2203,83.66199980042109,16.338000199578914,0,Warning
discharge,[2009.       8.      18.      18.      45.      24.703],24,B0034,400,2205,02205.csv,1.37464530347997,,,2205,82.10245523304143,17.897544766958575,0,Warning
discharge,[2009.       8.      18.      22.      39.      17.609],24,B0034,402,2207,02207.csv,1.33459241143978,,,2207,79.71024484439883,20.28975515560117,0,Warning
discharge,[2.0090e+03 8.0000e+00 1.9000e+01 2.0000e+00 3.2000e+01 3.8625e+01],24,B0034,404,2209,02209.csv,1.33639662156473,,,2209,79.81800360997983,20.181996390020174,0,Warning
discharge,[2009.       8.      19.       6.      25.      55.265],24,B0034,406,2211,02211.csv,1.30691529717562,,,2211,78.05719366886984,21.942806331130157,0,Warning
discharge,[2009.       8.      19.      11.      30.      52.687],24,B0034,410,2215,02215.csv,1.34153945667408,,,2215,80.12516603818395,19.87483396181605,0,Warning
discharge,[2009.       8.      19.      15.      24.      12.875],24,B0034,412,2217,02217.csv,1.34638897016192,,,2217,80.41480945603834,19.58519054396166,0,Warning
discharge,[2009.       8.      19.      19.      17.      33.312],24,B0034,414,2219,02219.csv,1.34498980727777,,,2219,80.33124265682923,19.668757343170768,0,Warning
discharge,[2009.       8.      19.      23.      10.      50.875],24,B0034,416,2221,02221.csv,1.31587608050477,,,2221,78.59238795518651,21.40761204481349,0,Warning
discharge,[2009.       8.      20.       3.       3.      46.687],24,B0034,418,2223,02223.csv,1.297276688974,,,2223,77.48151542199481,22.518484578005186,0,Warning
discharge,[2009.       8.      20.       8.       8.      26.703],24,B0034,422,2227,02227.csv,1.28512552110056,,,2227,76.75577132362072,23.24422867637928,0,Warning
discharge,[2.009e+03 8.000e+00 2.000e+01 1.200e+01 1.000e+00 9.546e+00],24,B0034,424,2229,02229.csv,1.31902091565302,,,2229,78.78021727109865,21.21978272890135,0,Warning
discharge,[2009.       8.      20.      15.      51.      55.171],24,B0034,426,2231,02231.csv,1.34100978492909,,,2231,80.0935307133324,19.9064692866676,0,Warning
discharge,[2009.       8.      20.      19.      42.      35.546],24,B0034,428,2233,02233.csv,1.32612698388274,,,2233,79.20463631740577,20.79536368259423,0,Warning
discharge,[2009.      8.     20.     23.     35.     23.25],24,B0034,430,2235,02235.csv,1.30914426799907,,,2235,78.19032181238785,21.80967818761215,0,Warning
discharge,[2009.       8.      21.      17.      59.      25.484],24,B0034,434,2239,02239.csv,1.36300128961714,,,2239,81.40700155892945,18.59299844107055,0,Warning
discharge,[2009.       8.      21.      23.       4.      26.375],24,B0034,438,2243,02243.csv,1.32928570168719,,,2243,79.39329479277913,20.60670520722087,0,Warning
discharge,[2.009e+03 8.000e+00 2.200e+01 2.000e+00 5.700e+01 6.984e+00],24,B0034,440,2245,02245.csv,1.29690859306218,,,2245,77.45953042117667,22.540469578823334,0,Warning
discharge,[2009.      8.     22.      6.     49.     38.89],24,B0034,442,2247,02247.csv,1.29862859249413,,,2247,77.56225959502613,22.437740404973866,0,Warning
discharge,[2009.       8.      22.      10.      41.      58.171],24,B0034,444,2249,02249.csv,1.28406576118219,,,2249,76.69247580219748,23.307524197802522,0,Warning
discharge,[2009.       8.      22.      14.      34.       5.875],24,B0034,446,2251,02251.csv,1.30210159141363,,,2251,77.76968891340434,22.230311086595663,0,Warning
discharge,[2009.       8.      22.      19.      38.       7.906],24,B0034,450,2255,02255.csv,1.30890763517313,,,2255,78.17618861311877,21.823811386881232,0,Warning
discharge,[2009.       8.      22.      23.      30.      19.437],24,B0034,452,2257,02257.csv,1.27225196965139,,,2257,75.98688193894088,24.013118061059117,0,Warning
discharge,[2009.       8.      23.       3.      22.      24.156],24,B0034,454,2259,02259.csv,1.27601153436033,,,2259,76.21142676692672,23.78857323307328,0,Warning
discharge,[2009.       8.      23.       7.      14.      19.109],24,B0034,456,2261,02261.csv,1.2605053003103,,,2261,75.28529703462215,24.714702965377853,0,Warning
discharge,[2009.       8.      23.      11.       6.       6.546],24,B0034,458,2263,02263.csv,1.26606812513471,,,2263,75.61754388765335,24.382456112346645,0,Warning
discharge,[2009.       8.      23.      16.       9.      49.296],24,B0034,462,2267,02267.csv,1.26582901686528,,,2267,75.60326283934438,24.39673716065562,0,Warning
discharge,[2.009e+03 8.000e+00 2.300e+01 2.000e+01 1.000e+00 3.250e+01],24,B0034,464,2269,02269.csv,1.26558738982069,,,2269,75.58883135395588,24.411168646044118,0,Warning
discharge,[2009.       8.      23.      23.      53.       2.437],24,B0034,466,2271,02271.csv,1.26635983230275,,,2271,75.63496647269734,24.365033527302657,0,Warning
discharge,[2009.       8.      24.       3.      44.      13.046],24,B0034,468,2273,02273.csv,1.28684794327289,,,2273,76.85864519874917,23.141354801250827,0,Warning
discharge,[2009.       8.      24.       7.      35.      22.546],24,B0034,470,2275,02275.csv,1.2700261646132,,,2275,75.85394287601108,24.146057123988925,0,Warning
discharge,[2009.      8.     24.     12.     38.     30.39],24,B0034,474,2279,02279.csv,1.34598253292492,,,2279,80.39053447035923,19.609465529640772,0,Warning
discharge,[2009.       8.      24.      16.      30.      26.734],24,B0034,476,2281,02281.csv,1.32868753154137,,,2281,79.35756831301404,20.642431686985958,0,Warning
discharge,[2009.       8.      24.      20.      22.      13.218],24,B0034,478,2283,02283.csv,1.31203071983408,,,2283,78.36271885325819,21.637281146741813,0,Warning
discharge,[2009.       8.      25.       0.      13.      33.593],24,B0034,480,2285,02285.csv,1.29512549296119,,,2285,77.35303247887333,22.64696752112667,0,Warning
discharge,[2009.       8.      25.       4.       4.      24.875],24,B0034,482,2287,02287.csv,1.28026016059633,,,2287,76.46518142237133,23.53481857762867,0,Warning
discharge,[2010.       4.      14.      16.      43.      39.921],24,B0038,0,2291,02291.csv,0.898057370967672,,,2291,53.63762921963857,46.36237078036143,0,Emergency
discharge,[2010.       4.      14.      21.      10.      11.125],24,B0038,4,2295,02295.csv,1.1026236331914,,,2295,65.85561181041747,34.14438818958253,0,Critical
discharge,[2010.       4.      15.       0.      37.      31.546],24,B0038,6,2297,02297.csv,1.08858018794734,,,2297,65.01684901717238,34.983150982827624,0,Critical
discharge,[2010.       4.      15.       4.       4.      41.296],24,B0038,8,2299,02299.csv,1.0613249847591,,,2299,63.38899702221408,36.61100297778592,0,Critical
discharge,[2010.      4.     15.      7.     31.     40.14],24,B0038,10,2301,02301.csv,1.03470620579835,,,2301,61.7991562811512,38.2008437188488,0,Critical
discharge,[2010.     4.    15.    10.    58.    27.5],24,B0038,12,2303,02303.csv,1.0269978594353,,,2303,61.338765400251994,38.661234599748006,0,Critical
discharge,[2.01e+03 4.00e+00 1.60e+01 1.20e+01 1.50e+01 2.81e-01],24,B0038,16,2307,02307.csv,1.07850197109894,,,2307,64.4149145795906,35.5850854204094,0,Critical
discharge,[2010.       4.      16.      16.      48.      31.734],24,B0038,20,2311,02311.csv,1.06388974788028,,,2311,63.54218079173408,36.45781920826592,0,Critical
discharge,[2.01e+03 4.00e+00 1.60e+01 2.00e+01 1.50e+01 4.06e-01],24,B0038,22,2313,02313.csv,1.03665512233244,,,2313,61.915557822761954,38.084442177238046,0,Critical
discharge,[2010.       4.      16.      23.      41.      13.937],24,B0038,24,2315,02315.csv,1.03094132748209,,,2315,61.57429409114765,38.42570590885235,0,Critical
discharge,[2010.      4.     17.      3.      7.      6.64],24,B0038,26,2317,02317.csv,1.01400845410346,,,2317,60.56295649372066,39.43704350627934,0,Critical
discharge,[2010.       4.      17.       6.      32.      52.968],24,B0038,28,2319,02319.csv,1.00851609599451,,,2319,60.23491835572076,39.76508164427924,0,Critical
discharge,[2010.       4.      21.      13.      51.      46.531],44,B0038,32,2323,02323.csv,1.74192450880959,,,2323,104.03867720773175,-4.038677207731752,0,Healthy
discharge,[2010    4   21   19   29   11],44,B0038,36,2327,02327.csv,1.77974185970843,,,2327,106.29736703218613,-6.297367032186131,0,Healthy
discharge,[2010.       4.      21.      23.      57.       8.859],44,B0038,38,2329,02329.csv,1.78156663064527,,,2329,106.40635381864894,-6.406353818648938,0,Healthy
discharge,[2010.       4.      22.       4.      30.      34.312],44,B0038,40,2331,02331.csv,1.7834859577156,,,2331,106.52098809155586,-6.520988091555864,0,Healthy
discharge,[2010.       4.      22.       8.      59.      11.468],44,B0038,42,2333,02333.csv,1.78644116504156,,,2333,106.69749164237712,-6.697491642377116,0,Healthy
discharge,[2010.       4.      22.      13.      28.      29.546],44,B0038,44,2335,02335.csv,1.78599976080679,,,2335,106.67112820787285,-6.671128207872854,0,Healthy
discharge,[2010.       4.      23.      16.      52.      59.406],44,B0038,48,2339,02339.csv,1.77695237730016,,,2339,106.13076161479698,-6.130761614796981,0,Healthy
discharge,[2010    4   23   22   31    1],44,B0038,52,2343,02343.csv,1.78142891732189,,,2343,106.39812871364245,-6.39812871364245,0,Healthy
discharge,[2.0100e+03 4.0000e+00 2.4000e+01 2.0000e+00 5.8000e+01 5.5031e+01],44,B0038,54,2345,02345.csv,1.78594527726971,,,2345,106.66787410868616,-6.6678741086861635,0,Healthy
discharge,[2010.       4.      24.       7.      27.      28.203],44,B0038,56,2347,02347.csv,1.78520842969155,,,2347,106.62386494126946,-6.62386494126946,0,Healthy
discharge,[2010.      4.     24.     11.     56.     33.14],44,B0038,58,2349,02349.csv,1.78359660958454,,,2349,106.52759691646006,-6.527596916460055,0,Healthy
discharge,[2010.       4.      24.      16.      24.      41.656],44,B0038,60,2351,02351.csv,1.77967831527447,,,2351,106.29357175930278,-6.293571759302779,0,Healthy
discharge,[2010.       4.      24.      22.       5.      41.156],44,B0038,64,2355,02355.csv,1.78411025927886,,,2355,106.55827530376958,-6.558275303769577,0,Healthy
discharge,[2.0100e+03 4.0000e+00 2.5000e+01 2.0000e+00 3.3000e+01 5.9171e+01],44,B0038,66,2357,02357.csv,1.78330323315921,,,2357,106.51007463288182,-6.510074632881825,0,Healthy
discharge,[2.0100e+03 4.0000e+00 2.5000e+01 7.0000e+00 2.0000e+00 2.6234e+01],44,B0038,68,2359,02359.csv,1.77961861413569,,,2359,106.29000603215731,-6.290006032157308,0,Healthy
discharge,[2010.       4.      25.      11.      31.       4.593],44,B0038,70,2361,02361.csv,1.78165923343525,,,2361,106.41188463914462,-6.411884639144617,0,Healthy
discharge,[2010.       4.      25.      16.       0.      19.781],44,B0038,72,2363,02363.csv,1.7775911304124,,,2363,106.16891196432341,-6.168911964323414,0,Healthy
discharge,[2010.       4.      25.      21.      41.      58.937],44,B0038,76,2367,02367.csv,1.77770188197167,,,2367,106.17552674336055,-6.17552674336055,0,Healthy
discharge,[2.0100e+03 4.0000e+00 2.6000e+01 2.0000e+00 1.9000e+01 2.2218e+01],44,B0038,78,2369,02369.csv,1.77895476182706,,,2369,106.25035660090936,-6.250356600909356,0,Healthy
discharge,[2010.       4.      26.       6.      50.      42.203],44,B0038,80,2371,02371.csv,1.7807753731135,,,2371,106.35909494691272,-6.35909494691272,0,Healthy
discharge,[2010.      4.     26.     11.     20.     44.75],44,B0038,82,2373,02373.csv,1.77841531902666,,,2373,106.2181376872314,-6.218137687231405,0,Healthy
discharge,[2010.       4.      26.      15.      51.       7.953],44,B0038,84,2375,02375.csv,1.77897738991084,,,2375,106.25170809225833,-6.251708092258326,0,Healthy
discharge,[2010.       4.      26.      21.      35.      15.343],44,B0038,88,2379,02379.csv,1.7792479347236,,,2379,106.26786672846937,-6.267866728469372,0,Healthy
discharge,[2.0100e+03 4.0000e+00 2.7000e+01 2.0000e+00 5.0000e+00 4.1234e+01],44,B0038,90,2381,02381.csv,1.7779204573685,,,2381,106.18858143949768,-6.188581439497682,0,Healthy
discharge,[2010.       4.      27.       6.      36.       5.468],44,B0038,92,2383,02383.csv,1.77922704022414,,,2383,106.26661877766912,-6.266618777669123,0,Healthy
discharge,[2010.       4.      27.      11.       7.      40.968],44,B0038,94,2385,02385.csv,1.77606343200793,,,2385,106.07766821617612,-6.0776682161761215,0,Healthy
discharge,[2010.       4.      27.      15.      43.      29.625],44,B0038,96,2387,02387.csv,1.77510393796395,,,2387,106.02036120280125,-6.020361202801254,0,Healthy
discharge,[2010.       4.      28.      13.      22.      57.656],44,B0038,100,2391,02391.csv,1.73306410013874,,,2391,103.50947792672207,-3.50947792672207,0,Healthy
discharge,[2010.       4.      28.      18.       5.      58.859],44,B0038,104,2395,02395.csv,1.73948928062152,,,2395,103.89323007836164,-3.89323007836164,0,Healthy
discharge,[2010.       4.      28.      21.      37.      16.375],44,B0038,106,2397,02397.csv,1.73780643603929,,,2397,103.79272002560336,-3.7927200256033586,0,Healthy
discharge,[2.01e+03 4.00e+00 2.90e+01 1.00e+00 8.00e+00 3.35e+01],44,B0038,108,2399,02399.csv,1.73002814579983,,,2399,103.32815165690623,-3.328151656906229,0,Healthy
discharge,[2010.       4.      29.       4.      39.      21.156],44,B0038,110,2401,02401.csv,1.72904045665429,,,2401,103.26916065489968,-3.2691606548996788,0,Healthy
discharge,[2010.       4.      29.       8.      11.       8.671],44,B0038,112,2403,02403.csv,1.72860729070688,,,2403,103.24328926268258,-3.2432892626825804,0,Healthy
discharge,[2.010e+03 5.000e+00 4.000e+00 1.300e+01 2.200e+01 1.921e+00],44,B0038,116,2407,02407.csv,1.52573884649634,,,2407,91.12671103204572,8.87328896795428,0,Healthy
discharge,[2010.       5.       4.      17.      26.      38.953],44,B0038,120,2411,02411.csv,1.53014755344342,,,2411,91.39002671343779,8.609973286562209,0,Healthy
discharge,[2009.       6.      19.      17.      18.      16.015],24,B0033,0,2413,02413.csv,0.0684257224060181,,,2413,4.086814101358824,95.91318589864117,0,Emergency
discharge,[2.0090e+03 6.0000e+00 1.9000e+01 2.2000e+01 2.0000e+00 5.0609e+01],24,B0033,4,2417,02417.csv,0.689569900786281,,,2417,41.18544745035998,58.81455254964002,0,Emergency
discharge,[2.009e+03 6.000e+00 2.000e+01 1.000e+00 5.900e+01 3.975e+01],24,B0033,6,2419,02419.csv,1.16108481923112,,,2419,69.34728118690732,30.652718813092676,0,Critical
discharge,[2009.       6.      20.       5.      55.      38.984],24,B0033,8,2421,02421.csv,1.25293930538249,,,2421,74.83340827591371,25.166591724086288,0,Warning
discharge,[2009.       6.      20.       9.      50.      35.156],24,B0033,10,2423,02423.csv,1.30291800244755,,,2423,77.81845011034328,22.181549889656722,0,Warning
discharge,[2009.       6.      20.      13.      47.      19.156],24,B0033,12,2425,02425.csv,1.32187732114725,,,2425,78.95081975569869,21.04918024430131,0,Warning
discharge,[2009.       6.      20.      18.      55.      22.281],24,B0033,16,2429,02429.csv,1.28846944183014,,,2429,76.9554912814223,23.044508718577703,0,Warning
discharge,[2009.       6.      20.      22.      51.      49.984],24,B0033,18,2431,02431.csv,1.71316932638671,,,2431,102.32123702762435,-2.321237027624349,0,Healthy
discharge,[2.0090e+03 6.0000e+00 2.1000e+01 2.0000e+00 4.8000e+01 2.0078e+01],24,B0033,20,2433,02433.csv,1.65609667767205,,,2433,98.91249982518806,1.087500174811936,0,Healthy
discharge,[2009.       6.      21.       6.      44.      49.843],24,B0033,22,2435,02435.csv,1.61972973419907,,,2435,96.74043744597344,3.2595625540265587,0,Healthy
discharge,[2009.       6.      21.      10.      41.      15.046],24,B0033,24,2437,02437.csv,1.60465581228272,,,2437,95.840128110765,4.159871889235006,0,Healthy
discharge,[2009.       6.      21.      15.      49.       5.796],24,B0033,28,2441,02441.csv,1.62556997690293,,,2441,97.08925343794598,2.9107465620540154,0,Healthy
discharge,[2009.       6.      21.      19.      45.      24.468],24,B0033,30,2443,02443.csv,1.59009673062459,,,2443,94.97056827082316,5.029431729176835,0,Healthy
discharge,[2009.       6.      21.      23.      41.      43.609],24,B0033,32,2445,02445.csv,1.57394022996239,,,2445,94.0056005304302,5.9943994695697995,0,Healthy
discharge,[2009.       6.      22.       3.      37.      57.218],24,B0033,34,2447,02447.csv,1.57113033515573,,,2447,93.83777595634601,6.162224043653993,0,Healthy
discharge,[2009.       6.      22.       7.      34.       6.234],24,B0033,36,2449,02449.csv,1.58977061534574,,,2449,94.95109061719515,5.048909382804851,0,Healthy
discharge,[2009.       6.      22.      12.      41.      48.359],24,B0033,40,2453,02453.csv,1.6257378771074,,,2453,97.09928149317321,2.9007185068267916,0,Healthy
discharge,[2009.       6.      22.      16.      38.      13.281],24,B0033,42,2455,02455.csv,1.65235063339625,,,2455,98.68876252242622,1.3112374775737834,0,Healthy
discharge,[2009.       6.      22.      20.      34.      46.062],24,B0033,44,2457,02457.csv,1.61438167615953,,,2457,96.42101781484136,3.5789821851586368,0,Healthy
discharge,[2009.       6.      23.       0.      31.       3.375],24,B0033,46,2459,02459.csv,1.58697453394504,,,2459,94.78409106651267,5.215908933487327,0,Healthy
discharge,[2009.       6.      23.       4.      27.       4.484],24,B0033,48,2461,02461.csv,1.58183555727873,,,2461,94.47715908877176,5.5228409112282435,0,Healthy
discharge,[2009.       6.      26.      15.      29.      34.968],24,B0033,52,2465,02465.csv,1.69197694063711,,,2465,101.05549458636828,-1.0554945863682832,0,Healthy
discharge,[2009.       6.      26.      20.      32.      24.265],24,B0033,56,2469,02469.csv,1.68794838003544,,,2469,100.81488363340839,-0.8148836334083853,0,Healthy
discharge,[2009.       6.      27.       0.      28.      29.453],24,B0033,58,2471,02471.csv,1.65862230075314,,,2471,99.06334590557388,0.9366540944261175,0,Healthy
discharge,[2009.       6.      27.       4.      25.      16.218],24,B0033,60,2473,02473.csv,1.64201790327898,,,2473,98.07162695317015,1.9283730468298472,0,Healthy
discharge,[2009.       6.      27.       8.      21.      51.234],24,B0033,62,2475,02475.csv,1.63818107911187,,,2475,97.84246770487555,2.1575322951244544,0,Healthy
discharge,[2009.     6.    27.    12.    18.    20.5],24,B0033,64,2477,02477.csv,1.64228925079123,,,2477,98.08783353163858,1.91216646836142,0,Healthy
discharge,[2009.       6.      27.      17.      26.      12.718],24,B0033,68,2481,02481.csv,1.65127087626409,,,2481,98.62427264174113,1.375727358258871,0,Healthy
discharge,[2009.       6.      27.      21.      22.      21.781],24,B0033,70,2483,02483.csv,1.63265592979172,,,2483,97.51247106969619,2.48752893030381,0,Healthy
discharge,[2.0090e+03 6.0000e+00 2.8000e+01 1.0000e+00 1.8000e+01 3.4656e+01],24,B0033,72,2485,02485.csv,1.62608881116807,,,2485,97.12024148040261,2.879758519597388,0,Healthy
discharge,[2009.      6.     28.      5.     14.     48.25],24,B0033,74,2487,02487.csv,1.60792929638236,,,2487,96.03564115043157,3.964358849568427,0,Healthy
discharge,[2009.       6.      28.       9.      10.      46.125],24,B0033,76,2489,02489.csv,1.61253611149073,,,2489,96.31078909604659,3.689210903953409,0,Healthy
discharge,[2009.       6.      28.      14.      18.      12.906],24,B0033,80,2493,02493.csv,1.62183841689878,,,2493,96.86638122690032,3.133618773099684,0,Healthy
discharge,[2009.       6.      28.      18.      13.      23.984],24,B0033,82,2495,02495.csv,1.61454430291011,,,2495,96.43073090626602,3.569269093733979,0,Healthy
discharge,[2009.       6.      28.      22.       7.      58.453],24,B0033,84,2497,02497.csv,1.59539589171075,,,2497,95.28706746865096,4.71293253134904,0,Healthy
discharge,[2.009e+03 6.000e+00 2.900e+01 2.000e+00 3.000e+00 4.614e+01],24,B0033,86,2499,02499.csv,1.5877243027113,,,2499,94.82887196847417,5.171128031525825,0,Healthy
discharge,[2009.       6.      29.       5.      59.      12.218],24,B0033,88,2501,02501.csv,1.58118405783056,,,2501,94.43824744797081,5.561752552029191,0,Healthy
discharge,[2009.       6.      29.      11.       6.      27.906],24,B0033,92,2505,02505.csv,1.61284226082677,,,2505,96.3290742581122,3.6709257418877996,0,Healthy
discharge,[2009.       6.      29.      14.      59.      50.625],24,B0033,94,2507,02507.csv,1.61998606328022,,,2507,96.75574702936692,3.2442529706330845,0,Healthy
discharge,[2009.       6.      29.      18.      50.      48.062],24,B0033,96,2509,02509.csv,1.60993818536118,,,2509,96.15562462328394,3.8443753767160587,0,Healthy
discharge,[2009.       6.      29.      22.      44.      42.875],24,B0033,98,2511,02511.csv,1.57709775395651,,,2511,94.19418770394923,5.8058122960507745,0,Healthy
discharge,[2.0090e+03 6.0000e+00 3.0000e+01 2.0000e+00 3.6000e+01 3.9734e+01],24,B0033,100,2513,02513.csv,1.57085990665543,,,2513,93.82162426704593,6.178375732954066,0,Healthy
discharge,[2.0090e+03 7.0000e+00 1.0000e+00 1.1000e+01 1.5000e+01 2.3875e+01],24,B0033,104,2517,02517.csv,1.62615813453482,,,2517,97.12438190746462,2.875618092535376,0,Healthy
discharge,[2.0090e+03 7.0000e+00 1.0000e+00 1.6000e+01 1.8000e+01 1.8546e+01],24,B0033,108,2521,02521.csv,1.63481299722457,,,2521,97.64130469091606,2.3586953090839415,0,Healthy
discharge,[2.009e+03 7.000e+00 1.000e+00 2.000e+01 1.000e+01 2.437e+00],24,B0033,110,2523,02523.csv,1.61170536373426,,,2523,96.26117161995086,3.738828380049142,0,Healthy
discharge,[2009.       7.      14.      16.      14.      47.937],24,B0033,112,2525,02525.csv,1.88514016997206,,,2525,112.59241640103154,-12.592416401031542,0,Healthy
discharge,[2009.       7.      14.      21.      23.      50.218],24,B0033,116,2529,02529.csv,1.65849578877802,,,2529,99.05578981547018,0.9442101845298225,0,Healthy
discharge,[2.0090e+03 7.0000e+00 1.5000e+01 1.0000e+00 1.6000e+01 1.5015e+01],24,B0033,118,2531,02531.csv,1.62418934644937,,,2531,97.00679351194194,2.993206488058064,0,Healthy
discharge,[2009.       7.      15.       5.       9.       4.546],24,B0033,120,2533,02533.csv,1.60417209885636,,,2533,95.81123770548531,4.188762294514689,0,Healthy
discharge,[2009.       7.      15.       9.       4.      59.109],24,B0033,122,2535,02535.csv,1.60800167409073,,,2535,96.03996400196738,3.960035998032623,0,Healthy
discharge,[2009.       7.      15.      12.      57.      49.296],24,B0033,124,2537,02537.csv,1.62567521384355,,,2537,97.09553884930574,2.90446115069426,0,Healthy
discharge,[2009.      7.     15.     18.      0.     54.64],24,B0033,128,2541,02541.csv,1.61763276591071,,,2541,96.61519332330097,3.3848066766990286,0,Healthy
discharge,[2009.       7.      15.      21.      52.      48.093],24,B0033,130,2543,02543.csv,1.59731914890942,,,2543,95.40193647351765,4.598063526482349,0,Healthy
discharge,[2.009e+03 7.000e+00 1.600e+01 1.000e+00 4.400e+01 5.839e+01],24,B0033,132,2545,02545.csv,1.58758522501706,,,2545,94.82056537466678,5.179434625333215,0,Healthy
discharge,[2009.       7.      16.       5.      37.      32.718],24,B0033,134,2547,02547.csv,1.58025300154036,,,2547,94.38263891594289,5.617361084057109,0,Healthy
discharge,[2009.       7.      16.       9.      29.      18.125],24,B0033,136,2549,02549.csv,1.58303653048777,,,2549,94.5488887552404,5.451111244759602,0,Healthy
discharge,[2.009e+03 7.000e+00 1.600e+01 1.400e+01 3.600e+01 4.530e-01],24,B0033,140,2553,02553.csv,1.6027138832797,,,2553,95.72414390841652,4.275856091583478,0,Healthy
discharge,[2009.      7.     16.     18.     26.      9.14],24,B0033,142,2555,02555.csv,1.59307091545138,,,2555,95.14820527724086,4.851794722759138,0,Healthy
discharge,[2009.       7.      16.      22.      18.      31.578],24,B0033,144,2557,02557.csv,1.54488886850202,,,2557,92.27047067713588,7.729529322864124,0,Healthy
discharge,[2.0090e+03 7.0000e+00 1.7000e+01 2.0000e+00 1.0000e+01 3.8265e+01],24,B0033,146,2559,02559.csv,1.53521885656405,,,2559,91.6929168017978,8.307083198202207,0,Healthy
discharge,[2.0090e+03 7.0000e+00 1.7000e+01 6.0000e+00 2.0000e+00 3.1671e+01],24,B0033,148,2561,02561.csv,1.52526773142273,,,2561,91.09857307955518,8.90142692044482,0,Healthy
discharge,[2009.       7.      17.      11.       8.      50.734],24,B0033,152,2565,02565.csv,1.55594920054536,,,2565,92.93106320536992,7.068936794630076,0,Healthy
discharge,[2.009e+03 7.000e+00 1.700e+01 1.500e+01 0.000e+00 1.400e-01],24,B0033,154,2567,02567.csv,1.56480294384271,,,2567,93.4598643883917,6.5401356116083065,0,Healthy
discharge,[2009.      7.     17.     18.     49.     14.75],24,B0033,156,2569,02569.csv,1.55186204618812,,,2569,92.68695266514814,7.313047334851859,0,Healthy
discharge,[2009.       7.      17.      22.      40.      36.953],24,B0033,158,2571,02571.csv,1.5144550545105,,,2571,90.45277207191464,9.547227928085363,0,Healthy
discharge,[2.0090e+03 7.0000e+00 1.8000e+01 2.0000e+00 3.2000e+01 1.9203e+01],24,B0033,160,2573,02573.csv,1.50519362021464,,,2573,89.89962102069826,10.100378979301738,0,Healthy
discharge,[2009.      7.     23.     10.     25.     18.89],24,B0033,164,2577,02577.csv,1.60582396991704,,,2577,95.90989782491168,4.090102175088319,0,Healthy
discharge,[2009.       7.      23.      15.      28.      51.734],24,B0033,168,2581,02581.csv,1.6249005195877,,,2581,97.04926924048432,2.950730759515679,0,Healthy
discharge,[2009.      7.     23.     19.     19.     21.39],24,B0033,170,2583,02583.csv,1.58978513003661,,,2583,94.95195752573828,5.04804247426172,0,Healthy
discharge,[2009.       7.      23.      23.      11.      10.812],24,B0033,172,2585,02585.csv,1.55523861522999,,,2585,92.88862258530834,7.11137741469166,0,Healthy
discharge,[2.0090e+03 7.0000e+00 2.4000e+01 3.0000e+00 2.0000e+00 5.1234e+01],24,B0033,174,2587,02587.csv,1.5397564046368,,,2587,91.96392768479984,8.036072315200158,0,Healthy
discharge,[2009.       7.      24.       6.      55.      12.218],24,B0033,176,2589,02589.csv,1.52931740021383,,,2589,91.3404447462231,8.659555253776901,0,Healthy
discharge,[2.009e+03 7.000e+00 2.400e+01 1.200e+01 1.000e+00 7.843e+00],24,B0033,180,2593,02593.csv,1.54768055357687,,,2593,92.43720765161386,7.5627923483861395,0,Healthy
discharge,[2009.       7.      24.      15.      46.       9.421],24,B0033,182,2595,02595.csv,1.56599209394397,,,2595,93.53088790457213,6.4691120954278745,0,Healthy
discharge,[2009.      7.     24.     19.     35.     49.25],24,B0033,184,2597,02597.csv,1.54162528517805,,,2597,92.07554897400473,7.924451025995268,0,Healthy
discharge,[2009.       7.      24.      23.      28.       2.156],24,B0033,186,2599,02599.csv,1.51759065599016,,,2599,90.64004989511798,9.359950104882017,0,Healthy
discharge,[2009.      7.     25.      3.     20.      5.39],24,B0033,188,2601,02601.csv,1.5075202042593,,,2601,90.03857923914852,9.961420760851482,0,Healthy
discharge,[2009.       7.      25.       8.      26.      42.515],24,B0033,192,2605,02605.csv,1.49549282626034,,,2605,89.32022864992332,10.679771350076678,0,Healthy
discharge,[2009.       7.      25.      12.      19.      43.718],24,B0033,194,2607,02607.csv,1.49976188115731,,,2607,89.57520343336643,10.424796566633574,0,Healthy
discharge,[2009.       7.      25.      16.      13.       2.187],24,B0033,196,2609,02609.csv,1.49069668078039,,,2609,89.03377270484289,10.966227295157111,0,Healthy
discharge,[2009.       7.      25.      20.       6.      55.421],24,B0033,198,2611,02611.csv,1.48009994250518,,,2611,88.4008689094753,11.599131090524693,0,Healthy
discharge,[2.009e+03 7.000e+00 2.600e+01 0.000e+00 1.000e+00 9.546e+00],24,B0033,200,2613,02613.csv,1.46760914961006,,,2613,87.65484027074166,12.345159729258341,0,Healthy
discharge,[2009.       7.      26.       5.       7.      11.546],24,B0033,204,2617,02617.csv,1.47298184919205,,,2617,87.97573164962624,12.02426835037376,0,Healthy
discharge,[2.009e+03 7.000e+00 2.600e+01 9.000e+00 1.000e+00 3.514e+01],24,B0033,206,2619,02619.csv,1.47428721372064,,,2619,88.05369622165078,11.946303778349218,0,Healthy
discharge,[2009.       7.      26.      12.      55.      45.109],24,B0033,208,2621,02621.csv,1.46351628083461,,,2621,87.4103884295573,12.589611570442699,0,Healthy
discharge,[2009.       7.      26.      16.      49.      47.359],24,B0033,210,2623,02623.csv,1.45270956804883,,,2623,86.76494363702449,13.235056362975513,0,Healthy
discharge,[2009.       7.      26.      20.      43.      48.921],24,B0033,212,2625,02625.csv,1.45573038472302,,,2625,86.94536579038437,13.054634209615628,0,Healthy
discharge,[2.009e+03 7.000e+00 2.700e+01 1.000e+00 5.000e+01 3.890e+00],24,B0033,216,2629,02629.csv,1.45974009961856,,,2629,87.1848511593555,12.815148840644497,0,Healthy
discharge,[2009.       7.      27.       5.      43.      49.015],24,B0033,218,2631,02631.csv,1.44871150415819,,,2631,86.52615413927613,13.47384586072387,0,Healthy
discharge,[2009.      7.     27.      9.     37.     15.14],24,B0033,220,2633,02633.csv,1.46667597628843,,,2633,87.59910529629418,12.400894703705816,0,Healthy
discharge,[2009.       7.      27.      13.      29.      48.031],24,B0033,222,2635,02635.csv,1.46895021095044,,,2635,87.73493688067046,12.26506311932954,0,Healthy
discharge,[2009.       7.      27.      17.      21.      22.671],24,B0033,224,2637,02637.csv,1.47111658852204,,,2637,87.8643265618776,12.135673438122396,0,Healthy
discharge,[2.009e+03 7.000e+00 2.700e+01 2.200e+01 2.800e+01 1.870e-01],24,B0033,228,2641,02641.csv,1.44730123646549,,,2641,86.44192409112233,13.558075908877669,0,Healthy
discharge,[2.0090e+03 7.0000e+00 2.8000e+01 2.0000e+00 2.1000e+01 2.8109e+01],24,B0033,230,2643,02643.csv,1.42053155475616,,,2643,84.84307048970308,15.15692951029692,0,Warning
discharge,[2009.       7.      28.       6.      15.      44.125],24,B0033,232,2645,02645.csv,1.42414660948174,,,2645,85.058984273441,14.941015726559002,0,Healthy
discharge,[2009.       7.      28.      10.       9.      52.296],24,B0033,234,2647,02647.csv,1.44128200833642,,,2647,86.082417964885,13.917582035115004,0,Healthy
discharge,[2009.       7.      28.      14.       3.      56.171],24,B0033,236,2649,02649.csv,1.44489653889216,,,2649,86.2983004419064,13.701699558093594,0,Healthy
discharge,[2009.       7.      28.      19.       9.      29.828],24,B0033,240,2653,02653.csv,1.45402563547957,,,2653,86.84354745361809,13.156452546381914,0,Healthy
discharge,[2.0090e+03 7.0000e+00 2.8000e+01 2.3000e+01 2.0000e+00 2.6656e+01],24,B0033,242,2655,02655.csv,1.42260304475429,,,2655,84.96679288878784,15.033207111212164,0,Warning
discharge,[2.0090e+03 7.0000e+00 2.9000e+01 2.0000e+00 5.6000e+01 2.4125e+01],24,B0033,244,2657,02657.csv,1.41019695458909,,,2657,84.22582322932234,15.774176770677656,0,Warning
discharge,[2009.       7.      29.       6.      50.      26.906],24,B0033,246,2659,02659.csv,1.41448812989994,,,2659,84.482119182878,15.517880817122006,0,Warning
discharge,[2009.       7.      29.      10.      44.      27.906],24,B0033,248,2661,02661.csv,1.43136003294615,,,2661,85.48981524894022,14.510184751059782,0,Healthy
discharge,[2009.       7.      29.      15.      50.      33.843],24,B0033,252,2665,02665.csv,1.45151332365175,,,2665,86.69349640492003,13.306503595079974,0,Healthy
discharge,[2009.       7.      29.      19.      41.       4.109],24,B0033,254,2667,02667.csv,1.42303767577267,,,2667,84.99275178424917,15.007248215750835,0,Warning
discharge,[2009.       7.      29.      23.      34.      17.859],24,B0033,256,2669,02669.csv,1.39629869625591,,,2669,83.3957319106902,16.604268089309798,0,Warning
discharge,[2009.       7.      30.       3.      28.      18.171],24,B0033,258,2671,02671.csv,1.39790607303991,,,2671,83.4917345523294,16.508265447670595,0,Warning
discharge,[2009.       7.      30.       7.      22.      22.187],24,B0033,260,2673,02673.csv,1.40113475600967,,,2673,83.68457178700758,16.315428212992416,0,Warning
discharge,[2009.       7.      30.      12.      28.       5.953],24,B0033,264,2677,02677.csv,1.43678252894526,,,2677,85.81368078275554,14.18631921724446,0,Healthy
discharge,[2009.       7.      30.      16.      19.       5.437],24,B0033,266,2679,02679.csv,1.43700068795463,,,2679,85.82671060961717,14.173289390382834,0,Healthy
discharge,[2009.       7.      30.      20.       9.      43.296],24,B0033,268,2681,02681.csv,1.41035552845348,,,2681,84.23529425691704,15.764705743082956,0,Warning
discharge,[2009.       7.      31.       0.       3.       7.406],24,B0033,270,2683,02683.csv,1.38263339799618,,,2683,82.5795544314704,17.4204455685296,0,Warning
discharge,[2009.      7.     31.      3.     56.     28.39],24,B0033,272,2685,02685.csv,1.36994035830675,,,2685,81.82144634334435,18.17855365665565,0,Warning
discharge,[2.0090e+03 7.0000e+00 3.1000e+01 9.0000e+00 1.0000e+00 5.1906e+01],24,B0033,276,2689,02689.csv,1.37861293278823,,,2689,82.33942698629157,17.66057301370843,0,Warning
discharge,[2.009e+03 7.000e+00 3.100e+01 1.500e+01 4.200e+01 5.620e-01],24,B0033,278,2691,02691.csv,1.80359598631471,,,2691,107.7220853626947,-7.722085362694699,0,Healthy
discharge,[2009.       7.      31.      21.       3.       2.062],24,B0033,282,2695,02695.csv,1.4234424290662,,,2695,85.01692619424304,14.983073805756959,0,Healthy
discharge,[2.0090e+03 8.0000e+00 1.0000e+00 0.0000e+00 5.4000e+01 4.0031e+01],24,B0033,284,2697,02697.csv,1.39460038929586,,,2697,83.29429834756925,16.705701652430747,0,Warning
discharge,[2.0090e+03 8.0000e+00 1.0000e+00 4.0000e+00 4.6000e+01 4.8453e+01],24,B0033,286,2699,02699.csv,1.39616139878222,,,2699,83.38753164284023,16.61246835715977,0,Warning
discharge,[2.0090e+03 8.0000e+00 1.0000e+00 8.0000e+00 4.0000e+01 3.9031e+01],24,B0033,288,2701,02701.csv,1.38496860831579,,,2701,82.71902786526466,17.280972134735336,0,Warning
discharge,[2.0090e+03 8.0000e+00 1.0000e+00 1.2000e+01 3.3000e+01 3.2734e+01],24,B0033,290,2703,02703.csv,1.37151147424754,,,2703,81.91528325957873,18.08471674042127,0,Warning
discharge,[2.0090e+03 8.0000e+00 1.0000e+00 1.7000e+01 3.8000e+01 4.8781e+01],24,B0033,294,2707,02707.csv,1.36168650848792,,,2707,81.32847456834523,18.67152543165477,0,Warning
discharge,[2.0090e+03 8.0000e+00 1.0000e+00 2.1000e+01 3.0000e+01 3.3968e+01],24,B0033,296,2709,02709.csv,1.3796301360966,,,2709,82.40018075955724,17.599819240442756,0,Warning
discharge,[2.0090e+03 8.0000e+00 2.0000e+00 1.0000e+00 2.3000e+01 2.1296e+01],24,B0033,298,2711,02711.csv,1.3642317760032,,,2711,81.48049393777845,18.519506062221552,0,Warning
discharge,[2.0090e+03 8.0000e+00 2.0000e+00 5.0000e+00 1.6000e+01 4.7781e+01],24,B0033,300,2713,02713.csv,1.34184145120814,,,2713,80.14320304936824,19.85679695063176,0,Warning
discharge,[2.0090e+03 8.0000e+00 2.0000e+00 9.0000e+00 1.0000e+01 1.5046e+01],24,B0033,302,2715,02715.csv,1.35522156957922,,,2715,80.94234779368402,19.05765220631598,0,Warning
discharge,[2.0090e+03 8.0000e+00 2.0000e+00 1.4000e+01 1.5000e+01 2.7171e+01],24,B0033,306,2719,02719.csv,1.34038602640297,,,2719,80.05627593470889,19.943724065291107,0,Warning
discharge,[2.0090e+03 8.0000e+00 2.0000e+00 1.8000e+01 8.0000e+00 5.4375e+01],24,B0033,308,2721,02721.csv,1.35940789141954,,,2721,81.19238123912326,18.807618760876736,0,Warning
discharge,[2.0090e+03 8.0000e+00 2.0000e+00 2.2000e+01 2.0000e+00 1.0046e+01],24,B0033,310,2723,02723.csv,1.34571008613555,,,2723,80.3742622361538,19.625737763846203,0,Warning
discharge,[2.0090e+03 8.0000e+00 3.0000e+00 1.0000e+00 5.5000e+01 2.2875e+01],24,B0033,312,2725,02725.csv,1.34776114208543,,,2725,80.49676418547787,19.503235814522128,0,Warning
discharge,[2009.       8.       3.       5.      48.      39.625],24,B0033,314,2727,02727.csv,1.33548210313406,,,2727,79.76338282284019,20.236617177159815,0,Warning
discharge,[2009.       8.       3.      10.      53.      34.968],24,B0033,318,2731,02731.csv,1.35315494184223,,,2731,80.81891579938699,19.181084200613014,0,Warning
discharge,[2009.       8.       3.      14.      44.      14.312],24,B0033,320,2733,02733.csv,1.37096777060442,,,2733,81.88280986160015,18.11719013839985,0,Warning
discharge,[2009.      8.      3.     18.     38.      5.89],24,B0033,322,2735,02735.csv,1.35742667249186,,,2735,81.07405039559227,18.925949604407734,0,Warning
discharge,[2009.       8.       3.      22.      31.      42.515],24,B0033,324,2737,02737.csv,1.34436788211069,,,2737,80.29409737792767,19.70590262207233,0,Warning
discharge,[2.0090e+03 8.0000e+00 4.0000e+00 2.0000e+00 2.4000e+01 5.5453e+01],24,B0033,326,2739,02739.csv,1.33005823859453,,,2739,79.43943555119162,20.56056444880838,0,Warning
discharge,[2009.      8.      5.     10.     47.     54.89],24,B0033,330,2743,02743.csv,1.40336418580666,,,2743,83.8177273433094,16.1822726566906,0,Warning
discharge,[2009.       8.       5.      15.      53.      12.468],24,B0033,334,2747,02747.csv,1.38655709502293,,,2747,82.81390227281625,17.18609772718375,0,Warning
discharge,[2009.       8.       5.      19.      44.      54.078],24,B0033,336,2749,02749.csv,1.37041381768726,,,2749,81.84972431257364,18.150275687426358,0,Warning
discharge,[2009.       8.       5.      23.      38.      49.906],24,B0033,338,2751,02751.csv,1.32531939363571,,,2751,79.15640195328612,20.84359804671388,0,Warning
discharge,[2009.       8.       6.       3.      32.      21.312],24,B0033,340,2753,02753.csv,0.843968499320065,,,2753,50.40710193248221,49.59289806751779,0,Emergency
discharge,[2009.       8.       6.       7.      22.      48.562],24,B0033,342,2755,02755.csv,0.298661803715835,,,2755,17.83795958660986,82.16204041339014,0,Emergency
discharge,[2009.       8.       6.      12.      25.      17.046],24,B0033,346,2759,02759.csv,0.234486797470255,,,2759,14.005024964115323,85.99497503588468,0,Emergency
discharge,[2009.       8.       6.      16.      13.      25.921],24,B0033,348,2761,02761.csv,0.202563303807258,,,2761,12.098353328375302,87.9016466716247,0,Emergency
discharge,[2009.       8.       6.      20.       0.      59.562],24,B0033,350,2763,02763.csv,0.235319956540702,,,2763,14.054786459033473,85.94521354096653,0,Emergency
discharge,[2009.      8.      6.     23.     49.     34.39],24,B0033,352,2765,02765.csv,0.235504278374828,,,2765,14.065795317170544,85.93420468282946,0,Emergency
discharge,[2009.       8.       7.       3.      40.      19.734],24,B0033,354,2767,02767.csv,0.430424225675292,,,2767,25.707639367231945,74.29236063276805,0,Emergency
discharge,[2009.      8.      7.      8.     44.     36.25],24,B0033,358,2771,02771.csv,0.464363332026964,,,2771,27.734696058025914,72.26530394197408,0,Emergency
discharge,[2009.       8.       7.      12.      32.      22.343],24,B0033,360,2773,02773.csv,0.399483938024772,,,2773,23.85969097262176,76.14030902737824,0,Emergency
discharge,[2009.       8.       7.      16.      20.      49.765],24,B0033,362,2775,02775.csv,1.46146978942629,,,2775,87.28815910333691,12.711840896663091,0,Healthy
discharge,[2009.       8.       7.      20.      14.      10.406],24,B0033,364,2777,02777.csv,1.41509995453825,,,2777,84.51866119473382,15.481338805266176,0,Warning
discharge,[2009.       8.       8.       0.       7.       5.125],24,B0033,366,2779,02779.csv,1.38363237387395,,,2779,82.63921954804691,17.36078045195309,0,Warning
discharge,[2009.       8.       8.       5.      11.      27.593],24,B0033,370,2783,02783.csv,1.37054028936098,,,2783,81.85727799562449,18.142722004375514,0,Warning
discharge,[2009.       8.       8.       9.       3.      54.812],24,B0033,372,2785,02785.csv,1.35570425661153,,,2785,80.97117689626158,19.028823103738418,0,Warning
discharge,[2009.       8.       8.      12.      56.      26.703],24,B0033,374,2787,02787.csv,1.35783857939197,,,2787,81.09865206392143,18.901347936078565,0,Warning
discharge,[2009.       8.       8.      16.      48.      44.937],24,B0033,376,2789,02789.csv,1.36090839795713,,,2789,81.2820009181179,18.7179990818821,0,Warning
discharge,[2009.       8.       8.      20.      40.      51.687],24,B0033,378,2791,02791.csv,1.34956265476847,,,2791,80.60436184287838,19.395638157121624,0,Warning
discharge,[2009.       8.      17.      13.       8.      30.968],24,B0033,382,2795,02795.csv,1.18888771324866,,,2795,71.00784471965672,28.992155280343283,0,Warning
discharge,[2009.       8.      17.      18.      14.       9.375],24,B0033,386,2799,02799.csv,1.50414939346086,,,2799,89.8372532374684,10.162746762531597,0,Healthy
discharge,[2009.       8.      17.      22.       6.      54.109],24,B0033,388,2801,02801.csv,1.48990886387127,,,2801,88.98671932871079,11.013280671289209,0,Healthy
discharge,[2.009e+03 8.000e+00 1.800e+01 2.000e+00 1.000e+00 3.312e+00],24,B0033,390,2803,02803.csv,1.47533017864319,,,2803,88.11598864039074,11.88401135960926,0,Healthy
discharge,[2009.       8.      18.       5.      55.       2.015],24,B0033,392,2805,02805.csv,1.4598307654137,,,2805,87.19026629034805,12.809733709651951,0,Healthy
discharge,[2009.      8.     18.      9.     48.     49.64],24,B0033,394,2807,02807.csv,1.44741690577257,,,2807,86.44883258895982,13.551167411040183,0,Healthy
discharge,[2009.       8.      18.      14.      54.      37.937],24,B0033,398,2811,02811.csv,1.46763236746471,,,2811,87.65622698691286,12.343773013087144,0,Healthy
discharge,[2009.       8.      18.      18.      45.      24.703],24,B0033,400,2813,02813.csv,1.44155249316552,,,2813,86.09857301849496,13.90142698150504,0,Healthy
discharge,[2009.       8.      18.      22.      39.      17.609],24,B0033,402,2815,02815.csv,1.4183928735844,,,2815,84.71533501152723,15.28466498847277,0,Warning
discharge,[2.0090e+03 8.0000e+00 1.9000e+01 2.0000e+00 3.2000e+01 3.8625e+01],24,B0033,404,2817,02817.csv,1.40318248388525,,,2817,83.80687496282219,16.193125037177808,0,Warning
discharge,[2009.       8.      19.       6.      25.      55.265],24,B0033,406,2819,02819.csv,1.39111046612116,,,2819,83.0858582063254,16.914141793674602,0,Warning
discharge,[2009.       8.      19.      11.      30.      52.687],24,B0033,410,2823,02823.csv,1.40860199581345,,,2823,84.13056226917209,15.869437730827912,0,Warning
discharge,[2009.       8.      19.      15.      24.      12.875],24,B0033,412,2825,02825.csv,1.41377089039489,,,2825,84.43928113279652,15.560718867203477,0,Warning
discharge,[2009.       8.      19.      19.      17.      33.312],24,B0033,414,2827,02827.csv,1.41247223454084,,,2827,84.36171724497008,15.63828275502992,0,Warning
discharge,[2009.       8.      19.      23.      10.      50.875],24,B0033,416,2829,02829.csv,1.38319000265755,,,2829,82.6127983593236,17.387201640676395,0,Warning
discharge,[2009.       8.      20.       3.       3.      46.687],24,B0033,418,2831,02831.csv,1.36460981074325,,,2831,81.50307254787003,18.496927452129967,0,Warning
discharge,[2009.       8.      20.       8.       8.      26.703],24,B0033,422,2835,02835.csv,1.36975136578243,,,2835,81.81015852224019,18.189841477759813,0,Warning
discharge,[2.009e+03 8.000e+00 2.000e+01 1.200e+01 1.000e+00 9.546e+00],24,B0033,424,2837,02837.csv,1.38679469110716,,,2837,82.82809300392316,17.171906996076842,0,Warning
discharge,[2009.       8.      20.      15.      51.      55.171],24,B0033,426,2839,02839.csv,1.39186158757427,,,2839,83.13071989924532,16.86928010075468,0,Warning
discharge,[2009.       8.      20.      19.      42.      35.546],24,B0033,428,2841,02841.csv,1.37716235218096,,,2841,82.25278919756977,17.74721080243023,0,Warning
discharge,[2009.      8.     20.     23.     35.     23.25],24,B0033,430,2843,02843.csv,1.35995253593908,,,2843,81.22491083215374,18.77508916784626,0,Warning
discharge,[2009.       8.      21.      17.      59.      25.484],24,B0033,434,2847,02847.csv,1.37977904317072,,,2847,82.40907442569488,17.590925574305118,0,Warning
discharge,[2009.       8.      21.      23.       4.      26.375],24,B0033,438,2851,02851.csv,1.36313736619664,,,2851,81.4151289073068,18.584871092693206,0,Warning
discharge,[2.009e+03 8.000e+00 2.200e+01 2.000e+00 5.700e+01 6.984e+00],24,B0033,440,2853,02853.csv,1.36522952287948,,,2853,81.54008565066346,18.459914349336543,0,Warning
discharge,[2009.      8.     22.      6.     49.     38.89],24,B0033,442,2855,02855.csv,1.34986206940591,,,2855,80.62224476642548,19.37775523357452,0,Warning
discharge,[2009.       8.      22.      10.      41.      58.171],24,B0033,444,2857,02857.csv,1.35295041723324,,,2857,80.80670030458906,19.193299695410943,0,Warning
discharge,[2009.       8.      22.      14.      34.       5.875],24,B0033,446,2859,02859.csv,1.35357405426051,,,2859,80.84394782653779,19.156052173462214,0,Warning
discharge,[2009.       8.      22.      19.      38.       7.906],24,B0033,450,2863,02863.csv,1.3432225183905,,,2863,80.22568905956045,19.77431094043955,0,Warning
discharge,[2009.       8.      22.      23.      30.      19.437],24,B0033,452,2865,02865.csv,1.34120817690534,,,2865,80.10537992876814,19.894620071231856,0,Warning
discharge,[2009.       8.      23.       3.      22.      24.156],24,B0033,454,2867,02867.csv,1.32773899699878,,,2867,79.30091586992721,20.69908413007279,0,Warning
discharge,[2009.       8.      23.       7.      14.      19.109],24,B0033,456,2869,02869.csv,1.3297789004454,,,2869,79.42275172167884,20.577248278321164,0,Warning
discharge,[2009.       8.      23.      11.       6.       6.546],24,B0033,458,2871,02871.csv,1.33560450287024,,,2871,79.77069330419477,20.229306695805235,0,Warning
discharge,[2009.       8.      23.      16.       9.      49.296],24,B0033,462,2875,02875.csv,1.31774896857111,,,2875,78.70424859897142,21.295751401028582,0,Warning
discharge,[2.009e+03 8.000e+00 2.300e+01 2.000e+01 1.000e+00 3.250e+01],24,B0033,464,2877,02877.csv,1.31760547247419,,,2877,78.69567811039254,21.304321889607465,0,Warning
discharge,[2009.       8.      23.      23.      53.       2.437],24,B0033,466,2879,02879.csv,1.31852795220723,,,2879,78.75077439653528,21.249225603464723,0,Warning
discharge,[2009.       8.      24.       3.      44.      13.046],24,B0033,468,2881,02881.csv,1.32153972698139,,,2881,78.93065651080977,21.06934348919023,0,Warning
discharge,[2009.       8.      24.       7.      35.      22.546],24,B0033,470,2883,02883.csv,1.30466153729287,,,2883,77.9225849669661,22.0774150330339,0,Warning
discharge,[2009.      8.     24.     12.     38.     30.39],24,B0033,474,2887,02887.csv,1.32803247702086,,,2887,79.31844434095433,20.68155565904567,0,Warning
discharge,[2009.       8.      24.      16.      30.      26.734],24,B0033,476,2889,02889.csv,1.36345497707139,,,2889,81.43409862448378,18.56590137551622,0,Warning
discharge,[2009.       8.      24.      20.      22.      13.218],24,B0033,478,2891,02891.csv,1.32913167474024,,,2891,79.38409533566488,20.61590466433512,0,Warning
discharge,[2009.       8.      25.       0.      13.      33.593],24,B0033,480,2893,02893.csv,1.31242010869176,,,2893,78.38597560259926,21.61402439740074,0,Warning
discharge,[2009.       8.      25.       4.       4.      24.875],24,B0033,482,2895,02895.csv,1.31528255036763,,,2895,78.55693860589572,21.443061394104276,0,Warning
discharge,[2.009e+03 4.000e+00 7.000e+00 1.600e+01 3.100e+01 1.890e+00],43,B0030,1,2900,02900.csv,1.65607060961754,,,2900,98.91094287717172,1.0890571228282795,0,Healthy
discharge,[2009.       4.       7.      19.      44.      26.578],43,B0030,3,2902,02902.csv,1.78155487495091,,,2902,106.40565169471378,-6.405651694713782,0,Healthy
discharge,[2009    4    7   22   58   18],43,B0030,5,2904,02904.csv,1.76196922782291,,,2904,105.23587378002846,-5.235873780028456,0,Healthy
discharge,[2.0090e+03 4.0000e+00 8.0000e+00 2.0000e+00 1.1000e+01 3.0218e+01],43,B0030,7,2906,02906.csv,1.75175503187422,,,2906,104.62581781614028,-4.625817816140284,0,Healthy
discharge,[2009.       4.       8.       5.      23.      26.343],43,B0030,9,2908,02908.csv,1.7381688070362,,,2908,103.81436309853005,-3.814363098530052,0,Healthy
discharge,[2009.       4.       9.      10.      24.      58.296],43,B0030,13,2912,02912.csv,1.75067452934613,,,2912,104.5612834157265,-4.561283415726507,0,Healthy
discharge,[2009.       4.       9.      13.      33.      59.843],43,B0030,15,2914,02914.csv,1.74910476490611,,,2914,104.46752721961039,-4.467527219610389,0,Healthy
discharge,[2009.       4.       9.      16.      42.      43.421],43,B0030,17,2916,02916.csv,1.72525440287654,,,2916,103.04303373327801,-3.0430337332780084,0,Healthy
discharge,[2009.       4.       9.      19.      50.      50.062],43,B0030,19,2918,02918.csv,1.71126213676442,,,2918,102.20732767938112,-2.207327679381123,0,Healthy
discharge,[2009.       4.       9.      22.      58.      17.875],43,B0030,21,2920,02920.csv,1.69904183927112,,,2920,101.47745472572669,-1.4774547257266875,0,Healthy
discharge,[2009.       4.      10.      12.      49.       4.718],43,B0030,25,2924,02924.csv,1.71857700395329,,,2924,102.64421751153598,-2.6442175115359845,0,Healthy
discharge,[2009.       4.      10.      15.      54.      20.093],43,B0030,27,2926,02926.csv,1.70324722921867,,,2926,101.7286270383459,-1.7286270383459055,0,Healthy
discharge,[2009.       4.      10.      18.      59.       6.625],43,B0030,29,2928,02928.csv,1.6894580446623,,,2928,100.90505029103991,-0.9050502910399132,0,Healthy
discharge,[2009.       4.      10.      22.       3.      26.625],43,B0030,31,2930,02930.csv,1.67561362927191,,,2930,100.07817481127823,-0.078174811278231,0,Healthy
discharge,[2.0090e+03 4.0000e+00 1.1000e+01 1.0000e+00 8.0000e+00 2.7484e+01],43,B0030,33,2932,02932.csv,1.67184071408716,,,2932,99.85283260898808,0.14716739101191934,0,Healthy
discharge,[2009.       4.      13.       9.      51.      27.484],43,B0030,37,2936,02936.csv,1.72330566812044,,,2936,102.92664304859103,-2.926643048591032,0,Healthy
discharge,[2009.       4.      13.      12.      55.      24.468],43,B0030,39,2938,02938.csv,1.70920729050728,,,2938,102.08459934909074,-2.0845993490907375,0,Healthy
discharge,[2009.       4.      13.      15.      59.      56.875],43,B0030,41,2940,02940.csv,1.68400173434457,,,2940,100.57916515364123,-0.5791651536412274,0,Healthy
discharge,[2009.       4.      13.      19.       4.      39.468],43,B0030,43,2942,02942.csv,1.66898698813004,,,2942,99.6823901631814,0.31760983681860466,0,Healthy
discharge,[2009.       4.      13.      22.       9.      45.531],43,B0030,45,2944,02944.csv,1.66206893628371,,,2944,99.26920063670842,0.730799363291581,0,Healthy
discharge,[2009.       4.      14.      10.      33.      23.937],43,B0030,49,2948,02948.csv,1.66870496252481,,,2948,99.66554582190342,0.3344541780965784,0,Healthy
discharge,[2009.       4.      14.      13.      36.      17.437],43,B0030,51,2950,02950.csv,1.65276218355046,,,2950,98.71334288364858,1.2866571163514209,0,Healthy
discharge,[2009.       4.      14.      16.      39.      25.031],43,B0030,53,2952,02952.csv,1.64848136623524,,,2952,98.45766557467736,1.542334425322636,0,Healthy
discharge,[2009.       4.      14.      19.      42.      47.234],43,B0030,55,2954,02954.csv,1.6307406443132,,,2954,97.39807818604788,2.601921813952117,0,Healthy
discharge,[2009.       4.      14.      22.      45.      53.781],43,B0030,57,2956,02956.csv,1.62323023017929,,,2956,96.94950906159815,3.0504909384018504,0,Healthy
discharge,[2009.      4.     15.     14.     58.     30.25],43,B0030,61,2960,02960.csv,1.65419065403943,,,2960,98.79866011717455,1.201339882825451,0,Healthy
discharge,[2.0090e+03 4.0000e+00 1.5000e+01 1.8000e+01 1.0000e+00 4.3843e+01],43,B0030,63,2962,02962.csv,1.63851439661698,,,2962,97.86237552071168,2.13762447928832,0,Healthy
discharge,[2.0090e+03 4.0000e+00 1.5000e+01 2.1000e+01 2.0000e+00 5.8328e+01],43,B0030,65,2964,02964.csv,1.61884767335761,,,2964,96.68775523001167,3.3122447699883253,0,Healthy
discharge,[2.009e+03 4.000e+00 1.600e+01 0.000e+00 5.000e+00 8.120e-01],43,B0030,67,2966,02966.csv,1.61342122677514,,,2966,96.36365374253423,3.6363462574657746,0,Healthy
discharge,[2009.       4.      16.       3.       6.      43.062],43,B0030,69,2968,02968.csv,1.60664436017619,,,2968,95.95889668618518,4.041103313814816,0,Healthy
discharge,[2009.      4.     16.     10.     13.     36.39],43,B0030,73,2972,02972.csv,1.61383878769389,,,2972,96.38859310438413,3.611406895615872,0,Healthy
discharge,[2009.       4.      16.      13.      14.      46.296],43,B0030,75,2974,02974.csv,1.59632950132727,,,2974,95.34282850137076,4.657171498629239,0,Healthy
discharge,[2009.       4.      16.      16.      16.      19.734],43,B0030,77,2976,02976.csv,1.58907858674069,,,2976,94.90975832047666,5.090241679523345,0,Healthy
discharge,[2009.       4.      16.      19.      17.      26.531],43,B0030,79,2978,02978.csv,1.58054814323095,,,2978,94.40026663225468,5.599733367745316,0,Healthy
discharge,[2009.      4.     16.     22.     17.     17.75],43,B0030,81,2980,02980.csv,1.58461310542708,,,2980,94.6430517171685,5.356948282831496,0,Healthy
discharge,[2009.       4.      17.       9.      45.      34.062],43,B0030,85,2984,02984.csv,1.59366512212207,,,2984,95.1836950333663,4.816304966633695,0,Healthy
discharge,[2009.       4.      17.      12.      46.      29.125],43,B0030,87,2986,02986.csv,1.58498741269608,,,2986,94.66540769926706,5.334592300732936,0,Healthy
discharge,[2009.       4.      17.      15.      46.      53.875],43,B0030,89,2988,02988.csv,1.57870649694164,,,2988,94.29027194370455,5.709728056295447,0,Healthy
discharge,[2009.       4.      17.      18.      47.      33.937],43,B0030,91,2990,02990.csv,1.57070551609696,,,2990,93.81240309276694,6.187596907233058,0,Healthy
discharge,[2009.       4.      17.      21.      46.      23.796],43,B0030,93,2992,02992.csv,1.56278040442848,,,2992,93.33906562576288,6.660934374237115,0,Healthy
discharge,[2010.      6.     16.     10.     39.     50.39],4,B0041,0,2996,02996.csv,0.055620243768194,,,2996,3.3219904527142905,96.67800954728571,0,Emergency
discharge,[2010.       6.      16.      14.      46.      51.593],4,B0041,3,2999,02999.csv,0.0556974726122768,,,2999,3.3266030445574053,96.6733969554426,0,Emergency
discharge,[2010.       6.      16.      18.       7.      22.875],4,B0041,5,3001,03001.csv,0.0558390162918539,,,3001,3.335056922504378,96.66494307749562,0,Emergency
discharge,[2010.       6.      16.      21.      27.      32.859],4,B0041,7,3003,03003.csv,0.056148059974053,,,3003,3.3535149531094897,96.6464850468905,0,Emergency
discharge,[2010.       6.      17.       0.      47.      36.281],4,B0041,9,3005,03005.csv,0.056470531599139,,,3005,3.3727749848395114,96.62722501516049,0,Emergency
discharge,[2010.       6.      17.       3.      38.      47.796],4,B0041,11,3007,03007.csv,0.0440922918408019,,,3007,2.633468726672432,97.36653127332757,0,Emergency
discharge,[2010.      6.     17.      8.     10.     30.89],4,B0041,15,3011,03011.csv,0.0567719130814178,,,3011,3.39077538071925,96.60922461928075,0,Emergency
discharge,[2010.       6.      17.      11.      30.      34.546],4,B0041,17,3013,03013.csv,0.0569383765007572,,,3013,3.4007176221102857,96.59928237788971,0,Emergency
discharge,[2010.       6.      17.      14.      50.      30.921],4,B0041,19,3015,03015.csv,0.0444014841131225,,,3015,2.6519356320132794,97.34806436798672,0,Emergency
discharge,[2010.       6.      17.      18.      10.       6.218],4,B0041,21,3017,03017.csv,0.0446343581849161,,,3017,2.665844334866276,97.33415566513372,0,Emergency
discharge,[2010.       6.      17.      21.      29.      54.875],4,B0041,23,3019,03019.csv,0.0447987224365748,,,3019,2.675661200773109,97.3243387992269,0,Emergency
discharge,[2.0100e+03 6.0000e+00 1.8000e+01 2.0000e+00 1.0000e+00 1.1046e+01],4,B0041,27,3023,03023.csv,0.0467089878078547,,,3023,2.78975425207274,97.21024574792726,0,Emergency
discharge,[2010.       6.      18.       5.      20.      59.203],4,B0041,29,3025,03025.csv,0.0449537153308952,,,3025,2.6849183503339193,97.31508164966608,0,Emergency
discharge,[2010.       6.      18.       8.      40.      33.875],4,B0041,31,3027,03027.csv,0.0452193290195426,,,3027,2.700782468827795,97.2992175311722,0,Emergency
discharge,[2010.       6.      18.      12.       0.       2.609],4,B0041,33,3029,03029.csv,0.0454022241469497,,,3029,2.711706115074772,97.28829388492522,0,Emergency
discharge,[2010.       6.      18.      15.      19.      35.359],4,B0041,35,3031,03031.csv,0.0456790122497417,,,3031,2.728237639796814,97.27176236020318,0,Emergency
discharge,[2010.       6.      18.      19.      50.      33.234],4,B0041,39,3035,03035.csv,0.0455208025703398,,,3035,2.718788363617974,97.28121163638203,0,Emergency
discharge,[2010    6   18   23    9   59],4,B0041,41,3037,03037.csv,0.0457285414602425,,,3037,2.7311958354692365,97.26880416453076,0,Emergency
discharge,[2.0100e+03 6.0000e+00 1.9000e+01 2.0000e+00 2.9000e+01 1.6281e+01],4,B0041,43,3039,03039.csv,0.045860512192502,,,3039,2.7390779568499135,97.26092204315009,0,Emergency
discharge,[2010.       6.      19.       5.      42.      11.468],4,B0041,45,3041,03041.csv,0.045983556030275,,,3041,2.746426907998901,97.2535730920011,0,Emergency
discharge,[2010.       6.      19.       8.      49.      37.406],4,B0041,47,3043,03043.csv,0.046128762966734,,,3043,2.75509957866527,97.24490042133473,0,Emergency
discharge,[2010.       6.      21.      15.      19.      37.906],4,B0041,51,3047,03047.csv,0.0463714545530443,,,3047,2.7695946451744518,97.23040535482555,0,Emergency
discharge,[2010.       6.      21.      19.      51.      35.109],4,B0041,55,3051,03051.csv,0.0464238542531432,,,3051,2.7727242845226563,97.22727571547735,0,Emergency
discharge,[2010.       6.      21.      23.      11.      45.359],4,B0041,57,3053,03053.csv,0.0465794695305646,,,3053,2.7820186067130597,97.21798139328693,0,Emergency
discharge,[2.0100e+03 6.0000e+00 2.2000e+01 2.0000e+00 3.1000e+01 3.5687e+01],4,B0041,59,3055,03055.csv,0.0467260089483965,,,3055,2.790770861539786,97.20922913846022,0,Emergency
discharge,[2010.       6.      22.       5.      44.      45.062],4,B0041,61,3057,03057.csv,0.0468634724324437,,,3057,2.7989810445714323,97.20101895542857,0,Emergency
discharge,[2010.       6.      22.       9.       4.      54.281],4,B0041,63,3059,03059.csv,0.0471230704848885,,,3059,2.8144858714714895,97.18551412852851,0,Emergency
discharge,[2010.       6.      22.      13.      36.       7.203],4,B0041,67,3063,03063.csv,0.047089685801538,,,3063,2.8124919284060934,97.18750807159391,0,Emergency
discharge,[2010.       6.      22.      16.      55.      44.609],4,B0041,69,3065,03065.csv,0.0471681699068244,,,3065,2.8171794923358355,97.18282050766416,0,Emergency
discharge,[2010.       6.      22.      20.      15.       9.718],4,B0041,71,3067,03067.csv,0.0474166233958466,,,3067,2.8320186958804134,97.16798130411959,0,Emergency
discharge,[2010.       6.      22.      23.      34.      40.078],4,B0041,73,3069,03069.csv,0.0474736581861432,,,3069,2.835425171940237,97.16457482805976,0,Emergency
discharge,[2.010e+03 6.000e+00 2.300e+01 2.000e+00 5.400e+01 2.359e+00],4,B0041,75,3071,03071.csv,0.047671071688296,,,3071,2.847215946754559,97.15278405324544,0,Emergency
discharge,[2010.       6.      23.       7.      24.      51.046],4,B0041,79,3075,03075.csv,0.0477561486679362,,,3075,2.8522972785676375,97.14770272143237,0,Emergency
discharge,[2010.      6.     23.     10.     44.     16.39],4,B0041,81,3077,03077.csv,0.0478336905290522,,,3077,2.8569285657548464,97.14307143424516,0,Emergency
discharge,[2010.      6.     23.     14.      3.     18.14],4,B0041,83,3079,03079.csv,0.0479228171589379,,,3079,2.862251768126933,97.13774823187306,0,Emergency
discharge,[2010.       6.      23.      17.      19.      43.093],4,B0041,85,3081,03081.csv,0.0481080249716144,,,3081,2.873313542470167,97.12668645752983,0,Emergency
discharge,[2010.       6.      23.      20.      32.      31.953],4,B0041,87,3083,03083.csv,0.0480878273582587,,,3083,2.8721072140870176,97.12789278591298,0,Emergency
discharge,[2010.       6.      23.      23.      10.       5.078],4,B0041,91,3087,03087.csv,0.0484226192632661,,,3087,2.892103090349549,97.10789690965045,0,Emergency
discharge,[2010.       6.      24.       0.      22.      53.234],4,B0041,93,3089,03089.csv,0.0479864952546282,,,3089,2.8660550241286833,97.13394497587132,0,Emergency
discharge,[2.010e+03 6.000e+00 2.400e+01 1.000e+00 1.800e+01 4.437e+00],4,B0041,95,3091,03091.csv,0.0482217520049512,,,3091,2.8801060355152335,97.11989396448476,0,Emergency
discharge,[2.0100e+03 6.0000e+00 2.4000e+01 2.0000e+00 1.7000e+01 4.2484e+01],4,B0041,97,3093,03093.csv,0.0478773156676534,,,3093,2.8595341331546495,97.14046586684535,0,Emergency
discharge,[2010.     6.    24.     3.    12.    12.5],4,B0041,99,3095,03095.csv,0.0482903205557941,,,3095,2.8842013802283186,97.11579861977168,0,Emergency
discharge,[2010.       6.      25.      18.      45.       5.406],4,B0041,103,3099,03099.csv,1.21564940863608,,,3099,72.60622132774874,27.39377867225126,0,Warning
discharge,[2010.       6.      26.       0.      33.      10.328],4,B0041,107,3103,03103.csv,1.14764163209465,,,3103,68.5443695796241,31.455630420375897,0,Critical
discharge,[2010.       6.      26.       5.      11.       6.265],4,B0041,109,3105,03105.csv,1.11945745272981,,,3105,66.86103329009268,33.13896670990732,0,Critical
discharge,[2010.       6.      26.       9.      48.      28.984],4,B0041,111,3107,03107.csv,1.08413256418501,,,3107,64.7512089790362,35.24879102096379,0,Critical
discharge,[2010.      6.     26.     14.     25.     15.64],4,B0041,113,3109,03109.csv,1.06077842328926,,,3109,63.35635293686636,36.64364706313364,0,Critical
discharge,[2.0100e+03 6.0000e+00 2.6000e+01 1.9000e+01 1.0000e+00 1.0906e+01],4,B0041,115,3111,03111.csv,1.01703128656265,,,3111,60.74349904242713,39.25650095757287,0,Critical
discharge,[2010.       6.      27.       0.      48.      32.265],4,B0041,119,3115,03115.csv,1.00003749998085,,,3115,59.728523325753144,40.271476674246856,0,Emergency
discharge,[2010.       6.      27.       5.      23.      33.859],4,B0041,121,3117,03117.csv,0.991506494786248,,,3117,59.21899809018182,40.78100190981818,0,Emergency
discharge,[2010.       6.      27.       9.      58.      20.953],4,B0041,123,3119,03119.csv,0.965564442537101,,,3119,57.66957572060992,42.33042427939008,0,Emergency
discharge,[2010.       6.      27.      14.      32.      41.171],4,B0041,125,3121,03121.csv,0.938331196243967,,,3121,56.04303512939551,43.95696487060449,0,Emergency
discharge,[2010.       6.      27.      19.       6.      37.984],4,B0041,127,3123,03123.csv,0.929890338924026,,,3123,55.53889409135133,44.46110590864867,0,Emergency
discharge,[2010.       6.      28.       0.      51.      57.734],4,B0041,131,3127,03127.csv,0.907211739944859,,,3127,54.1843856572691,45.8156143427309,0,Emergency
discharge,[2010.      6.     28.      5.     24.     57.14],4,B0041,133,3129,03129.csv,0.917687067693732,,,3129,54.8100380531097,45.1899619468903,0,Emergency
discharge,[2010.       6.      28.       9.      57.      41.468],4,B0041,135,3131,03131.csv,0.915743072196302,,,3131,54.69393042673006,45.30606957326994,0,Emergency
discharge,[2010.       6.      28.      14.      29.      46.171],4,B0041,137,3133,03133.csv,0.911166269005043,,,3133,54.42057498138754,45.57942501861246,0,Emergency
discharge,[2.010e+03 6.000e+00 2.800e+01 1.900e+01 1.000e+00 9.578e+00],4,B0041,139,3135,03135.csv,0.896890144357269,,,3135,53.56791511209037,46.43208488790963,0,Emergency
discharge,[2.01e+03 6.00e+00 2.90e+01 0.00e+00 4.40e+01 7.80e-02],4,B0041,143,3139,03139.csv,0.886213347280015,,,3139,52.930229702007935,47.069770297992065,0,Emergency
discharge,[2010.       6.      29.       5.      14.      48.968],4,B0041,145,3141,03141.csv,0.893112413618701,,,3141,53.34228529466722,46.65771470533278,0,Emergency
discharge,[2010.       6.      29.       9.      44.      58.609],4,B0041,147,3143,03143.csv,0.880898507091054,,,3143,52.612794049639824,47.387205950360176,0,Emergency
discharge,[2010.       6.      29.      14.      14.      43.546],4,B0041,149,3145,03145.csv,0.879887938202374,,,3145,52.552436525606005,47.447563474393995,0,Emergency
discharge,[2.010e+03 6.000e+00 2.900e+01 1.800e+01 4.400e+01 1.531e+00],4,B0041,151,3147,03147.csv,0.868234753711544,,,3147,51.8564351239654,48.1435648760346,0,Emergency
discharge,[2010.       6.      30.       0.      24.      32.875],4,B0041,155,3151,03151.csv,0.844356949039551,,,3151,50.43030259058918,49.56969740941082,0,Emergency
discharge,[2010.     6.    30.     4.    53.    18.5],4,B0041,157,3153,03153.csv,0.865709320314853,,,3153,51.705600372723794,48.294399627276206,0,Emergency
discharge,[2010.       6.      30.       9.      21.      28.343],4,B0041,159,3155,03155.csv,0.848696904019178,,,3155,50.689511972475685,49.310488027524315,0,Emergency
discharge,[2010.       6.      30.      13.      49.       7.171],4,B0041,161,3157,03157.csv,0.836494843364634,,,3157,49.96072823742461,50.03927176257539,0,Emergency
discharge,[2.0090e+03 2.0000e+00 1.3000e+01 2.3000e+01 1.2000e+01 2.8078e+01],24,B0027,3,3162,03162.csv,1.82330777421493,,,3162,108.89939719691404,-8.899397196914038,0,Healthy
discharge,[2.0090e+03 2.0000e+00 1.4000e+01 4.0000e+00 3.0000e+00 3.4578e+01],24,B0027,5,3164,03164.csv,1.81423846511679,,,3164,108.35772106974171,-8.357721069741714,0,Healthy
discharge,[2.0090e+03 2.0000e+00 1.4000e+01 8.0000e+00 5.4000e+01 4.1468e+01],24,B0027,7,3166,03166.csv,1.81285967931308,,,3166,108.27537131781773,-8.27537131781773,0,Healthy
discharge,[2.0090e+03 2.0000e+00 1.4000e+01 1.3000e+01 4.5000e+01 2.3546e+01],24,B0027,9,3168,03168.csv,1.81442424467399,,,3168,108.3688169922605,-8.368816992260506,0,Healthy
discharge,[2.0090e+03 2.0000e+00 1.4000e+01 1.8000e+01 3.5000e+01 4.0671e+01],24,B0027,11,3170,03170.csv,1.81280033385304,,,3170,108.27182683404153,-8.271826834041534,0,Healthy
discharge,[2.0090e+03 2.0000e+00 1.8000e+01 1.0000e+01 4.8000e+01 5.8156e+01],24,B0027,15,3174,03174.csv,1.79460387031952,,,3174,107.18501969268044,-7.1850196926804415,0,Healthy
discharge,[2.009e+03 2.000e+00 1.800e+01 1.600e+01 4.900e+01 7.390e+00],24,B0027,19,3178,03178.csv,1.81651917129383,,,3178,108.49393917365995,-8.493939173659953,0,Healthy
discharge,[2.0090e+03 2.0000e+00 1.9000e+01 0.0000e+00 5.2000e+01 4.9687e+01],24,B0027,22,3181,03181.csv,1.81983355651902,,,3181,108.69189508555036,-8.691895085550357,0,Healthy
discharge,[2.009e+03 2.000e+00 1.900e+01 5.000e+00 3.800e+01 5.714e+01],24,B0027,24,3183,03183.csv,1.81698098644072,,,3183,108.52152167608983,-8.521521676089833,0,Healthy
discharge,[2.0090e+03 2.0000e+00 1.9000e+01 1.0000e+01 2.5000e+01 1.5218e+01],24,B0027,26,3185,03185.csv,1.80476027107689,,,3185,107.79162376458164,-7.791623764581644,0,Healthy
discharge,[2.0090e+03 2.0000e+00 2.0000e+01 9.0000e+00 4.4000e+01 2.6828e+01],24,B0027,30,3189,03189.csv,1.80217788814086,,,3189,107.63738762900307,-7.637387629003072,0,Healthy
discharge,[2.009e+03 2.000e+00 2.000e+01 1.500e+01 4.300e+01 2.614e+01],24,B0027,34,3193,03193.csv,1.81005437561117,,,3193,108.10782095335783,-8.10782095335783,0,Healthy
discharge,[2.009e+03 2.000e+00 2.000e+01 2.000e+01 2.700e+01 8.120e-01],24,B0027,36,3195,03195.csv,1.81916187035745,,,3195,108.65177776738008,-8.651777767380082,0,Healthy
discharge,[2.0090e+03 2.0000e+00 2.1000e+01 1.0000e+00 1.2000e+01 5.7984e+01],24,B0027,38,3197,03197.csv,1.80634458123073,,,3197,107.8862487221264,-7.886248722126396,0,Healthy
discharge,[2.009e+03 2.000e+00 2.100e+01 5.000e+00 5.700e+01 5.062e+00],24,B0027,40,3199,03199.csv,1.81200063787479,,,3199,108.22406396525777,-8.22406396525777,0,Healthy
discharge,[2.0090e+03 2.0000e+00 2.1000e+01 1.0000e+01 4.2000e+01 4.4125e+01],24,B0027,42,3201,03201.csv,1.80923856957875,,,3201,108.05909589091004,-8.059095890910044,0,Healthy
discharge,[2.0090e+03 3.0000e+00 2.0000e+00 1.6000e+01 3.0000e+01 3.4015e+01],24,B0027,46,3205,03205.csv,1.78207177160053,,,3205,106.43652401059636,-6.436524010596358,0,Healthy
discharge,[2.0090e+03 3.0000e+00 2.0000e+00 2.2000e+01 1.9000e+01 4.5593e+01],24,B0027,50,3209,03209.csv,1.8145504562341,,,3209,108.37635513969212,-8.376355139692123,0,Healthy
discharge,[2.0090e+03 3.0000e+00 3.0000e+00 2.0000e+00 5.9000e+01 3.9453e+01],24,B0027,52,3211,03211.csv,1.80915348516428,,,3211,108.05401411504224,-8.054014115042236,0,Healthy
discharge,[2009.       3.       3.       7.      39.       7.296],24,B0027,54,3213,03213.csv,1.80655515080937,,,3213,107.89882526049594,-7.89882526049594,0,Healthy
discharge,[2009.       3.       3.      12.      18.      51.281],24,B0027,56,3215,03215.csv,1.80240165595949,,,3215,107.65075244919717,-7.650752449197171,0,Healthy
discharge,[2009.       3.       3.      16.      58.      46.625],24,B0027,58,3217,03217.csv,1.79643316833229,,,3217,107.29427686456407,-7.294276864564068,0,Healthy
discharge,[2009.       3.       5.      18.      40.      18.984],24,B0027,65,3224,03224.csv,1.80880369305082,,,3224,108.03312233207572,-8.03312233207572,0,Healthy
discharge,[2.009e+03 3.000e+00 5.000e+00 2.300e+01 2.000e+01 1.140e+00],24,B0027,67,3226,03226.csv,1.79155277487496,,,3226,107.00278910089465,-7.0027891008946455,0,Healthy
discharge,[2009.       3.       6.       4.       0.      25.046],24,B0027,69,3228,03228.csv,1.78533751922395,,,3228,106.63157497929024,-6.631574979290235,0,Healthy
discharge,[2009.       3.       6.       8.      39.      37.156],24,B0027,71,3230,03230.csv,1.7932092103253,,,3230,107.10172183435228,-7.101721834352276,0,Healthy
discharge,[2009.       3.       6.      13.      20.      49.203],24,B0027,73,3232,03232.csv,1.78730977111021,,,3232,106.74937025476238,-6.749370254762383,0,Healthy
discharge,[2009.       3.      19.      10.      34.      54.078],24,B0027,77,3236,03236.csv,1.77009262533244,,,3236,105.7210541234072,-5.7210541234072,0,Healthy
discharge,[2010.       6.       3.      20.      31.       2.968],22,B0044,2,3241,03241.csv,1.68652555515207,,,3241,100.72990359092351,-0.729903590923513,0,Healthy
discharge,[2010.       6.       4.       0.      29.      30.921],22,B0044,4,3243,03243.csv,1.66246065316391,,,3243,99.29259643018273,0.7074035698172736,0,Healthy
discharge,[2010.       6.       4.       4.      26.      46.875],22,B0044,6,3245,03245.csv,1.65340107557005,,,3245,98.7515015295948,1.2484984704051953,0,Healthy
discharge,[2010.     6.     4.     8.    23.    18.5],22,B0044,8,3247,03247.csv,1.64521459034909,,,3247,98.26255319167207,1.737446808327931,0,Healthy
discharge,[2010.       6.       4.      12.      19.      17.125],22,B0044,10,3249,03249.csv,1.63566406236734,,,3249,97.69213564898779,2.3078643510122134,0,Healthy
discharge,[2010.      6.      4.     17.     26.      7.75],22,B0044,14,3253,03253.csv,0.0,,,3253,0.0,100.0,0,Emergency
discharge,[2.01e+03 6.00e+00 4.00e+00 2.10e+01 8.00e+00 4.37e-01],22,B0044,16,3255,03255.csv,1.62677697651464,,,3255,97.16134303904953,2.8386569609504733,0,Healthy
discharge,[2.0100e+03 6.0000e+00 5.0000e+00 1.0000e+00 2.0000e+00 3.3453e+01],22,B0044,18,3257,03257.csv,1.6159715504743,,,3257,96.51597509903978,3.4840249009602218,0,Healthy
discharge,[2010.       6.       5.       4.      56.      47.468],22,B0044,20,3259,03259.csv,1.60760283866496,,,3259,96.01614304422158,3.983856955778421,0,Healthy
discharge,[2010.      6.      5.      8.     50.     47.75],22,B0044,22,3261,03261.csv,1.60033604014316,,,3261,95.582124174908,4.417875825091997,0,Healthy
discharge,[2010.       6.       5.      13.      56.       3.921],22,B0044,26,3265,03265.csv,1.59787009149919,,,3265,95.43484222687675,4.565157773123246,0,Healthy
discharge,[2010.       6.       5.      17.      49.      52.625],22,B0044,28,3267,03267.csv,1.59003102651635,,,3267,94.96664400862133,5.03335599137867,0,Healthy
discharge,[2010.       6.       5.      21.      43.      27.734],22,B0044,30,3269,03269.csv,1.5816311155652,,,3269,94.4649485450116,5.535051454988405,0,Healthy
discharge,[2.0100e+03 6.0000e+00 6.0000e+00 1.0000e+00 3.6000e+01 5.8156e+01],22,B0044,32,3271,03271.csv,1.57145563110347,,,3271,93.85720467437181,6.142795325628185,0,Healthy
discharge,[2010.       6.       6.       5.      30.      11.906],22,B0044,34,3273,03273.csv,1.56322079856997,,,3273,93.36536873114945,6.634631268850555,0,Healthy
discharge,[2010.       6.       6.      10.      34.      53.031],22,B0044,38,3277,03277.csv,1.56067753882455,,,3277,93.21346927834824,6.786530721651758,0,Healthy
discharge,[2010.       6.       6.      14.      28.      10.546],22,B0044,40,3279,03279.csv,1.55238860113142,,,3279,92.71840183501807,7.281598164981929,0,Healthy
discharge,[2010.       6.       6.      18.      21.      14.171],22,B0044,42,3281,03281.csv,1.54445928765619,,,3281,92.24481340971245,7.7551865902875505,0,Healthy
discharge,[2010.       6.       6.      22.      14.       8.156],22,B0044,44,3283,03283.csv,1.53655813418065,,,3283,91.77290687653428,8.227093123465721,0,Healthy
discharge,[2.010e+03 6.000e+00 7.000e+00 2.000e+00 6.000e+00 5.764e+01],22,B0044,46,3285,03285.csv,1.5307255867941,,,3285,91.42455049726571,8.575449502734287,0,Healthy
discharge,[2010.       6.       7.      13.      57.      40.859],22,B0044,50,3289,03289.csv,1.54524280824232,,,3289,92.29161018243926,7.708389817560743,0,Healthy
discharge,[2.0100e+03 6.0000e+00 7.0000e+00 1.9000e+01 2.0000e+00 4.3281e+01],22,B0044,54,3293,03293.csv,1.53971444918162,,,3293,91.96142184138556,8.038578158614442,0,Healthy
discharge,[2010.       6.       7.      22.      55.      54.203],22,B0044,56,3295,03295.csv,1.53053570777737,,,3295,91.41320972926447,8.586790270735534,0,Healthy
discharge,[2.010e+03 6.000e+00 8.000e+00 2.000e+00 4.900e+01 1.156e+00],22,B0044,58,3297,03297.csv,1.5199735224097,,,3297,90.78236965065152,9.217630349348482,0,Healthy
discharge,[2010.       6.       8.       6.      41.      51.625],22,B0044,60,3299,03299.csv,1.51366295268442,,,3299,90.40546277361702,9.594537226382982,0,Healthy
discharge,[2010.     6.     8.    10.    34.    18.5],22,B0044,62,3301,03301.csv,1.50128700069929,,,3301,89.6662931556413,10.333706844358701,0,Healthy
discharge,[2010.       6.       8.      15.      38.       9.593],22,B0044,66,3305,03305.csv,1.50238147349116,,,3305,89.73166194799146,10.268338052008545,0,Healthy
discharge,[2010.      6.      8.     19.     30.     45.25],22,B0044,68,3307,03307.csv,1.49809551542775,,,3307,89.47567760123596,10.524322398764042,0,Healthy
discharge,[2010.       6.       8.      23.      23.      11.562],22,B0044,70,3309,03309.csv,1.49065423913771,,,3309,89.0312378232561,10.968762176743894,0,Healthy
discharge,[2010.       6.       9.       3.      15.      28.281],22,B0044,72,3311,03311.csv,1.48439716394362,,,3311,88.65752597576203,11.342474024237973,0,Healthy
discharge,[2010.       6.       9.       7.       7.      20.406],22,B0044,74,3313,03313.csv,1.47253219362301,,,3313,87.94887539359136,12.051124606408635,0,Healthy
discharge,[2010.       6.       9.      12.      10.      47.421],22,B0044,78,3317,03317.csv,1.46631493821132,,,3317,87.57754183371347,12.422458166286532,0,Healthy
discharge,[2.0100e+03 6.0000e+00 9.0000e+00 1.6000e+01 2.0000e+00 4.7125e+01],22,B0044,80,3319,03319.csv,1.46712984688777,,,3319,87.6262133004241,12.373786699575902,0,Healthy
discharge,[2010.      6.      9.     19.     54.     38.39],22,B0044,82,3321,03321.csv,1.45938589976331,,,3321,87.16369611835285,12.836303881647154,0,Healthy
discharge,[2010.       6.       9.      23.      46.      17.078],22,B0044,84,3323,03323.csv,1.44679013685052,,,3323,86.41139801057525,13.588601989424745,0,Healthy
discharge,[2010.     6.    10.     3.    37.    32.5],22,B0044,86,3325,03325.csv,1.43906698596382,,,3325,85.95012291049811,14.04987708950189,0,Healthy
discharge,[2010.       6.      10.       8.      40.      12.437],22,B0044,90,3329,03329.csv,1.43898925504626,,,3329,85.94548033167212,14.054519668327885,0,Healthy
discharge,[2010.       6.      10.      12.      31.      31.375],22,B0044,92,3331,03331.csv,1.43861987795785,,,3331,85.92341881093762,14.07658118906238,0,Healthy
discharge,[2010.       6.      10.      16.      22.      38.906],22,B0044,94,3333,03333.csv,1.43134120966535,,,3333,85.48869100433303,14.511308995666965,0,Healthy
discharge,[2010.       6.      10.      20.      13.      46.031],22,B0044,96,3335,03335.csv,1.42297303766346,,,3335,84.98889119020768,15.011108809792319,0,Warning
discharge,[2010.       6.      11.       0.       4.      38.656],22,B0044,98,3337,03337.csv,1.4150153099745,,,3337,84.51360568951483,15.486394310485167,0,Warning
discharge,[2010.       6.      11.      12.      17.      20.515],4,B0044,102,3341,03341.csv,0.0572172710622218,,,3341,3.4173749577803814,96.58262504221962,0,Emergency
discharge,[2010.       6.      11.      16.      49.      19.671],4,B0044,106,3345,03345.csv,0.0573587470253984,,,3345,3.425824791278414,96.57417520872158,0,Emergency
discharge,[2010.      6.     11.     20.      8.     56.89],4,B0044,108,3347,03347.csv,0.0574968754544523,,,3347,3.4340746890041025,96.5659253109959,0,Emergency
discharge,[2010.       6.      11.      23.      28.      14.921],4,B0044,110,3349,03349.csv,0.0576308880988852,,,3349,3.4420787662103174,96.55792123378968,0,Emergency
discharge,[2010.      6.     16.     10.     39.     50.39],4,B0044,112,3351,03351.csv,0.0551169133397871,,,3351,3.2919283968071484,96.70807160319285,0,Emergency
discharge,[2010.       6.      16.      14.      46.      51.593],4,B0044,115,3354,03354.csv,0.0674075526574801,,,3354,4.0260026062135985,95.9739973937864,0,Emergency
discharge,[2010.       6.      16.      18.       7.      22.875],4,B0044,117,3356,03356.csv,0.0675676530317139,,,3356,4.0355648065681535,95.96443519343185,0,Emergency
discharge,[2010.       6.      16.      21.      27.      32.859],4,B0044,119,3358,03358.csv,0.0556373104491564,,,3358,3.3230097821414133,96.67699021785859,0,Emergency
discharge,[2010.       6.      17.       0.      47.      36.281],4,B0044,121,3360,03360.csv,0.0682243327610682,,,3360,4.074785846312202,95.9252141536878,0,Emergency
discharge,[2010.       6.      17.       3.      38.      47.796],4,B0044,123,3362,03362.csv,0.0560524534315144,,,3362,3.347804729636649,96.65219527036335,0,Emergency
discharge,[2010.      6.     17.      8.     10.     30.89],4,B0044,127,3366,03366.csv,0.0686822013010505,,,3366,4.102132632578702,95.8978673674213,0,Emergency
discharge,[2010.       6.      17.      11.      30.      34.546],4,B0044,129,3368,03368.csv,0.0687475535334652,,,3368,4.106035878545225,95.89396412145477,0,Emergency
discharge,[2010.       6.      17.      14.      50.      30.921],4,B0044,131,3370,03370.csv,0.0565143989134748,,,3370,3.375395016495918,96.62460498350408,0,Emergency
discharge,[2010.       6.      17.      18.      10.       6.218],4,B0044,133,3372,03372.csv,0.0567330718538736,,,3372,3.3884555385479116,96.61154446145208,0,Emergency
discharge,[2010.       6.      17.      21.      29.      54.875],4,B0044,135,3374,03374.csv,0.0694133756360175,,,3374,4.145802958263594,95.85419704173641,0,Emergency
discharge,[2.0100e+03 6.0000e+00 1.8000e+01 2.0000e+00 1.0000e+00 1.1046e+01],4,B0044,139,3378,03378.csv,0.0593176644466495,,,3378,3.5428236487119213,96.45717635128808,0,Emergency
discharge,[2010.       6.      18.       5.      20.      59.203],4,B0044,141,3380,03380.csv,0.0698170725362273,,,3380,4.169914273810439,95.83008572618957,0,Emergency
discharge,[2010.       6.      18.       8.      40.      33.875],4,B0044,143,3382,03382.csv,0.0574643508969407,,,3382,3.432132118058485,96.56786788194151,0,Emergency
discharge,[2010.       6.      18.      12.       0.       2.609],4,B0044,145,3384,03384.csv,0.0705377438399369,,,3384,4.212957292471882,95.78704270752812,0,Emergency
discharge,[2010.       6.      18.      15.      19.      35.359],4,B0044,147,3386,03386.csv,0.0580546605234449,,,3386,3.4673891182177266,96.53261088178228,0,Emergency
discharge,[2010.       6.      18.      19.      50.      33.234],4,B0044,151,3390,03390.csv,0.0708399201529106,,,3390,4.231005160635112,95.7689948393649,0,Emergency
discharge,[2010    6   18   23    9   59],4,B0044,153,3392,03392.csv,0.0581718361305258,,,3392,3.4743875817562193,96.52561241824378,0,Emergency
discharge,[2.0100e+03 6.0000e+00 1.9000e+01 2.0000e+00 2.9000e+01 1.6281e+01],4,B0044,155,3394,03394.csv,0.0583051571279828,,,3394,3.4823503494590056,96.51764965054099,0,Emergency
discharge,[2010.       6.      19.       5.      42.      11.468],4,B0044,157,3396,03396.csv,0.0584559266936776,,,3396,3.4913552552966243,96.50864474470337,0,Emergency
discharge,[2010.       6.      19.       8.      49.      37.406],4,B0044,159,3398,03398.csv,0.058629861106387,,,3398,3.5017437113563856,96.49825628864362,0,Emergency
discharge,[2010.       6.      21.      15.      19.      37.906],4,B0044,163,3402,03402.csv,0.0589003321838338,,,3402,3.5178979436312074,96.48210205636879,0,Emergency
discharge,[2010.       6.      21.      19.      51.      35.109],4,B0044,167,3406,03406.csv,0.0590646770201104,,,3406,3.527713649929423,96.47228635007058,0,Emergency
discharge,[2010.       6.      21.      23.      11.      45.359],4,B0044,169,3408,03408.csv,0.0724057998284407,,,3408,4.324529334205616,95.67547066579438,0,Emergency
discharge,[2.0100e+03 6.0000e+00 2.2000e+01 2.0000e+00 3.1000e+01 3.5687e+01],4,B0044,171,3410,03410.csv,0.0725563284689165,,,3410,4.33351985047528,95.66648014952472,0,Emergency
discharge,[2010.       6.      22.       5.      44.      45.062],4,B0044,173,3412,03412.csv,0.0595922298890959,,,3412,3.559222422191835,96.44077757780816,0,Emergency
discharge,[2010.       6.      22.       9.       4.      54.281],4,B0044,175,3414,03414.csv,0.0732170902276858,,,3414,4.372984694665797,95.6270153053342,0,Emergency
discharge,[2010.       6.      22.      13.      36.       7.203],4,B0044,179,3418,03418.csv,0.0598410084998697,,,3418,3.574081044050352,96.42591895594965,0,Emergency
discharge,[2010.       6.      22.      16.      55.      44.609],4,B0044,181,3420,03420.csv,0.0734434705697157,,,3420,4.386505551173362,95.61349444882664,0,Emergency
discharge,[2010.       6.      22.      20.      15.       9.718],4,B0044,183,3422,03422.csv,0.0737373960592326,,,3422,4.404060628314949,95.59593937168505,0,Emergency
discharge,[2010.       6.      22.      23.      34.      40.078],4,B0044,185,3424,03424.csv,0.0603231248972743,,,3424,3.6028760647257365,96.39712393527427,0,Emergency
discharge,[2.010e+03 6.000e+00 2.300e+01 2.000e+00 5.400e+01 2.359e+00],4,B0044,187,3426,03426.csv,0.0740961197823434,,,3426,4.425485863132378,95.57451413686762,0,Emergency
discharge,[2010.       6.      23.       7.      24.      51.046],4,B0044,191,3430,03430.csv,0.0607171505329549,,,3430,3.6264097515846236,96.37359024841538,0,Emergency
discharge,[2010.      6.     23.     10.     44.     16.39],4,B0044,193,3432,03432.csv,0.0608284422939796,,,3432,3.6330567948649555,96.36694320513504,0,Emergency
discharge,[2010.      6.     23.     14.      3.     18.14],4,B0044,195,3434,03434.csv,0.0609288444479822,,,3434,3.6390534423880885,96.36094655761191,0,Emergency
discharge,[2010.       6.      23.      17.      19.      43.093],4,B0044,197,3436,03436.csv,0.0612203873656202,,,3436,3.65646621736596,96.34353378263404,0,Emergency
discharge,[2010.       6.      23.      20.      32.      31.953],4,B0044,199,3438,03438.csv,0.061336775826916,,,3438,3.663417667612063,96.33658233238793,0,Emergency
discharge,[2010.       6.      23.      23.      10.       5.078],4,B0044,203,3442,03442.csv,0.0615021959933087,,,3442,3.6732975993817476,96.32670240061825,0,Emergency
discharge,[2010.       6.      24.       0.      22.      53.234],4,B0044,205,3444,03444.csv,0.0615436456229027,,,3444,3.675773231713632,96.32422676828637,0,Emergency
discharge,[2.010e+03 6.000e+00 2.400e+01 1.000e+00 1.800e+01 4.437e+00],4,B0044,207,3446,03446.csv,0.0613682829819075,,,3446,3.6652994728862396,96.33470052711377,0,Emergency
discharge,[2.0100e+03 6.0000e+00 2.4000e+01 2.0000e+00 1.7000e+01 4.2484e+01],4,B0044,209,3448,03448.csv,0.0616335088887399,,,3448,3.681140430613461,96.31885956938653,0,Emergency
discharge,[2010.     6.    24.     3.    12.    12.5],4,B0044,211,3450,03450.csv,0.0619810308759487,,,3450,3.701896627375693,96.29810337262431,0,Emergency
discharge,[2010.       6.      25.      18.      45.       5.406],4,B0044,215,3454,03454.csv,1.4779954511171,,,3454,88.27517546001548,11.724824539984525,0,Healthy
discharge,[2010.       6.      26.       0.      33.      10.328],4,B0044,219,3458,03458.csv,1.49411987144767,,,3458,89.23822716142381,10.761772838576192,0,Healthy
discharge,[2010.       6.      26.       5.      11.       6.265],4,B0044,221,3460,03460.csv,1.48800782011317,,,3460,88.87317705009511,11.126822949904891,0,Healthy
discharge,[2010.       6.      26.       9.      48.      28.984],4,B0044,223,3462,03462.csv,1.47483385927171,,,3462,88.0863453288579,11.913654671142098,0,Healthy
discharge,[2010.      6.     26.     14.     25.     15.64],4,B0044,225,3464,03464.csv,1.46043780447855,,,3464,87.22652247768626,12.77347752231374,0,Healthy
discharge,[2.0100e+03 6.0000e+00 2.6000e+01 1.9000e+01 1.0000e+00 1.0906e+01],4,B0044,227,3466,03466.csv,1.45238084157671,,,3466,86.7453100265267,13.254689973473305,0,Healthy
discharge,[2010.       6.      27.       0.      48.      32.265],4,B0044,231,3470,03470.csv,1.44110288836498,,,3470,86.07171979467391,13.92828020532609,0,Healthy
discharge,[2010.       6.      27.       5.      23.      33.859],4,B0044,233,3472,03472.csv,1.43003559784106,,,3472,85.41071166225538,14.58928833774462,0,Healthy
discharge,[2010.       6.      27.       9.      58.      20.953],4,B0044,235,3474,03474.csv,1.4139432967199,,,3474,84.44957832185699,15.55042167814301,0,Warning
discharge,[2010.       6.      27.      14.      32.      41.171],4,B0044,237,3476,03476.csv,1.39726674974503,,,3476,83.4535501479129,16.546449852087093,0,Warning
discharge,[2010.       6.      27.      19.       6.      37.984],4,B0044,239,3478,03478.csv,1.38653758768258,,,3478,82.8127371718744,17.187262828125597,0,Warning
discharge,[2010.       6.      28.       0.      51.      57.734],4,B0044,243,3482,03482.csv,1.37247536857246,,,3482,81.9728530853809,18.027146914619095,0,Warning
discharge,[2010.      6.     28.      5.     24.     57.14],4,B0044,245,3484,03484.csv,1.35985939488128,,,3484,81.21934786292158,18.78065213707842,0,Warning
discharge,[2010.       6.      28.       9.      57.      41.468],4,B0044,247,3486,03486.csv,1.34867334103922,,,3486,80.55124643888358,19.44875356111642,0,Warning
discharge,[2010.       6.      28.      14.      29.      46.171],4,B0044,249,3488,03488.csv,1.3334258933205,,,3488,79.64057305239237,20.35942694760763,0,Warning
discharge,[2.010e+03 6.000e+00 2.800e+01 1.900e+01 1.000e+00 9.578e+00],4,B0044,251,3490,03490.csv,1.33877930810758,,,3490,79.96031262214717,20.03968737785283,0,Warning
discharge,[2.01e+03 6.00e+00 2.90e+01 0.00e+00 4.40e+01 7.80e-02],4,B0044,255,3494,03494.csv,1.31533204030169,,,3494,78.5598944557323,21.440105544267695,0,Warning
discharge,[2010.       6.      29.       5.      14.      48.968],4,B0044,257,3496,03496.csv,1.32296332811008,,,3496,79.01568291554275,20.984317084457246,0,Warning
discharge,[2010.       6.      29.       9.      44.      58.609],4,B0044,259,3498,03498.csv,1.3086991524155,,,3498,78.16373671281266,21.836263287187336,0,Warning
discharge,[2010.       6.      29.      14.      14.      43.546],4,B0044,261,3500,03500.csv,1.28974995839004,,,3500,77.0319717766222,22.9680282233778,0,Warning
discharge,[2.010e+03 6.000e+00 2.900e+01 1.800e+01 4.400e+01 1.531e+00],4,B0044,263,3502,03502.csv,1.29061725909041,,,3502,77.08377242421139,22.91622757578861,0,Warning
discharge,[2010.       6.      30.       0.      24.      32.875],4,B0044,267,3506,03506.csv,1.27520112534421,,,3506,76.16302404820502,23.836975951794983,0,Warning
discharge,[2010.     6.    30.     4.    53.    18.5],4,B0044,269,3508,03508.csv,1.26860726573745,,,3508,75.76919731937072,24.23080268062928,0,Warning
discharge,[2010.       6.      30.       9.      21.      28.343],4,B0044,271,3510,03510.csv,1.25657599732259,,,3510,75.05061437006219,24.949385629937808,0,Warning
discharge,[2010.       6.      30.      13.      49.       7.171],4,B0044,273,3512,03512.csv,1.24862545093208,,,3512,74.5757577816371,25.424242218362906,0,Warning
discharge,[2009.       6.      19.      17.      18.      16.015],24,B0036,0,3514,03514.csv,1.00198258817533,,,3514,59.84469621486668,40.15530378513332,0,Emergency
discharge,[2.0090e+03 6.0000e+00 1.9000e+01 2.2000e+01 2.0000e+00 5.0609e+01],24,B0036,4,3518,03518.csv,1.80110075662889,,,3518,107.57305456685407,-7.5730545668540685,0,Healthy
discharge,[2.009e+03 6.000e+00 2.000e+01 1.000e+00 5.900e+01 3.975e+01],24,B0036,6,3520,03520.csv,1.80442298560206,,,3520,107.77147895666073,-7.771478956660729,0,Healthy
discharge,[2009.       6.      20.       5.      55.      38.984],24,B0036,8,3522,03522.csv,1.80438883377282,,,3522,107.76943919482238,-7.769439194822382,0,Healthy
discharge,[2009.       6.      20.       9.      50.      35.156],24,B0036,10,3524,03524.csv,1.79892488717842,,,3524,107.44309797099774,-7.443097970997741,0,Healthy
discharge,[2009.       6.      20.      13.      47.      19.156],24,B0036,12,3526,03526.csv,1.79299652167239,,,3526,107.08901873155192,-7.089018731551917,0,Healthy
discharge,[2009.       6.      20.      18.      55.      22.281],24,B0036,16,3530,03530.csv,1.78855079856218,,,3530,106.8234922123033,-6.823492212303293,0,Healthy
discharge,[2009.       6.      20.      22.      51.      49.984],24,B0036,18,3532,03532.csv,1.78908569307277,,,3532,106.85543947353422,-6.855439473534219,0,Healthy
discharge,[2.0090e+03 6.0000e+00 2.1000e+01 2.0000e+00 4.8000e+01 2.0078e+01],24,B0036,20,3534,03534.csv,1.78931373128332,,,3534,106.86905934836717,-6.869059348367173,0,Healthy
discharge,[2009.       6.      21.       6.      44.      49.843],24,B0036,22,3536,03536.csv,1.78607594594808,,,3536,106.67567846322699,-6.675678463226987,0,Healthy
discharge,[2009.       6.      21.      10.      41.      15.046],24,B0036,24,3538,03538.csv,1.78363242496508,,,3538,106.52973603603513,-6.529736036035132,0,Healthy
discharge,[2009.       6.      21.      15.      49.       5.796],24,B0036,28,3542,03542.csv,1.78297287380727,,,3542,106.49034349654083,-6.490343496540831,0,Healthy
discharge,[2009.       6.      21.      19.      45.      24.468],24,B0036,30,3544,03544.csv,1.78137759632596,,,3544,106.39506350128534,-6.395063501285335,0,Healthy
discharge,[2009.       6.      21.      23.      41.      43.609],24,B0036,32,3546,03546.csv,1.77853595459329,,,3546,106.22534280129511,-6.225342801295113,0,Healthy
discharge,[2009.       6.      22.       3.      37.      57.218],24,B0036,34,3548,03548.csv,1.77590430909433,,,3548,106.06816439591258,-6.068164395912575,0,Healthy
discharge,[2009.       6.      22.       7.      34.       6.234],24,B0036,36,3550,03550.csv,1.77804266499059,,,3550,106.19588044659164,-6.195880446591644,0,Healthy
discharge,[2009.       6.      22.      12.      41.      48.359],24,B0036,40,3554,03554.csv,1.78300293335916,,,3554,106.49213884186162,-6.4921388418616175,0,Healthy
discharge,[2009.       6.      22.      16.      38.      13.281],24,B0036,42,3556,03556.csv,1.78830004246138,,,3556,106.80851548231468,-6.808515482314675,0,Healthy
discharge,[2009.       6.      22.      20.      34.      46.062],24,B0036,44,3558,03558.csv,1.77929471257802,,,3558,106.27066059586825,-6.27066059586825,0,Healthy
discharge,[2009.       6.      23.       0.      31.       3.375],24,B0036,46,3560,03560.csv,1.77092355004518,,,3560,105.7706821684433,-5.770682168443301,0,Healthy
discharge,[2009.       6.      23.       4.      27.       4.484],24,B0036,48,3562,03562.csv,1.76590501808011,,,3562,105.47094390508572,-5.4709439050857185,0,Healthy
discharge,[2009.       6.      26.      15.      29.      34.968],24,B0036,52,3566,03566.csv,1.78269292414692,,,3566,106.47362314373548,-6.47362314373548,0,Healthy
discharge,[2009.       6.      26.      20.      32.      24.265],24,B0036,56,3570,03570.csv,1.79646620729202,,,3570,107.29625015884248,-7.296250158842483,0,Healthy
discharge,[2009.       6.      27.       0.      28.      29.453],24,B0036,58,3572,03572.csv,1.79090835334228,,,3572,106.96430019768148,-6.964300197681482,0,Healthy
discharge,[2009.       6.      27.       4.      25.      16.218],24,B0036,60,3574,03574.csv,1.78518002808874,,,3574,106.62216861908556,-6.622168619085556,0,Healthy
discharge,[2009.       6.      27.       8.      21.      51.234],24,B0036,62,3576,03576.csv,1.78113431765465,,,3576,106.38053337037097,-6.380533370370969,0,Healthy
discharge,[2009.     6.    27.    12.    18.    20.5],24,B0036,64,3578,03578.csv,1.77555777892235,,,3578,106.04746743658797,-6.047467436587965,0,Healthy
discharge,[2009.       6.      27.      17.      26.      12.718],24,B0036,68,3582,03582.csv,1.77688587061611,,,3582,106.12678941772467,-6.126789417724666,0,Healthy
discharge,[2009.       6.      27.      21.      22.      21.781],24,B0036,70,3584,03584.csv,1.77130834103782,,,3584,105.79366430439308,-5.793664304393076,0,Healthy
discharge,[2.0090e+03 6.0000e+00 2.8000e+01 1.0000e+00 1.8000e+01 3.4656e+01],24,B0036,72,3586,03586.csv,1.77133488408741,,,3586,105.79524962210027,-5.795249622100272,0,Healthy
discharge,[2009.      6.     28.      5.     14.     48.25],24,B0036,74,3588,03588.csv,1.7660842866405,,,3588,105.48165094996256,-5.481650949962557,0,Healthy
discharge,[2009.       6.      28.       9.      10.      46.125],24,B0036,76,3590,03590.csv,1.75927936634123,,,3590,105.07521835035243,-5.075218350352429,0,Healthy
discharge,[2009.       6.      28.      14.      18.      12.906],24,B0036,80,3594,03594.csv,1.76103688137624,,,3594,105.18018819174935,-5.180188191749352,0,Healthy
discharge,[2009.       6.      28.      18.      13.      23.984],24,B0036,82,3596,03596.csv,1.7602427673657,,,3596,105.13275871315204,-5.132758713152043,0,Healthy
discharge,[2009.       6.      28.      22.       7.      58.453],24,B0036,84,3598,03598.csv,1.75558994160343,,,3598,104.85486272217398,-4.854862722173976,0,Healthy
discharge,[2.009e+03 6.000e+00 2.900e+01 2.000e+00 3.000e+00 4.614e+01],24,B0036,86,3600,03600.csv,1.75456021766555,,,3600,104.79336113823943,-4.793361138239433,0,Healthy
discharge,[2009.       6.      29.       5.      59.      12.218],24,B0036,88,3602,03602.csv,1.74991083360948,,,3602,104.5156707075819,-4.515670707581904,0,Healthy
discharge,[2009.       6.      29.      11.       6.      27.906],24,B0036,92,3606,03606.csv,1.76102255253037,,,3606,105.17933238303738,-5.1793323830373765,0,Healthy
discharge,[2009.       6.      29.      14.      59.      50.625],24,B0036,94,3608,03608.csv,1.76240945743371,,,3608,105.26216705860836,-5.262167058608355,0,Healthy
discharge,[2009.       6.      29.      18.      50.      48.062],24,B0036,96,3610,03610.csv,1.75361703971206,,,3610,104.73702862431227,-4.7370286243122735,0,Healthy
discharge,[2009.       6.      29.      22.      44.      42.875],24,B0036,98,3612,03612.csv,1.74620447751916,,,3612,104.29430383264125,-4.294303832641248,0,Healthy
discharge,[2.0090e+03 6.0000e+00 3.0000e+01 2.0000e+00 3.6000e+01 3.9734e+01],24,B0036,100,3614,03614.csv,1.74061761727697,,,3614,103.96062143343146,-3.960621433431456,0,Healthy
discharge,[2.0090e+03 7.0000e+00 1.0000e+00 1.1000e+01 1.5000e+01 2.3875e+01],24,B0036,104,3618,03618.csv,1.75069040442568,,,3618,104.56223157522973,-4.562231575229731,0,Healthy
discharge,[2.0090e+03 7.0000e+00 1.0000e+00 1.6000e+01 1.8000e+01 1.8546e+01],24,B0036,108,3622,03622.csv,1.76511205515391,,,3622,105.42358317647813,-5.423583176478132,0,Healthy
discharge,[2.009e+03 7.000e+00 1.000e+00 2.000e+01 1.000e+01 2.437e+00],24,B0036,110,3624,03624.csv,1.76318882675648,,,3624,105.30871589180246,-5.308715891802464,0,Healthy
discharge,[2009.       7.      14.      16.      14.      47.937],24,B0036,112,3626,03626.csv,1.98549295289709,,,3626,118.58611517318427,-18.586115173184268,0,Healthy
discharge,[2009.       7.      14.      21.      23.      50.218],24,B0036,116,3630,03630.csv,1.76535573081332,,,3630,105.43813701801635,-5.438137018016349,0,Healthy
discharge,[2.0090e+03 7.0000e+00 1.5000e+01 1.0000e+00 1.6000e+01 1.5015e+01],24,B0036,118,3632,03632.csv,1.75718803831272,,,3632,104.95031109943929,-4.95031109943929,0,Healthy
discharge,[2009.       7.      15.       5.       9.       4.546],24,B0036,120,3634,03634.csv,1.75737706618444,,,3634,104.96160103171228,-4.961601031712277,0,Healthy
discharge,[2009.       7.      15.       9.       4.      59.109],24,B0036,122,3636,03636.csv,1.76173761279798,,,3636,105.2220402753655,-5.222040275365501,0,Healthy
discharge,[2009.       7.      15.      12.      57.      49.296],24,B0036,124,3638,03638.csv,1.76068925476366,,,3638,105.15942574610251,-5.159425746102514,0,Healthy
discharge,[2009.      7.     15.     18.      0.     54.64],24,B0036,128,3642,03642.csv,1.76066956215698,,,3642,105.15824957989128,-5.158249579891276,0,Healthy
discharge,[2009.       7.      15.      21.      52.      48.093],24,B0036,130,3644,03644.csv,1.75296380264915,,,3644,104.69801320224059,-4.698013202240588,0,Healthy
discharge,[2.009e+03 7.000e+00 1.600e+01 1.000e+00 4.400e+01 5.839e+01],24,B0036,132,3646,03646.csv,1.75053570802414,,,3646,104.5529921340808,-4.552992134080796,0,Healthy
discharge,[2009.       7.      16.       5.      37.      32.718],24,B0036,134,3648,03648.csv,1.75007619953372,,,3648,104.52554739966939,-4.525547399669392,0,Healthy
discharge,[2009.       7.      16.       9.      29.      18.125],24,B0036,136,3650,03650.csv,1.74659578022783,,,3650,104.3176748891893,-4.3176748891893055,0,Healthy
discharge,[2.009e+03 7.000e+00 1.600e+01 1.400e+01 3.600e+01 4.530e-01],24,B0036,140,3654,03654.csv,1.7536142867887,,,3654,104.73686420243095,-4.736864202430951,0,Healthy
discharge,[2009.      7.     16.     18.     26.      9.14],24,B0036,142,3656,03656.csv,1.75072502992034,,,3656,104.56429962734329,-4.5642996273432885,0,Healthy
discharge,[2009.       7.      16.      22.      18.      31.578],24,B0036,144,3658,03658.csv,1.74330534908101,,,3658,104.1211496653768,-4.121149665376805,0,Healthy
discharge,[2.0090e+03 7.0000e+00 1.7000e+01 2.0000e+00 1.0000e+01 3.8265e+01],24,B0036,146,3660,03660.csv,1.73366250527761,,,3660,103.54521844174869,-3.5452184417486876,0,Healthy
discharge,[2.0090e+03 7.0000e+00 1.7000e+01 6.0000e+00 2.0000e+00 3.1671e+01],24,B0036,148,3662,03662.csv,1.73192070515389,,,3662,103.44118719360009,-3.4411871936000864,0,Healthy
discharge,[2009.       7.      17.      11.       8.      50.734],24,B0036,152,3666,03666.csv,1.74286045227514,,,3666,104.09457763258057,-4.094577632580567,0,Healthy
discharge,[2.009e+03 7.000e+00 1.700e+01 1.500e+01 0.000e+00 1.400e-01],24,B0036,154,3668,03668.csv,1.74330697109971,,,3668,104.12124654252568,-4.121246542525682,0,Healthy
discharge,[2009.      7.     17.     18.     49.     14.75],24,B0036,156,3670,03670.csv,1.73852450627269,,,3670,103.83560769200184,-3.835607692001844,0,Healthy
discharge,[2009.       7.      17.      22.      40.      36.953],24,B0036,158,3672,03672.csv,1.72956226637469,,,3672,103.30032641024096,-3.300326410240956,0,Healthy
discharge,[2.0090e+03 7.0000e+00 1.8000e+01 2.0000e+00 3.2000e+01 1.9203e+01],24,B0036,160,3674,03674.csv,1.7273036765742,,,3674,103.16542923530056,-3.1654292353005644,0,Healthy
discharge,[2009.      7.     23.     10.     25.     18.89],24,B0036,164,3678,03678.csv,1.74493704910719,,,3678,104.2186050438763,-4.218605043876295,0,Healthy
discharge,[2009.       7.      23.      15.      28.      51.734],24,B0036,168,3682,03682.csv,1.76424320711336,,,3682,105.37169011201053,-5.371690112010526,0,Healthy
discharge,[2009.      7.     23.     19.     19.     21.39],24,B0036,170,3684,03684.csv,1.75048820320495,,,3684,104.55015484777792,-4.550154847777918,0,Healthy
discharge,[2009.       7.      23.      23.      11.      10.812],24,B0036,172,3686,03686.csv,1.74427108154799,,,3686,104.17882927657296,-4.178829276572955,0,Healthy
discharge,[2.0090e+03 7.0000e+00 2.4000e+01 3.0000e+00 2.0000e+00 5.1234e+01],24,B0036,174,3688,03688.csv,1.73654139233739,,,3688,103.71716366670833,-3.7171636667083305,0,Healthy
discharge,[2009.       7.      24.       6.      55.      12.218],24,B0036,176,3690,03690.csv,1.73322309310575,,,3690,103.51897398575873,-3.518973985758734,0,Healthy
discharge,[2.009e+03 7.000e+00 2.400e+01 1.200e+01 1.000e+00 7.843e+00],24,B0036,180,3694,03694.csv,1.73860622908762,,,3694,103.84048869202222,-3.8404886920222197,0,Healthy
discharge,[2009.       7.      24.      15.      46.       9.421],24,B0036,182,3696,03696.csv,1.74321349537461,,,3696,104.11566358485945,-4.115663584859448,0,Healthy
discharge,[2009.      7.     24.     19.     35.     49.25],24,B0036,184,3698,03698.csv,1.73326982148329,,,3698,103.52176489808744,-3.52176489808744,0,Healthy
discharge,[2009.       7.      24.      23.      28.       2.156],24,B0036,186,3700,03700.csv,1.72989062916632,,,3700,103.31993829945469,-3.319938299454691,0,Healthy
discharge,[2009.      7.     25.      3.     20.      5.39],24,B0036,188,3702,03702.csv,1.72044033488413,,,3702,102.75550734313572,-2.7555073431357187,0,Healthy
discharge,[2009.       7.      25.       8.      26.      42.515],24,B0036,192,3706,03706.csv,1.72442072901291,,,3706,102.99324149167623,-2.9932414916762298,0,Healthy
discharge,[2009.       7.      25.      12.      19.      43.718],24,B0036,194,3708,03708.csv,1.72148728140611,,,3708,102.81803756801237,-2.8180375680123717,0,Healthy
discharge,[2009.       7.      25.      16.      13.       2.187],24,B0036,196,3710,03710.csv,1.71974487735692,,,3710,102.71397024963989,-2.7139702496398854,0,Healthy
discharge,[2009.       7.      25.      20.       6.      55.421],24,B0036,198,3712,03712.csv,1.71643041421458,,,3712,102.51600968404773,-2.516009684047731,0,Healthy
discharge,[2.009e+03 7.000e+00 2.600e+01 0.000e+00 1.000e+00 9.546e+00],24,B0036,200,3714,03714.csv,1.71120292532996,,,3714,102.20379120045473,-2.203791200454731,0,Healthy
discharge,[2009.       7.      26.       5.       7.      11.546],24,B0036,204,3718,03718.csv,1.71023432315992,,,3718,102.1459401925598,-2.145940192559806,0,Healthy
discharge,[2.009e+03 7.000e+00 2.600e+01 9.000e+00 1.000e+00 3.514e+01],24,B0036,206,3720,03720.csv,1.71309688215102,,,3720,102.31691020265896,-2.31691020265896,0,Healthy
discharge,[2009.       7.      26.      12.      55.      45.109],24,B0036,208,3722,03722.csv,1.71037086172081,,,3722,102.15409513336866,-2.1540951333686564,0,Healthy
discharge,[2009.       7.      26.      16.      49.      47.359],24,B0036,210,3724,03724.csv,1.70646172961214,,,3724,101.92061720045054,-1.9206172004505362,0,Healthy
discharge,[2009.       7.      26.      20.      43.      48.921],24,B0036,212,3726,03726.csv,1.70294299791109,,,3726,101.71045643299206,-1.7104564329920606,0,Healthy
discharge,[2.009e+03 7.000e+00 2.700e+01 1.000e+00 5.000e+01 3.890e+00],24,B0036,216,3730,03730.csv,1.707261264384,,,3730,101.9683704409757,-1.9683704409757041,0,Healthy
discharge,[2009.       7.      27.       5.      43.      49.015],24,B0036,218,3732,03732.csv,1.7038637196766,,,3732,101.76544772226754,-1.7654477222675382,0,Healthy
discharge,[2009.      7.     27.      9.     37.     15.14],24,B0036,220,3734,03734.csv,1.70796179484222,,,3734,102.0102105217877,-2.010210521787698,0,Healthy
discharge,[2009.       7.      27.      13.      29.      48.031],24,B0036,222,3736,03736.csv,1.71130228336277,,,3736,102.20972548649941,-2.2097254864994085,0,Healthy
discharge,[2009.       7.      27.      17.      21.      22.671],24,B0036,224,3738,03738.csv,1.71412205747224,,,3738,102.37814011462491,-2.3781401146249124,0,Healthy
discharge,[2.009e+03 7.000e+00 2.700e+01 2.200e+01 2.800e+01 1.870e-01],24,B0036,228,3742,03742.csv,1.70533249257016,,,3742,101.85317206863948,-1.8531720686394806,0,Healthy
discharge,[2.0090e+03 7.0000e+00 2.8000e+01 2.0000e+00 2.1000e+01 2.8109e+01],24,B0036,230,3744,03744.csv,1.69346094725314,,,3744,101.1441287863686,-1.1441287863685972,0,Healthy
discharge,[2009.       7.      28.       6.      15.      44.125],24,B0036,232,3746,03746.csv,1.69052441272302,,,3746,100.96874049224714,-0.9687404922471359,0,Healthy
discharge,[2009.       7.      28.      10.       9.      52.296],24,B0036,234,3748,03748.csv,1.70077748584983,,,3748,101.58111844550093,-1.581118445500934,0,Healthy
discharge,[2009.       7.      28.      14.       3.      56.171],24,B0036,236,3750,03750.csv,1.69711044679445,,,3750,101.36209983093907,-1.3620998309390728,0,Healthy
discharge,[2009.       7.      28.      19.       9.      29.828],24,B0036,240,3754,03754.csv,1.69979245229518,,,3754,101.522286052069,-1.5222860520690062,0,Healthy
discharge,[2.0090e+03 7.0000e+00 2.8000e+01 2.3000e+01 2.0000e+00 2.6656e+01],24,B0036,242,3756,03756.csv,1.69127047739541,,,3756,101.01330016244772,-1.0133001624477203,0,Healthy
discharge,[2.0090e+03 7.0000e+00 2.9000e+01 2.0000e+00 5.6000e+01 2.4125e+01],24,B0036,244,3758,03758.csv,1.68571270094698,,,3758,100.68135483015195,-0.6813548301519461,0,Healthy
discharge,[2009.       7.      29.       6.      50.      26.906],24,B0036,246,3760,03760.csv,1.68320937712861,,,3760,100.53184060185522,-0.5318406018552224,0,Healthy
discharge,[2009.       7.      29.      10.      44.      27.906],24,B0036,248,3762,03762.csv,1.69288636416952,,,3762,101.10981107416958,-1.1098110741695848,0,Healthy
discharge,[2009.       7.      29.      15.      50.      33.843],24,B0036,252,3766,03766.csv,1.69846681741446,,,3766,101.44311080724464,-1.4431108072446364,0,Healthy
discharge,[2009.       7.      29.      19.      41.       4.109],24,B0036,254,3768,03768.csv,1.69358134138284,,,3768,101.15131948030181,-1.151319480301808,0,Healthy
discharge,[2009.       7.      29.      23.      34.      17.859],24,B0036,256,3770,03770.csv,1.68309512537812,,,3770,100.52501676940466,-0.5250167694046581,0,Healthy
discharge,[2009.       7.      30.       3.      28.      18.171],24,B0036,258,3772,03772.csv,1.68504622269429,,,3772,100.64154856102438,-0.6415485610243792,0,Healthy
discharge,[2009.       7.      30.       7.      22.      22.187],24,B0036,260,3774,03774.csv,1.68030988400175,,,3774,100.35866465308946,-0.3586646530894626,0,Healthy
discharge,[2009.       7.      30.      12.      28.       5.953],24,B0036,264,3778,03778.csv,1.69440384372277,,,3778,101.20044448831094,-1.2004444883109358,0,Healthy
discharge,[2009.       7.      30.      16.      19.       5.437],24,B0036,266,3780,03780.csv,1.69556861271801,,,3780,101.27001181163895,-1.2700118116389518,0,Healthy
discharge,[2009.       7.      30.      20.       9.      43.296],24,B0036,268,3782,03782.csv,1.68418547283504,,,3782,100.59013917082969,-0.590139170829687,0,Healthy
discharge,[2009.       7.      31.       0.       3.       7.406],24,B0036,270,3784,03784.csv,1.67221801448701,,,3784,99.87536735966862,0.12463264033138444,0,Healthy
discharge,[2009.      7.     31.      3.     56.     28.39],24,B0036,272,3786,03786.csv,1.66759769657471,,,3786,99.5994129417568,0.40058705824320384,0,Healthy
discharge,[2.0090e+03 7.0000e+00 3.1000e+01 9.0000e+00 1.0000e+00 5.1906e+01],24,B0036,276,3790,03790.csv,1.6781873787039,,,3790,100.23189529974613,-0.2318952997461281,0,Healthy
discharge,[2.009e+03 7.000e+00 3.100e+01 1.500e+01 4.200e+01 5.620e-01],24,B0036,278,3792,03792.csv,2.44406243207865,,,3792,145.97476593307954,-45.97476593307954,0,Healthy
discharge,[2009.       7.      31.      21.       3.       2.062],24,B0036,282,3796,03796.csv,1.69134031489322,,,3796,101.01747129664722,-1.0174712966472157,0,Healthy
discharge,[2.0090e+03 8.0000e+00 1.0000e+00 0.0000e+00 5.4000e+01 4.0031e+01],24,B0036,284,3798,03798.csv,1.68027870966132,,,3798,100.35680272559217,-0.35680272559217485,0,Healthy
discharge,[2.0090e+03 8.0000e+00 1.0000e+00 4.0000e+00 4.6000e+01 4.8453e+01],24,B0036,286,3800,03800.csv,1.67314730102302,,,3800,99.9308701908559,0.06912980914410127,0,Healthy
discharge,[2.0090e+03 8.0000e+00 1.0000e+00 8.0000e+00 4.0000e+01 3.9031e+01],24,B0036,288,3802,03802.csv,1.67042920900324,,,3802,99.76852865605537,0.23147134394463365,0,Healthy
discharge,[2.0090e+03 8.0000e+00 1.0000e+00 1.2000e+01 3.3000e+01 3.2734e+01],24,B0036,290,3804,03804.csv,1.66599033501159,,,3804,99.5034112092042,0.49658879079579776,0,Healthy
discharge,[2.0090e+03 8.0000e+00 1.0000e+00 1.7000e+01 3.8000e+01 4.8781e+01],24,B0036,294,3808,03808.csv,1.66424157527244,,,3808,99.39896428909074,0.6010357109092581,0,Healthy
discharge,[2.0090e+03 8.0000e+00 1.0000e+00 2.1000e+01 3.0000e+01 3.3968e+01],24,B0036,296,3810,03810.csv,1.66684507677749,,,3810,99.55446175831165,0.44553824168835376,0,Healthy
discharge,[2.0090e+03 8.0000e+00 2.0000e+00 1.0000e+00 2.3000e+01 2.1296e+01],24,B0036,298,3812,03812.csv,1.65945015606675,,,3812,99.11279062680708,0.8872093731929169,0,Healthy
discharge,[2.0090e+03 8.0000e+00 2.0000e+00 5.0000e+00 1.6000e+01 4.7781e+01],24,B0036,300,3814,03814.csv,1.66241252306731,,,3814,99.28972179838392,0.7102782016160774,0,Healthy
discharge,[2.0090e+03 8.0000e+00 2.0000e+00 9.0000e+00 1.0000e+01 1.5046e+01],24,B0036,302,3816,03816.csv,1.66035260832257,,,3816,99.16669074616577,0.8333092538342299,0,Healthy
discharge,[2.0090e+03 8.0000e+00 2.0000e+00 1.4000e+01 1.5000e+01 2.7171e+01],24,B0036,306,3820,03820.csv,1.66102313796332,,,3820,99.20673898964554,0.7932610103544562,0,Healthy
discharge,[2.0090e+03 8.0000e+00 2.0000e+00 1.8000e+01 8.0000e+00 5.4375e+01],24,B0036,308,3822,03822.csv,1.65751875573216,,,3822,98.9974352626951,1.002564737304894,0,Healthy
discharge,[2.0090e+03 8.0000e+00 2.0000e+00 2.2000e+01 2.0000e+00 1.0046e+01],24,B0036,310,3824,03824.csv,1.65078779596745,,,3824,98.59542005094666,1.4045799490533426,0,Healthy
discharge,[2.0090e+03 8.0000e+00 3.0000e+00 1.0000e+00 5.5000e+01 2.2875e+01],24,B0036,312,3826,03826.csv,1.65325700621101,,,3826,98.74289680219997,1.2571031978000349,0,Healthy
discharge,[2009.       8.       3.       5.      48.      39.625],24,B0036,314,3828,03828.csv,1.64942148467726,,,3828,98.51381535535482,1.4861846446451779,0,Healthy
discharge,[2009.       8.       3.      10.      53.      34.968],24,B0036,318,3832,03832.csv,1.66785919156667,,,3832,99.6150310658043,0.38496893419569744,0,Healthy
discharge,[2009.       8.       3.      14.      44.      14.312],24,B0036,320,3834,03834.csv,1.67086276432496,,,3834,99.79442330415293,0.20557669584707128,0,Healthy
discharge,[2009.      8.      3.     18.     38.      5.89],24,B0036,322,3836,03836.csv,1.66581181640533,,,3836,99.49274895630039,0.5072510436996112,0,Healthy
discharge,[2009.       8.       3.      22.      31.      42.515],24,B0036,324,3838,03838.csv,1.6532998517617,,,3838,98.7454558077111,1.254544192288904,0,Healthy
discharge,[2.0090e+03 8.0000e+00 4.0000e+00 2.0000e+00 2.4000e+01 5.5453e+01],24,B0036,326,3840,03840.csv,1.64687870235285,,,3840,98.36194441713626,1.6380555828637426,0,Healthy
discharge,[2009.      8.      5.     10.     47.     54.89],24,B0036,330,3844,03844.csv,1.67189532497037,,,3844,99.85609431408585,0.14390568591414876,0,Healthy
discharge,[2009.       8.       5.      15.      53.      12.468],24,B0036,334,3848,03848.csv,1.68077434635857,,,3848,100.38640526353038,-0.38640526353037785,0,Healthy
discharge,[2009.       8.       5.      19.      44.      54.078],24,B0036,336,3850,03850.csv,1.6737717086703,,,3850,99.96816373907389,0.031836260926112914,0,Healthy
discharge,[2009.       8.       5.      23.      38.      49.906],24,B0036,338,3852,03852.csv,1.66057737624873,,,3852,99.1801152990658,0.8198847009341961,0,Healthy
discharge,[2009.       8.       6.       3.      32.      21.312],24,B0036,340,3854,03854.csv,1.65598778114608,,,3854,98.90599584039586,1.0940041596041397,0,Healthy
discharge,[2009.       8.       6.       7.      22.      48.562],24,B0036,342,3856,03856.csv,1.64686231838984,,,3856,98.36096586391518,1.6390341360848169,0,Healthy
discharge,[2009.       8.       6.      12.      25.      17.046],24,B0036,346,3860,03860.csv,1.65746211754328,,,3860,98.99405247416396,1.005947525836035,0,Healthy
discharge,[2009.       8.       6.      16.      13.      25.921],24,B0036,348,3862,03862.csv,1.66039911752168,,,3862,99.16946856778141,0.8305314322185922,0,Healthy
discharge,[2009.       8.       6.      20.       0.      59.562],24,B0036,350,3864,03864.csv,1.64607890928371,,,3864,98.31417574947449,1.6858242505255134,0,Healthy
discharge,[2009.      8.      6.     23.     49.     34.39],24,B0036,352,3866,03866.csv,1.64083664626593,,,3866,98.00107486181457,1.9989251381854274,0,Healthy
discharge,[2009.       8.       7.       3.      40.      19.734],24,B0036,354,3868,03868.csv,1.63444089202816,,,3868,97.6190802304295,2.3809197695704967,0,Healthy
discharge,[2009.      8.      7.      8.     44.     36.25],24,B0036,358,3872,03872.csv,1.63740391865042,,,3872,97.79605079875905,2.2039492012409454,0,Healthy
discharge,[2009.       8.       7.      12.      32.      22.343],24,B0036,360,3874,03874.csv,1.64738207540524,,,3874,98.39200901881551,1.6079909811844857,0,Healthy
discharge,[2009.       8.       7.      16.      20.      49.765],24,B0036,362,3876,03876.csv,1.65456464416223,,,3876,98.82099715730924,1.179002842690764,0,Healthy
discharge,[2009.       8.       7.      20.      14.      10.406],24,B0036,364,3878,03878.csv,1.64089656072993,,,3878,98.00465333008265,1.9953466699173532,0,Healthy
discharge,[2009.       8.       8.       0.       7.       5.125],24,B0036,366,3880,03880.csv,1.62652299793396,,,3880,97.14617384231373,2.853826157686271,0,Healthy
discharge,[2009.       8.       8.       5.      11.      27.593],24,B0036,370,3884,03884.csv,1.62173491446304,,,3884,96.86019941107092,3.139800588929077,0,Healthy
discharge,[2009.       8.       8.       9.       3.      54.812],24,B0036,372,3886,03886.csv,1.62482000596395,,,3886,97.04446046095927,2.9555395390407284,0,Healthy
discharge,[2009.       8.       8.      12.      56.      26.703],24,B0036,374,3888,03888.csv,1.61880119736137,,,3888,96.68497939148006,3.3150206085199443,0,Healthy
discharge,[2009.       8.       8.      16.      48.      44.937],24,B0036,376,3890,03890.csv,1.61373504903342,,,3890,96.38239717972951,3.6176028202704913,0,Healthy
discharge,[2009.       8.       8.      20.      40.      51.687],24,B0036,378,3892,03892.csv,1.61201282365414,,,3892,96.27953505831857,3.7204649416814277,0,Healthy
discharge,[2009.       8.      17.      13.       8.      30.968],24,B0036,382,3896,03896.csv,1.66710325568871,,,3896,99.56988182518045,0.4301181748195546,0,Healthy
discharge,[2009.       8.      17.      18.      14.       9.375],24,B0036,386,3900,03900.csv,1.68501333838862,,,3900,100.63958450365824,-0.6395845036582415,0,Healthy
discharge,[2009.       8.      17.      22.       6.      54.109],24,B0036,388,3902,03902.csv,1.67866549876146,,,3902,100.26045163389463,-0.26045163389463255,0,Healthy
discharge,[2.009e+03 8.000e+00 1.800e+01 2.000e+00 1.000e+00 3.312e+00],24,B0036,390,3904,03904.csv,1.67297635021913,,,3904,99.92065993466261,0.0793400653373908,0,Healthy
discharge,[2009.       8.      18.       5.      55.       2.015],24,B0036,392,3906,03906.csv,1.66648903429965,,,3906,99.53319666430963,0.466803335690372,0,Healthy
discharge,[2009.      8.     18.      9.     48.     49.64],24,B0036,394,3908,03908.csv,1.66984208407109,,,3908,99.73346186585427,0.26653813414573335,0,Healthy
discharge,[2009.       8.      18.      14.      54.      37.937],24,B0036,398,3912,03912.csv,1.6746744228027,,,3912,100.02207949934746,-0.022079499347455567,0,Healthy
discharge,[2009.       8.      18.      18.      45.      24.703],24,B0036,400,3914,03914.csv,1.66650453351456,,,3914,99.5341223748148,0.4658776251852004,0,Healthy
discharge,[2009.       8.      18.      22.      39.      17.609],24,B0036,402,3916,03916.csv,1.65222208483472,,,3916,98.68108479458502,1.3189152054149815,0,Healthy
discharge,[2.0090e+03 8.0000e+00 1.9000e+01 2.0000e+00 3.2000e+01 3.8625e+01],24,B0036,404,3918,03918.csv,1.64627182750995,,,3918,98.32569803816482,1.6743019618351838,0,Healthy
discharge,[2009.       8.      19.       6.      25.      55.265],24,B0036,406,3920,03920.csv,1.64239923469252,,,3920,98.09440246131751,1.9055975386824855,0,Healthy
discharge,[2009.       8.      19.      11.      30.      52.687],24,B0036,410,3924,03924.csv,1.65117860709999,,,3924,98.61876174747937,1.3812382525206317,0,Healthy
discharge,[2009.       8.      19.      15.      24.      12.875],24,B0036,412,3926,03926.csv,1.64816831202819,,,3926,98.43896801032767,1.5610319896723297,0,Healthy
discharge,[2009.       8.      19.      19.      17.      33.312],24,B0036,414,3928,03928.csv,1.64788877254283,,,3928,98.4222721557501,1.5777278442499068,0,Healthy
discharge,[2009.       8.      19.      23.      10.      50.875],24,B0036,416,3930,03930.csv,1.63584365091568,,,3930,97.70286180555568,2.297138194444315,0,Healthy
discharge,[2009.       8.      20.       3.       3.      46.687],24,B0036,418,3932,03932.csv,1.63323628119455,,,3932,97.5471333021642,2.452866697835802,0,Healthy
discharge,[2009.       8.      20.       8.       8.      26.703],24,B0036,422,3936,03936.csv,1.62992646768298,,,3936,97.349450441738,2.650549558262,0,Healthy
discharge,[2.009e+03 8.000e+00 2.000e+01 1.200e+01 1.000e+00 9.546e+00],24,B0036,424,3938,03938.csv,1.63878626292872,,,3938,97.87861308514557,2.121386914854426,0,Healthy
discharge,[2009.       8.      20.      15.      51.      55.171],24,B0036,426,3940,03940.csv,1.63596548638407,,,3940,97.71013858529221,2.2898614147077865,0,Healthy
discharge,[2009.       8.      20.      19.      42.      35.546],24,B0036,428,3942,03942.csv,1.63113704396756,,,3942,97.42175366421966,2.578246335780335,0,Healthy
discharge,[2009.      8.     20.     23.     35.     23.25],24,B0036,430,3944,03944.csv,1.62201897208884,,,3944,96.87716511738572,3.122834882614285,0,Healthy
discharge,[2009.       8.      21.      17.      59.      25.484],24,B0036,434,3948,03948.csv,1.64160449784221,,,3948,98.04693578281547,1.953064217184533,0,Healthy
discharge,[2009.       8.      21.      23.       4.      26.375],24,B0036,438,3952,03952.csv,1.62530902314578,,,3952,97.07366763984226,2.926332360157744,0,Healthy
discharge,[2.009e+03 8.000e+00 2.200e+01 2.000e+00 5.700e+01 6.984e+00],24,B0036,440,3954,03954.csv,1.61961345222394,,,3954,96.7334923557503,3.2665076442496996,0,Healthy
discharge,[2009.      8.     22.      6.     49.     38.89],24,B0036,442,3956,03956.csv,1.61242361747743,,,3956,96.30407024670592,3.695929753294081,0,Healthy
discharge,[2009.       8.      22.      10.      41.      58.171],24,B0036,444,3958,03958.csv,1.60777010299133,,,3958,96.02613312081307,3.9738668791869287,0,Healthy
discharge,[2009.       8.      22.      14.      34.       5.875],24,B0036,446,3960,03960.csv,1.60880775319815,,,3960,96.08810811133412,3.9118918886658776,0,Healthy
discharge,[2009.       8.      22.      19.      38.       7.906],24,B0036,450,3964,03964.csv,1.60835562587342,,,3964,96.06110422651794,3.9388957734820593,0,Healthy
discharge,[2009.       8.      22.      23.      30.      19.437],24,B0036,452,3966,03966.csv,1.60682025190115,,,3966,95.9694020452315,4.030597954768496,0,Healthy
discharge,[2009.       8.      23.       3.      22.      24.156],24,B0036,454,3968,03968.csv,1.60177097720671,,,3968,95.6678276329012,4.332172367098806,0,Healthy
discharge,[2009.       8.      23.       7.      14.      19.109],24,B0036,456,3970,03970.csv,1.5949117346922,,,3970,95.25815056925833,4.7418494307416665,0,Healthy
discharge,[2009.       8.      23.      11.       6.       6.546],24,B0036,458,3972,03972.csv,1.59381391253873,,,3972,95.19258173198742,4.807418268012583,0,Healthy
discharge,[2009.       8.      23.      16.       9.      49.296],24,B0036,462,3976,03976.csv,1.59202731295045,,,3976,95.08587477831377,4.914125221686234,0,Healthy
discharge,[2.009e+03 8.000e+00 2.300e+01 2.000e+01 1.000e+00 3.250e+01],24,B0036,464,3978,03978.csv,1.58473615497787,,,3978,94.65040100953476,5.349598990465239,0,Healthy
discharge,[2009.       8.      23.      23.      53.       2.437],24,B0036,466,3980,03980.csv,1.57634293639367,,,3980,94.14910525613138,5.850894743868622,0,Healthy
discharge,[2009.       8.      24.       3.      44.      13.046],24,B0036,468,3982,03982.csv,1.57202291746422,,,3982,93.89108658043142,6.10891341956858,0,Healthy
discharge,[2009.       8.      24.       7.      35.      22.546],24,B0036,470,3984,03984.csv,1.57298742855123,,,3984,93.94869324314111,6.051306756858892,0,Healthy
discharge,[2009.      8.     24.     12.     38.     30.39],24,B0036,474,3988,03988.csv,1.59698540038901,,,3988,95.38200291473949,4.617997085260512,0,Healthy
discharge,[2009.       8.      24.      16.      30.      26.734],24,B0036,476,3990,03990.csv,1.59572602370385,,,3990,95.30678502569339,4.693214974306613,0,Healthy
discharge,[2009.       8.      24.      20.      22.      13.218],24,B0036,478,3992,03992.csv,1.57950033834055,,,3992,94.33768514022233,5.662314859777666,0,Healthy
discharge,[2009.       8.      25.       0.      13.      33.593],24,B0036,480,3994,03994.csv,1.56294698775201,,,3994,93.3490150285856,6.6509849714144025,0,Healthy
discharge,[2009.       8.      25.       4.       4.      24.875],24,B0036,482,3996,03996.csv,1.55911294315411,,,3996,93.12002179362989,6.879978206370112,0,Healthy
discharge,[2.0090e+03 2.0000e+00 1.3000e+01 2.3000e+01 1.2000e+01 2.8078e+01],24,B0025,3,4003,04003.csv,1.84701116295671,,,4003,110.31511251497955,-10.315112514979546,0,Healthy
discharge,[2.0090e+03 2.0000e+00 1.4000e+01 4.0000e+00 3.0000e+00 3.4578e+01],24,B0025,5,4005,04005.csv,1.84856543445283,,,4005,110.4079433751346,-10.407943375134593,0,Healthy
discharge,[2.0090e+03 2.0000e+00 1.4000e+01 8.0000e+00 5.4000e+01 4.1468e+01],24,B0025,7,4007,04007.csv,1.84711117718617,,,4007,110.3210859932114,-10.321085993211398,0,Healthy
discharge,[2.0090e+03 2.0000e+00 1.4000e+01 1.3000e+01 4.5000e+01 2.3546e+01],24,B0025,9,4009,04009.csv,1.84898376015355,,,4009,110.4329284145693,-10.432928414569304,0,Healthy
discharge,[2.0090e+03 2.0000e+00 1.4000e+01 1.8000e+01 3.5000e+01 4.0671e+01],24,B0025,11,4011,04011.csv,1.83701207185604,,,4011,109.71790396424606,-9.717903964246062,0,Healthy
discharge,[2.0090e+03 2.0000e+00 1.8000e+01 1.0000e+01 4.8000e+01 5.8156e+01],24,B0025,15,4015,04015.csv,1.81754921124713,,,4015,108.55545963202108,-8.555459632021083,0,Healthy
discharge,[2.009e+03 2.000e+00 1.800e+01 1.600e+01 4.900e+01 7.390e+00],24,B0025,19,4019,04019.csv,1.83986382252207,,,4019,109.88822843325691,-9.888228433256913,0,Healthy
discharge,[2.0090e+03 2.0000e+00 1.9000e+01 0.0000e+00 5.2000e+01 4.9687e+01],24,B0025,22,4022,04022.csv,1.84305956197314,,,4022,110.07909807399531,-10.079098073995311,0,Healthy
discharge,[2.009e+03 2.000e+00 1.900e+01 5.000e+00 3.800e+01 5.714e+01],24,B0025,24,4024,04024.csv,1.8401871729536,,,4024,109.90754095282983,-9.907540952829834,0,Healthy
discharge,[2.0090e+03 2.0000e+00 1.9000e+01 1.0000e+01 2.5000e+01 1.5218e+01],24,B0025,26,4026,04026.csv,1.82812656328882,,,4026,109.18720555970766,-9.187205559707664,0,Healthy
discharge,[2.0090e+03 2.0000e+00 2.0000e+01 9.0000e+00 4.4000e+01 2.6828e+01],24,B0025,30,4030,04030.csv,1.82535633364458,,,4030,109.02175003836288,-9.021750038362882,0,Healthy
discharge,[2.009e+03 2.000e+00 2.000e+01 1.500e+01 4.300e+01 2.614e+01],24,B0025,34,4034,04034.csv,1.82141805526261,,,4034,108.78653130686,-8.786531306859999,0,Healthy
discharge,[2.009e+03 2.000e+00 2.000e+01 2.000e+01 2.700e+01 8.120e-01],24,B0025,36,4036,04036.csv,1.83031562796893,,,4036,109.31795025759155,-9.317950257591548,0,Healthy
discharge,[2.0090e+03 2.0000e+00 2.1000e+01 1.0000e+00 1.2000e+01 5.7984e+01],24,B0025,38,4038,04038.csv,1.81754916438248,,,4038,108.5554568329697,-8.555456832969696,0,Healthy
discharge,[2.009e+03 2.000e+00 2.100e+01 5.000e+00 5.700e+01 5.062e+00],24,B0025,40,4040,04040.csv,1.81090120029697,,,4040,108.158398644694,-8.158398644694003,0,Healthy
discharge,[2.0090e+03 2.0000e+00 2.1000e+01 1.0000e+01 4.2000e+01 4.4125e+01],24,B0025,42,4042,04042.csv,1.80830326030842,,,4042,108.00323334418478,-8.003233344184778,0,Healthy
discharge,[2.0090e+03 3.0000e+00 2.0000e+00 1.6000e+01 3.0000e+01 3.4015e+01],24,B0025,46,4046,04046.csv,1.7928016149381,,,4046,107.07737767666588,-7.077377676665876,0,Healthy
discharge,[2.0090e+03 3.0000e+00 2.0000e+00 2.2000e+01 1.9000e+01 4.5593e+01],24,B0025,50,4050,04050.csv,1.81256315004588,,,4050,108.25766072671183,-8.257660726711833,0,Healthy
discharge,[2.0090e+03 3.0000e+00 3.0000e+00 2.0000e+00 5.9000e+01 3.9453e+01],24,B0025,52,4052,04052.csv,1.80777260749123,,,4052,107.97153942353678,-7.9715394235367825,0,Healthy
discharge,[2009.       3.       3.       7.      39.       7.296],24,B0025,54,4054,04054.csv,1.80480551750039,,,4054,107.79432616530309,-7.79432616530309,0,Healthy
discharge,[2009.       3.       3.      12.      18.      51.281],24,B0025,56,4056,04056.csv,1.80053855589924,,,4056,107.53947640663976,-7.539476406639764,0,Healthy
discharge,[2009.       3.       3.      16.      58.      46.625],24,B0025,58,4058,04058.csv,1.7942356098033,,,4058,107.16302486065324,-7.163024860653238,0,Healthy
discharge,[2009.       3.       5.      18.      40.      18.984],24,B0025,65,4065,04065.csv,1.80740905243488,,,4065,107.9498256311402,-7.9498256311402,0,Healthy
discharge,[2.009e+03 3.000e+00 5.000e+00 2.300e+01 2.000e+01 1.140e+00],24,B0025,67,4067,04067.csv,1.7902504816962,,,4067,106.92500796918105,-6.925007969181053,0,Healthy
discharge,[2009.       3.       6.       4.       0.      25.046],24,B0025,69,4069,04069.csv,1.79612238453594,,,4069,107.2757149034077,-7.275714903407703,0,Healthy
discharge,[2009.       3.       6.       8.      39.      37.156],24,B0025,71,4071,04071.csv,1.79122366903507,,,4071,106.98313283216984,-6.983132832169844,0,Healthy
discharge,[2009.       3.       6.      13.      20.      49.203],24,B0025,73,4073,04073.csv,1.78548223653032,,,4073,106.64021840617104,-6.640218406171044,0,Healthy
discharge,[2009.       3.      19.      10.      34.      54.078],24,B0025,77,4077,04077.csv,1.76778907803236,,,4077,105.58347180409673,-5.583471804096732,0,Healthy
discharge,[2.0090e+03 2.0000e+00 1.3000e+01 2.3000e+01 1.2000e+01 2.8078e+01],24,B0026,3,4083,04083.csv,1.81325043038698,,,4083,108.29870942727106,-8.298709427271064,0,Healthy
discharge,[2.0090e+03 2.0000e+00 1.4000e+01 4.0000e+00 3.0000e+00 3.4578e+01],24,B0026,5,4085,04085.csv,1.81497600870783,,,4085,108.40177180742107,-8.40177180742107,0,Healthy
discharge,[2.0090e+03 2.0000e+00 1.4000e+01 8.0000e+00 5.4000e+01 4.1468e+01],24,B0026,7,4087,04087.csv,1.81353541755619,,,4087,108.31573065175917,-8.315730651759168,0,Healthy
discharge,[2.0090e+03 2.0000e+00 1.4000e+01 1.3000e+01 4.5000e+01 2.3546e+01],24,B0026,9,4089,04089.csv,1.81514927331033,,,4089,108.41212025820633,-8.412120258206329,0,Healthy
discharge,[2.0090e+03 2.0000e+00 1.4000e+01 1.8000e+01 3.5000e+01 4.0671e+01],24,B0026,11,4091,04091.csv,1.81429130140681,,,4091,108.36087678498336,-8.360876784983361,0,Healthy
discharge,[2.0090e+03 2.0000e+00 1.8000e+01 1.0000e+01 4.8000e+01 5.8156e+01],24,B0026,15,4095,04095.csv,1.38633734244301,,,4095,82.80077726790805,17.199222732091954,0,Warning
discharge,[2.009e+03 2.000e+00 1.800e+01 1.600e+01 4.900e+01 7.390e+00],24,B0026,19,4099,04099.csv,1.8165277958816,,,4099,108.49445428823496,-8.494454288234962,0,Healthy
discharge,[2.0090e+03 2.0000e+00 1.9000e+01 0.0000e+00 5.2000e+01 4.9687e+01],24,B0026,22,4102,04102.csv,1.8085638576011,,,4102,108.01879785199051,-8.018797851990513,0,Healthy
discharge,[2.009e+03 2.000e+00 1.900e+01 5.000e+00 3.800e+01 5.714e+01],24,B0026,24,4104,04104.csv,1.80493607764418,,,4104,107.80212403747682,-7.8021240374768155,0,Healthy
discharge,[2.0090e+03 2.0000e+00 1.9000e+01 1.0000e+01 2.5000e+01 1.5218e+01],24,B0026,26,4106,04106.csv,1.80493159249821,,,4106,107.80185615637666,-7.801856156376658,0,Healthy
discharge,[2.0090e+03 2.0000e+00 2.0000e+01 9.0000e+00 4.4000e+01 2.6828e+01],24,B0026,30,4110,04110.csv,1.71767923269939,,,4110,102.59059697102548,-2.5905969710254766,0,Healthy
discharge,[2.009e+03 2.000e+00 2.000e+01 1.500e+01 4.300e+01 2.614e+01],24,B0026,34,4114,04114.csv,1.8098048132801,,,4114,108.09291552279865,-8.092915522798648,0,Healthy
discharge,[2.009e+03 2.000e+00 2.000e+01 2.000e+01 2.700e+01 8.120e-01],24,B0026,36,4116,04116.csv,1.80655621327448,,,4116,107.89888871758842,-7.89888871758842,0,Healthy
discharge,[2.0090e+03 2.0000e+00 2.1000e+01 1.0000e+00 1.2000e+01 5.7984e+01],24,B0026,38,4118,04118.csv,1.79381557076985,,,4118,107.137937490222,-7.137937490222001,0,Healthy
discharge,[2.009e+03 2.000e+00 2.100e+01 5.000e+00 5.700e+01 5.062e+00],24,B0026,40,4120,04120.csv,1.79930494938179,,,4120,107.46579767393854,-7.465797673938539,0,Healthy
discharge,[2.0090e+03 2.0000e+00 2.1000e+01 1.0000e+01 4.2000e+01 4.4125e+01],24,B0026,42,4122,04122.csv,1.78421974484701,,,4122,106.56481446986209,-6.564814469862085,0,Healthy
discharge,[2.0090e+03 3.0000e+00 2.0000e+00 1.6000e+01 3.0000e+01 3.4015e+01],24,B0026,46,4126,04126.csv,1.68188199185151,,,4126,100.45256081236029,-0.45256081236028933,0,Healthy
discharge,[2.0090e+03 3.0000e+00 2.0000e+00 2.2000e+01 1.9000e+01 4.5593e+01],24,B0026,50,4130,04130.csv,1.80075193839619,,,4130,107.55222095016603,-7.552220950166031,0,Healthy
discharge,[2.0090e+03 3.0000e+00 3.0000e+00 2.0000e+00 5.9000e+01 3.9453e+01],24,B0026,52,4132,04132.csv,1.79597268427229,,,4132,107.26677386300727,-7.266773863007273,0,Healthy
discharge,[2009.       3.       3.       7.      39.       7.296],24,B0026,54,4134,04134.csv,1.79310269405532,,,4134,107.09536001340436,-7.09536001340436,0,Healthy
discharge,[2009.       3.       3.      12.      18.      51.281],24,B0026,56,4136,04136.csv,1.80102675420687,,,4136,107.56863467721007,-7.5686346772100705,0,Healthy
discharge,[2009.       3.       3.      16.      58.      46.625],24,B0026,58,4138,04138.csv,1.78245723012699,,,4138,106.45954601586038,-6.459546015860383,0,Healthy
discharge,[2009.       3.       5.      18.      40.      18.984],24,B0026,65,4145,04145.csv,1.79593030306087,,,4145,107.26424259075505,-7.264242590755046,0,Healthy
discharge,[2.009e+03 3.000e+00 5.000e+00 2.300e+01 2.000e+01 1.140e+00],24,B0026,67,4147,04147.csv,1.7783142127341,,,4147,106.21209898412909,-6.212098984129085,0,Healthy
discharge,[2009.       3.       6.       4.       0.      25.046],24,B0026,69,4149,04149.csv,1.7717190929848,,,4149,105.81819699166405,-5.818196991664053,0,Healthy
discharge,[2009.       3.       6.       8.      39.      37.156],24,B0026,71,4151,04151.csv,1.77907494895367,,,4151,106.25753493131727,-6.257534931317267,0,Healthy
discharge,[2009.       3.       6.      13.      20.      49.203],24,B0026,73,4153,04153.csv,1.77332297824646,,,4153,105.91399109764981,-5.913991097649813,0,Healthy
discharge,[2009.       3.      19.      10.      34.      54.078],24,B0026,77,4157,04157.csv,1.76875411101088,,,4157,105.64110963744675,-5.641109637446746,0,Healthy
discharge,[2.009e+03 4.000e+00 7.000e+00 1.600e+01 3.100e+01 1.890e+00],43,B0031,1,4161,04161.csv,1.66667519425257,,,4161,99.54431530645107,0.4556846935489318,0,Healthy
discharge,[2009.       4.       7.      19.      44.      26.578],43,B0031,3,4163,04163.csv,1.83285836295431,,,4163,109.46981836842578,-9.469818368425777,0,Healthy
discharge,[2009    4    7   22   58   18],43,B0031,5,4165,04165.csv,1.81398350029451,,,4165,108.34249296846042,-8.34249296846042,0,Healthy
discharge,[2.0090e+03 4.0000e+00 8.0000e+00 2.0000e+00 1.1000e+01 3.0218e+01],43,B0031,7,4167,04167.csv,1.80443873335148,,,4167,107.77241951120851,-7.772419511208511,0,Healthy
discharge,[2009.       4.       8.       5.      23.      26.343],43,B0031,9,4169,04169.csv,1.80214768429129,,,4169,107.63558366531811,-7.635583665318109,0,Healthy
discharge,[2009.       4.       9.      10.      24.      58.296],43,B0031,13,4173,04173.csv,1.77156475097988,,,4173,105.80897871730816,-5.808978717308165,0,Healthy
discharge,[2009.       4.       9.      13.      33.      59.843],43,B0031,15,4175,04175.csv,1.81399281657795,,,4175,108.3430493954472,-8.343049395447196,0,Healthy
discharge,[2009.       4.       9.      16.      42.      43.421],43,B0031,17,4177,04177.csv,1.80132610411988,,,4177,107.58651373500751,-7.5865137350075145,0,Healthy
discharge,[2009.       4.       9.      19.      50.      50.062],43,B0031,19,4179,04179.csv,1.78837225839335,,,4179,106.81282867154731,-6.812828671547308,0,Healthy
discharge,[2009.       4.       9.      22.      58.      17.875],43,B0031,21,4181,04181.csv,1.77654016573731,,,4181,106.10614175009458,-6.106141750094579,0,Healthy
discharge,[2009.       4.      10.      12.      49.       4.718],43,B0031,25,4185,04185.csv,1.78562091318232,,,4185,106.64850104721589,-6.648501047215888,0,Healthy
discharge,[2009.       4.      10.      15.      54.      20.093],43,B0031,27,4187,04187.csv,1.78136340366859,,,4187,106.39421582660636,-6.394215826606356,0,Healthy
discharge,[2009.       4.      10.      18.      59.       6.625],43,B0031,29,4189,04189.csv,1.76848983839712,,,4189,105.6253256163719,-5.625325616371896,0,Healthy
discharge,[2009.       4.      10.      22.       3.      26.625],43,B0031,31,4191,04191.csv,1.7665052382914,,,4191,105.50679282764241,-5.506792827642414,0,Healthy
discharge,[2.0090e+03 4.0000e+00 1.1000e+01 1.0000e+00 8.0000e+00 2.7484e+01],43,B0031,33,4193,04193.csv,1.75174052792176,,,4193,104.62495154896246,-4.624951548962457,0,Healthy
discharge,[2009.       4.      13.       9.      51.      27.484],43,B0031,37,4197,04197.csv,1.7352349314055,,,4197,103.63913361058937,-3.6391336105893686,0,Healthy
discharge,[2009.       4.      13.      12.      55.      24.468],43,B0031,39,4199,04199.csv,1.77827782745491,,,4199,106.20992582662565,-6.20992582662565,0,Healthy
discharge,[2009.       4.      13.      15.      59.      56.875],43,B0031,41,4201,04201.csv,1.76498948597073,,,4201,105.41626257468397,-5.416262574683969,0,Healthy
discharge,[2009.       4.      13.      19.       4.      39.468],43,B0031,43,4203,04203.csv,1.76259128353355,,,4203,105.27302685581171,-5.2730268558117075,0,Healthy
discharge,[2009.       4.      13.      22.       9.      45.531],43,B0031,45,4205,04205.csv,1.74431457612158,,,4205,104.18142704580985,-4.181427045809855,0,Healthy
discharge,[2009.       4.      14.      10.      33.      23.937],43,B0031,49,4209,04209.csv,1.76283737535184,,,4209,105.28772500554038,-5.287725005540381,0,Healthy
discharge,[2009.       4.      14.      13.      36.      17.437],43,B0031,51,4211,04211.csv,1.74785793094797,,,4211,104.39305846103531,-4.393058461035309,0,Healthy
discharge,[2009.       4.      14.      16.      39.      25.031],43,B0031,53,4213,04213.csv,1.74411673388649,,,4213,104.16961066437057,-4.169610664370566,0,Healthy
discharge,[2009.       4.      14.      19.      42.      47.234],43,B0031,55,4215,04215.csv,1.72684229328173,,,4215,103.13787252593023,-3.1378725259302342,0,Healthy
discharge,[2009.       4.      14.      22.      45.      53.781],43,B0031,57,4217,04217.csv,1.72030934930422,,,4217,102.74768406124366,-2.7476840612436604,0,Healthy
discharge,[2009.      4.     15.     14.     58.     30.25],43,B0031,61,4221,04221.csv,1.73942455166997,,,4221,103.8893640586448,-3.8893640586448015,0,Healthy
discharge,[2.0090e+03 4.0000e+00 1.5000e+01 1.8000e+01 1.0000e+00 4.3843e+01],43,B0031,63,4223,04223.csv,1.7367384416372,,,4223,103.72893268907023,-3.728932689070234,0,Healthy
discharge,[2.0090e+03 4.0000e+00 1.5000e+01 2.1000e+01 2.0000e+00 5.8328e+01],43,B0031,65,4225,04225.csv,1.71696346844854,,,4225,102.54784703239473,-2.5478470323947278,0,Healthy
discharge,[2.009e+03 4.000e+00 1.600e+01 0.000e+00 5.000e+00 8.120e-01],43,B0031,67,4227,04227.csv,1.71277735583663,,,4227,102.29782608339082,-2.2978260833908166,0,Healthy
discharge,[2009.       4.      16.       3.       6.      43.062],43,B0031,69,4229,04229.csv,1.7061083466554,,,4229,101.89951094975996,-1.8995109497599572,0,Healthy
discharge,[2009.      4.     16.     10.     13.     36.39],43,B0031,73,4233,04233.csv,1.71373269620752,,,4233,102.35488501330879,-2.354885013308788,0,Healthy
discharge,[2009.       4.      16.      13.      14.      46.296],43,B0031,75,4235,04235.csv,1.70934757979269,,,4235,102.09297830673596,-2.092978306735958,0,Healthy
discharge,[2009.       4.      16.      16.      16.      19.734],43,B0031,77,4237,04237.csv,1.69010004541155,,,4237,100.94339460985542,-0.9433946098554173,0,Healthy
discharge,[2009.       4.      16.      19.      17.      26.531],43,B0031,79,4239,04239.csv,1.69468833433876,,,4239,101.21743605552061,-1.2174360555206079,0,Healthy
discharge,[2009.      4.     16.     22.     17.     17.75],43,B0031,81,4241,04241.csv,1.68701099129921,,,4241,100.75889688791304,-0.7588968879130391,0,Healthy
discharge,[2009.       4.      17.       9.      45.      34.062],43,B0031,85,4245,04245.csv,1.695706902707,,,4245,101.27827135873919,-1.2782713587391896,0,Healthy
discharge,[2009.       4.      17.      12.      46.      29.125],43,B0031,87,4247,04247.csv,1.68769688961556,,,4247,100.79986304527013,-0.7998630452701292,0,Healthy
discharge,[2009.       4.      17.      15.      46.      53.875],43,B0031,89,4249,04249.csv,1.68196171272592,,,4249,100.45732224391344,-0.45732224391343834,0,Healthy
discharge,[2009.       4.      17.      18.      47.      33.937],43,B0031,91,4251,04251.csv,1.67500338889788,,,4251,100.04172742164008,-0.04172742164007559,0,Healthy
discharge,[2009.       4.      17.      21.      46.      23.796],43,B0031,93,4253,04253.csv,1.66729877948466,,,4253,99.5815597348662,0.4184402651337962,0,Healthy
discharge,[2010.       8.      23.      17.      51.       9.218],4,B0049,0,4257,04257.csv,0.858372721516713,,,4257,51.267412592310755,48.732587407689245,0,Emergency
discharge,[2010.       8.      23.      22.      33.      35.875],4,B0049,4,4261,04261.csv,1.42090571494173,,,4261,84.86541768705497,15.134582312945028,0,Warning
discharge,[2.0100e+03 8.0000e+00 2.4000e+01 2.0000e+00 2.8000e+01 5.4312e+01],4,B0049,6,4263,04263.csv,1.37285213338926,,,4263,81.99535584767631,18.004644152323692,0,Warning
discharge,[2010.       8.      24.       6.      23.      38.343],4,B0049,8,4265,04265.csv,1.36437424874291,,,4265,81.4890033050344,18.5109966949656,0,Warning
discharge,[2010.       8.      26.      11.       4.       3.078],4,B0049,10,4267,04267.csv,2.37864373056875,,,4267,142.06755001452711,-42.067550014527114,0,Healthy
discharge,[2010.       8.      26.      16.      34.      25.921],4,B0049,14,4271,04271.csv,1.06053579656712,,,4271,63.34186174445301,36.65813825554699,0,Critical
discharge,[2010.       8.      26.      21.       7.      22.031],4,B0049,16,4273,04273.csv,1.00699323766594,,,4273,60.14396368731927,39.85603631268073,0,Critical
discharge,[2010.       8.      27.       0.      53.      58.484],4,B0049,18,4275,04275.csv,0.929877533435953,,,4275,55.538129267139155,44.461870732860845,0,Emergency
discharge,[2010.       8.      27.       4.      41.      33.375],4,B0049,20,4277,04277.csv,0.92323770294838,,,4277,55.14155686844047,44.85844313155953,0,Emergency
discharge,[2010.       8.      27.       8.      27.      50.125],4,B0049,22,4279,04279.csv,0.905327912117371,,,4279,54.07187162220743,45.92812837779257,0,Emergency
discharge,[2010.       8.      27.      13.      31.      30.812],4,B0049,26,4283,04283.csv,0.859584836063987,,,4283,51.339807689506344,48.660192310493656,0,Emergency
discharge,[2010.       8.      27.      17.       6.      22.093],4,B0049,28,4285,04285.csv,0.83696142948207,,,4285,49.98859569219434,50.01140430780566,0,Emergency
discharge,[2010.       8.      27.      20.      53.      17.296],4,B0049,30,4287,04287.csv,0.845682418765313,,,4287,50.509467971321676,49.490532028678324,0,Emergency
discharge,[2010.       8.      28.       0.      43.      32.531],4,B0049,32,4289,04289.csv,0.807121400757753,,,4289,48.20636167423437,51.79363832576563,0,Emergency
discharge,[2010.      8.     28.      4.     17.     39.25],4,B0049,34,4291,04291.csv,0.782074436074673,,,4291,46.7103995584724,53.2896004415276,0,Emergency
discharge,[2.0100e+03 8.0000e+00 2.8000e+01 9.0000e+00 1.0000e+00 3.9734e+01],4,B0049,38,4295,04295.csv,0.795301944413334,,,4295,47.500429472713066,52.499570527286934,0,Emergency
discharge,[2010.       8.      28.      12.      33.      15.671],4,B0049,40,4297,04297.csv,0.0,,,4297,0.0,100.0,0,Emergency
discharge,[2010    8   28   15   39   50],4,B0049,42,4299,04299.csv,0.775205115471999,,,4299,46.3001205680778,53.6998794319222,0,Emergency
discharge,[2010.       8.      28.      19.      14.       4.468],4,B0049,44,4301,04301.csv,0.771186590384515,,,4301,46.06010899908413,53.93989100091587,0,Emergency
discharge,[2010.       8.      28.      22.      55.       5.671],4,B0049,46,4303,04303.csv,0.758509891451794,,,4303,45.30297688362738,54.69702311637262,0,Emergency
discharge,[2010.       8.      29.       3.      37.      19.781],4,B0049,50,4307,04307.csv,0.7349386490499,,,4307,43.89515417533348,56.10484582466652,0,Emergency
discharge,[2010.       8.      29.       7.       9.      53.921],4,B0049,52,4309,04309.csv,0.736675803369075,,,4309,43.99890794684231,56.00109205315769,0,Emergency
discharge,[2010.       8.      29.      10.      39.      41.562],4,B0049,54,4311,04311.csv,0.709394659920363,,,4311,42.36950663653063,57.63049336346937,0,Emergency
discharge,[2010.       8.      29.      14.      11.      14.562],4,B0049,56,4313,04313.csv,0.71864650092203,,,4313,42.92208471593746,57.07791528406254,0,Emergency
discharge,[2010.       8.      29.      17.      40.      44.937],4,B0049,58,4315,04315.csv,0.691388523104663,,,4315,41.29406700269306,58.70593299730694,0,Emergency
discharge,[2010.       8.      23.      17.      51.       9.218],4,B0050,0,4319,04319.csv,0.863144852775834,,,4319,51.55243425722775,48.44756574277225,0,Emergency
discharge,[2010.       8.      23.      22.      33.      35.875],4,B0050,4,4323,04323.csv,1.64878960777649,,,4323,98.47607569638468,1.523924303615317,0,Healthy
discharge,[2.0100e+03 8.0000e+00 2.4000e+01 2.0000e+00 2.8000e+01 5.4312e+01],4,B0050,6,4325,04325.csv,1.6016364853978,,,4325,95.65979493698154,4.340205063018459,0,Healthy
discharge,[2010.       8.      24.       6.      23.      38.343],4,B0050,8,4327,04327.csv,1.5517564797427,,,4327,92.68064757369126,7.31935242630874,0,Healthy
discharge,[2010.       8.      26.      11.       4.       3.078],4,B0050,10,4329,04329.csv,0.0325584171083419,,,4329,1.9445932534954322,98.05540674650457,0,Emergency
discharge,[2010.       8.      26.      16.      34.      25.921],4,B0050,14,4333,04333.csv,2.6401491157387,,,4333,157.6862948098298,-57.6862948098298,0,Healthy
discharge,[2010.       8.      26.      21.       7.      22.031],4,B0050,16,4335,04335.csv,1.35902765889163,,,4335,81.16967136333069,18.830328636669307,0,Warning
discharge,[2010.       8.      27.       0.      53.      58.484],4,B0050,18,4337,04337.csv,1.37421726922382,,,4337,82.07689033767184,17.92310966232816,0,Warning
discharge,[2010.       8.      27.       4.      41.      33.375],4,B0050,20,4339,04339.csv,1.35280304308219,,,4339,80.79789819424941,19.202101805750587,0,Warning
discharge,[2010.       8.      27.       8.      27.      50.125],4,B0050,22,4341,04341.csv,1.36074061934584,,,4341,81.27198012519945,18.72801987480055,0,Warning
discharge,[2010.       8.      27.      13.      31.      30.812],4,B0050,26,4345,04345.csv,0.526878692465097,,,4345,31.468506204363823,68.53149379563618,0,Emergency
discharge,[2010.       8.      27.      17.       6.      22.093],4,B0050,28,4347,04347.csv,1.40027142461644,,,4347,83.63300821138228,16.366991788617725,0,Warning
discharge,[2010.       8.      27.      20.      53.      17.296],4,B0050,30,4349,04349.csv,1.42892747552708,,,4349,85.34452763467681,14.655472365323192,0,Healthy
discharge,[2010.       8.      28.       0.      43.      32.531],4,B0050,32,4351,04351.csv,0.076583541740148,,,4351,4.574050332395348,95.42594966760466,0,Emergency
discharge,[2010.      8.     28.      4.     17.     39.25],4,B0050,34,4353,04353.csv,0.573693338756904,,,4353,34.26457104501292,65.73542895498707,0,Emergency
discharge,[2.0100e+03 8.0000e+00 2.8000e+01 9.0000e+00 1.0000e+00 3.9734e+01],4,B0050,38,4357,04357.csv,0.301474203542785,,,4357,18.005933776246287,81.99406622375372,0,Emergency
discharge,[2010.       8.      28.      12.      33.      15.671],4,B0050,40,4359,04359.csv,0.0,,,4359,0.0,100.0,0,Emergency
discharge,[2010    8   28   15   39   50],4,B0050,42,4361,04361.csv,0.179565426323214,,,4361,10.724775575766184,89.27522442423381,0,Emergency
discharge,[2010.       8.      28.      19.      14.       4.468],4,B0050,44,4363,04363.csv,1.1791687815629,,,4363,70.42736904958892,29.57263095041108,0,Warning
discharge,[2010.       8.      28.      22.      55.       5.671],4,B0050,46,4365,04365.csv,0.0961913170505672,,,4365,5.745149881179195,94.2548501188208,0,Emergency
discharge,[2010.       8.      29.       3.      37.      19.781],4,B0050,50,4369,04369.csv,0.278085177091044,,,4369,16.608994149466074,83.39100585053393,0,Emergency
discharge,[2010.       8.      23.      17.      51.       9.218],4,B0052,0,4381,04381.csv,0.860659150834223,,,4381,51.40397251813974,48.59602748186026,0,Emergency
discharge,[2010.       8.      23.      22.      33.      35.875],4,B0052,4,4385,04385.csv,1.41830951143603,,,4385,84.71035610021292,15.28964389978708,0,Warning
discharge,[2.0100e+03 8.0000e+00 2.4000e+01 2.0000e+00 2.8000e+01 5.4312e+01],4,B0052,6,4387,04387.csv,1.37071230286931,,,4387,81.86755172320454,18.132448276795458,0,Warning
discharge,[2010.       8.      24.       6.      23.      38.343],4,B0052,8,4389,04389.csv,1.35156473526264,,,4389,80.72393867024572,19.276061329754285,0,Warning
discharge,[2010.       8.      23.      17.      51.       9.218],4,B0051,0,4443,04443.csv,0.643473559815829,,,4443,38.43228431703925,61.56771568296075,0,Emergency
discharge,[2010.       8.      23.      22.      33.      35.875],4,B0051,4,4447,04447.csv,1.29318046199827,,,4447,77.2368630079882,22.763136992011795,0,Warning
discharge,[2.0100e+03 8.0000e+00 2.4000e+01 2.0000e+00 2.8000e+01 5.4312e+01],4,B0051,6,4449,04449.csv,1.22889402611916,,,4449,73.39727310760098,26.60272689239902,0,Warning
discharge,[2010.       8.      24.       6.      23.      38.343],4,B0051,8,4451,04451.csv,1.20390317897179,,,4451,71.90466268369127,28.09533731630873,0,Warning
discharge,[2010.       8.      26.      11.       4.       3.078],4,B0051,10,4453,04453.csv,2.33087347878213,,,4453,139.21441040909346,-39.21441040909346,0,Healthy
discharge,[2010.       8.      26.      16.      34.      25.921],4,B0051,14,4457,04457.csv,1.0092808819126,,,4457,60.280596176351196,39.719403823648804,0,Critical
discharge,[2010.       8.      26.      21.       7.      22.031],4,B0051,16,4459,04459.csv,0.956565989512532,,,4459,57.13213156338186,42.86786843661814,0,Emergency
discharge,[2010.       8.      27.       0.      53.      58.484],4,B0051,18,4461,04461.csv,0.901956291365404,,,4461,53.87049724501327,46.12950275498673,0,Emergency
discharge,[2010.       8.      27.       4.      41.      33.375],4,B0051,20,4463,04463.csv,0.889790666613816,,,4463,53.14388969103504,46.85611030896496,0,Emergency
discharge,[2010.       8.      27.       8.      27.      50.125],4,B0051,22,4465,04465.csv,0.883071703663455,,,4465,52.7425910044226,47.2574089955774,0,Emergency
discharge,[2010.       8.      27.      13.      31.      30.812],4,B0051,26,4469,04469.csv,0.843127035448175,,,4469,50.356844422637906,49.643155577362094,0,Emergency
discharge,[2010.       8.      27.      17.       6.      22.093],4,B0051,28,4471,04471.csv,0.826559103449663,,,4471,49.367303417574036,50.632696582425964,0,Emergency
discharge,[2010.       8.      27.      20.      53.      17.296],4,B0051,30,4473,04473.csv,0.835268154683796,,,4473,49.88746268139469,50.11253731860531,0,Emergency
discharge,[2010.       8.      28.       0.      43.      32.531],4,B0051,32,4475,04475.csv,0.802571946498787,,,4475,47.934639678977895,52.065360321022105,0,Emergency
discharge,[2010.      8.     28.      4.     17.     39.25],4,B0051,34,4477,04477.csv,0.783921878469951,,,4477,46.8207404268913,53.1792595731087,0,Emergency
discharge,[2.0100e+03 8.0000e+00 2.8000e+01 9.0000e+00 1.0000e+00 3.9734e+01],4,B0051,38,4481,04481.csv,0.7910763493036,,,4481,47.24805038084724,52.75194961915276,0,Emergency
discharge,[2010.       8.      28.      12.      33.      15.671],4,B0051,40,4483,04483.csv,0.0,,,4483,0.0,100.0,0,Emergency
discharge,[2010    8   28   15   39   50],4,B0051,42,4485,04485.csv,0.765453826948023,,,4485,45.717712344314585,54.282287655685415,0,Emergency
discharge,[2010.       8.      28.      19.      14.       4.468],4,B0051,44,4487,04487.csv,0.773177347633947,,,4487,46.17900953112507,53.82099046887493,0,Emergency
discharge,[2010.       8.      28.      22.      55.       5.671],4,B0051,46,4489,04489.csv,0.760529377641648,,,4489,45.423593288511235,54.576406711488765,0,Emergency
discharge,[2010.       8.      29.       3.      37.      19.781],4,B0051,50,4493,04493.csv,0.7376430319247,,,4493,44.05667691385314,55.94332308614686,0,Emergency
discharge,[2010.       8.      29.       7.       9.      53.921],4,B0051,52,4495,04495.csv,0.739179500257907,,,4495,44.14844445725125,55.85155554274875,0,Emergency
discharge,[2010.       8.      29.      10.      39.      41.562],4,B0051,54,4497,04497.csv,0.701457542984259,,,4497,41.895452139507874,58.104547860492126,0,Emergency
discharge,[2010.       8.      29.      14.      11.      14.562],4,B0051,56,4499,04499.csv,0.704734948054178,,,4499,42.0911993641573,57.9088006358427,0,Emergency
discharge,[2010.       8.      29.      17.      40.      44.937],4,B0051,58,4501,04501.csv,0.677848893570423,,,4501,40.485395249410416,59.514604750589584,0,Emergency
discharge,[2.0080e+03 4.0000e+00 2.0000e+00 1.5000e+01 2.5000e+01 4.1593e+01],24,B0006,1,4506,04506.csv,2.03533759100559,,,4506,121.56315016435637,-21.563150164356372,0,Healthy
discharge,[2.0080e+03 4.0000e+00 2.0000e+00 1.9000e+01 4.3000e+01 4.8406e+01],24,B0006,3,4508,04508.csv,2.02514024603141,,,4508,120.95410064655057,-20.95410064655057,0,Healthy
discharge,[2.008e+03 4.000e+00 3.000e+00 0.000e+00 1.000e+00 6.687e+00],24,B0006,5,4510,04510.csv,2.01332637134546,,,4510,120.24850181674587,-20.248501816745872,0,Healthy
discharge,[2008.       4.       3.       4.      16.      37.375],24,B0006,7,4512,04512.csv,2.01328466554074,,,4512,120.24601088402578,-20.24601088402578,0,Healthy
discharge,[2008.       4.       3.       8.      33.      25.703],24,B0006,9,4514,04514.csv,2.00052833762477,,,4514,119.4841228253334,-19.4841228253334,0,Healthy
discharge,[2008.       4.       3.      12.      55.      10.687],24,B0006,11,4516,04516.csv,2.01389907599316,,,4516,120.28270733694846,-20.282707336948462,0,Healthy
discharge,[2008.       4.       3.      17.      17.      16.015],24,B0006,13,4518,04518.csv,2.01310110562696,,,4518,120.23504753255936,-20.235047532559364,0,Healthy
discharge,[2008.       4.       3.      21.      28.      14.718],24,B0006,15,4520,04520.csv,1.96878982627283,,,4520,117.58849949556296,-17.588499495562957,0,Healthy
discharge,[2.0080e+03 4.0000e+00 4.0000e+00 1.0000e+00 3.8000e+01 1.5218e+01],24,B0006,17,4522,04522.csv,1.96816617643342,,,4522,117.5512512083927,-17.5512512083927,0,Healthy
discharge,[2008.       4.       4.       5.      48.       8.609],24,B0006,19,4524,04524.csv,1.95723079175605,,,4524,116.89812132197257,-16.898121321972567,0,Healthy
discharge,[2008.       4.       4.       9.      57.      19.765],24,B0006,21,4526,04526.csv,1.94559915141293,,,4526,116.2034066722078,-16.203406672207805,0,Healthy
discharge,[2008.       4.       4.      17.      56.      27.609],24,B0006,24,4529,04529.csv,1.93475050448411,,,4529,115.55545730915564,-15.555457309155642,0,Healthy
discharge,[2.0080e+03 4.0000e+00 4.0000e+00 2.2000e+01 1.0000e+00 5.4671e+01],24,B0006,26,4531,04531.csv,1.9232799539368,,,4531,114.87036395421907,-14.870363954219073,0,Healthy
discharge,[2.0080e+03 4.0000e+00 5.0000e+00 2.0000e+00 2.0000e+01 2.6703e+01],24,B0006,28,4533,04533.csv,1.91188993094848,,,4533,114.19008021110768,-14.190080211107684,0,Healthy
discharge,[2.008e+03 4.000e+00 5.000e+00 6.000e+00 2.500e+01 1.890e+00],24,B0006,30,4535,04535.csv,1.90106671419793,,,4535,113.54364969809465,-13.543649698094654,0,Healthy
discharge,[2008.       4.       5.      10.      30.      32.312],24,B0006,32,4537,04537.csv,1.88919899480614,,,4537,112.83483492411908,-12.834834924119079,0,Healthy
discharge,[2008.       4.       5.      14.      34.      41.468],24,B0006,34,4539,04539.csv,1.87827837224884,,,4539,112.18258672426865,-12.182586724268646,0,Healthy
discharge,[2008.       4.       5.      18.      39.      25.218],24,B0006,36,4541,04541.csv,1.86756971615202,,,4541,111.54299849334865,-11.542998493348648,0,Healthy
discharge,[2008.       4.       5.      22.      46.      35.484],24,B0006,38,4543,04543.csv,1.86758925744537,,,4543,111.54416562217703,-11.544165622177033,0,Healthy
discharge,[2008.       4.      18.      21.      10.      19.796],24,B0006,41,4546,04546.csv,1.97962654825081,,,4546,118.23573662561945,-18.235736625619452,0,Healthy
discharge,[2008    4   19    2   29    9],24,B0006,45,4550,04550.csv,1.9575499080884,,,4550,116.91718095453709,-16.917180954537088,0,Healthy
discharge,[2008.       4.      19.       7.      47.      15.703],24,B0006,49,4554,04554.csv,1.94581501707875,,,4554,116.2162995261822,-16.216299526182198,0,Healthy
discharge,[2.0080e+03 4.0000e+00 1.9000e+01 1.3000e+01 1.0000e+00 4.2562e+01],24,B0006,53,4558,04558.csv,1.924246112168,,,4558,114.92806899472976,-14.928068994729756,0,Healthy
discharge,[2008.       4.      19.      18.      27.      29.828],24,B0006,57,4562,04562.csv,1.94598113314216,,,4562,116.22622102129448,-16.226221021294478,0,Healthy
discharge,[2008.       4.      19.      23.      41.      55.687],24,B0006,61,4566,04566.csv,1.90140793055307,,,4566,113.56402928288772,-13.564029282887716,0,Healthy
discharge,[2008.       4.      20.       4.      54.      41.734],24,B0006,65,4570,04570.csv,1.87867421368008,,,4570,112.20622886184803,-12.206228861848032,0,Healthy
discharge,[2008.       4.      20.      10.      16.      28.859],24,B0006,69,4574,04574.csv,1.86830613282642,,,4574,111.58698192448522,-11.586981924485215,0,Healthy
discharge,[2008.       4.      20.      15.      37.       5.281],24,B0006,73,4578,04578.csv,1.85602440700829,,,4578,110.85344008528146,-10.853440085281463,0,Healthy
discharge,[2008.       4.      20.      20.      50.      38.921],24,B0006,77,4582,04582.csv,1.84519979618557,,,4582,110.20692630951862,-10.206926309518622,0,Healthy
discharge,[2.008e+03 4.000e+00 2.100e+01 2.000e+00 1.500e+01 2.921e+00],24,B0006,81,4586,04586.csv,1.85722889088531,,,4586,110.92537943090146,-10.925379430901458,0,Healthy
discharge,[2008.       4.      22.      15.      33.      49.875],24,B0006,85,4590,04590.csv,1.92477608890906,,,4590,114.95972253586308,-14.95972253586308,0,Healthy
discharge,[2008.       4.      22.      20.      26.      18.921],24,B0006,89,4594,04594.csv,1.88223175260925,,,4594,112.41870744081861,-12.418707440818608,0,Healthy
discharge,[2.0080e+03 4.0000e+00 2.3000e+01 1.0000e+00 1.8000e+01 1.1796e+01],24,B0006,93,4598,04598.csv,1.85527668788558,,,4598,110.80878160091186,-10.808781600911857,0,Healthy
discharge,[2008.       4.      23.       6.      18.      19.921],24,B0006,97,4602,04602.csv,1.83925089171818,,,4602,109.85162035424196,-9.851620354241959,0,Healthy
discharge,[2.008e+03 4.000e+00 2.300e+01 1.100e+01 8.000e+00 3.120e-01],24,B0006,101,4606,04606.csv,1.81853960739944,,,4606,108.61461231348164,-8.614612313481643,0,Healthy
discharge,[2008.       4.      23.      16.       6.      25.171],24,B0006,105,4610,04610.csv,1.8134770059567,,,4610,108.31224194400302,-8.31224194400302,0,Healthy
discharge,[2.0080e+03 4.0000e+00 2.3000e+01 2.1000e+01 2.0000e+00 5.8296e+01],24,B0006,109,4614,04614.csv,1.79710184503054,,,4614,107.33421443867464,-7.3342144386746355,0,Healthy
discharge,[2.008e+03 4.000e+00 2.400e+01 1.000e+00 5.100e+01 3.389e+01],24,B0006,113,4618,04618.csv,1.78100462941204,,,4618,106.37278757361442,-6.372787573614417,0,Healthy
discharge,[2.008e+03 4.000e+00 2.400e+01 6.000e+00 5.000e+01 3.100e-02],24,B0006,117,4622,04622.csv,1.77101304226823,,,4622,105.77602720633638,-5.77602720633638,0,Healthy
discharge,[2008.       4.      24.      11.      49.      24.281],24,B0006,121,4626,04626.csv,1.76047124481709,,,4626,105.14640482220796,-5.1464048222079555,0,Healthy
discharge,[2008.       4.      24.      16.      45.      56.015],24,B0006,125,4630,04630.csv,1.75029137880065,,,4630,104.538399257589,-4.538399257589006,0,Healthy
discharge,[2008.       4.      24.      21.      38.      11.078],24,B0006,129,4634,04634.csv,1.73949250377325,,,4634,103.89342258523592,-3.8934225852359248,0,Healthy
discharge,[2008.       4.      25.      12.       3.      44.093],24,B0006,133,4638,04638.csv,1.75467665536372,,,4638,104.80031552922104,-4.800315529221038,0,Healthy
discharge,[2008.       4.      25.      20.       3.      55.921],24,B0006,135,4640,04640.csv,1.76593909418421,,,4640,105.47297914414287,-5.472979144142869,0,Healthy
discharge,[2.0080e+03 4.0000e+00 2.6000e+01 1.0000e+00 4.0000e+00 3.5718e+01],24,B0006,139,4644,04644.csv,1.73378874196248,,,4644,103.55275808978885,-3.5527580897888527,0,Healthy
discharge,[2008.      4.     26.      5.     57.     35.14],24,B0006,143,4648,04648.csv,1.71332591204073,,,4648,102.33058930680265,-2.3305893068026506,0,Healthy
discharge,[2008.       4.      26.      10.      58.      25.843],24,B0006,147,4652,04652.csv,1.70240778136734,,,4652,101.6784899379173,-1.6784899379173055,0,Healthy
discharge,[2008.       4.      29.      12.      15.      56.953],24,B0006,149,4654,04654.csv,1.82371946178183,,,4654,108.9239857652857,-8.923985765285707,0,Healthy
discharge,[2008.       4.      29.      17.       5.      27.781],24,B0006,153,4658,04658.csv,1.80812840503147,,,4658,107.99278988832626,-7.992789888326257,0,Healthy
discharge,[2008.      4.     29.     22.      0.      4.75],24,B0006,157,4662,04662.csv,1.77576109450342,,,4662,106.05961072064147,-6.059610720641473,0,Healthy
discharge,[2.0080e+03 4.0000e+00 3.0000e+01 2.0000e+00 4.3000e+01 5.5312e+01],24,B0006,161,4666,04666.csv,1.74474098418367,,,4666,104.20689481465186,-4.206894814651861,0,Healthy
discharge,[2008.       4.      30.       7.      41.      42.578],24,B0006,165,4670,04670.csv,1.72920703413237,,,4670,103.2791097085954,-3.2791097085953993,0,Healthy
discharge,[2008.       4.      30.      12.      28.      49.265],24,B0006,169,4674,04674.csv,1.70810865525532,,,4674,102.0189819484688,-2.018981948468806,0,Healthy
discharge,[2008.      4.     30.     17.     20.     16.14],24,B0006,173,4678,04678.csv,1.69759542374617,,,4678,101.39106570189273,-1.3910657018927282,0,Healthy
discharge,[2008.       4.      30.      22.      14.      54.062],24,B0006,177,4682,04682.csv,1.68206345240294,,,4682,100.46339877671562,-0.46339877671562135,0,Healthy
discharge,[2.008e+03 5.000e+00 1.000e+00 3.000e+00 1.500e+01 3.314e+01],24,B0006,181,4686,04686.csv,1.6714768322295,,,4686,99.83109929796376,0.16890070203623964,0,Healthy
discharge,[2.008e+03 5.000e+00 1.000e+00 8.000e+00 1.600e+01 3.343e+00],24,B0006,185,4690,04690.csv,1.66075913870476,,,4690,99.1909712950609,0.8090287049390952,0,Healthy
discharge,[2.0080e+03 5.0000e+00 1.0000e+00 1.3000e+01 1.4000e+01 2.4875e+01],24,B0006,189,4694,04694.csv,1.65112101503806,,,4694,98.61532198765592,1.3846780123440823,0,Healthy
discharge,[2.0080e+03 5.0000e+00 1.0000e+00 1.8000e+01 1.1000e+01 1.0984e+01],24,B0006,193,4698,04698.csv,1.64013492561909,,,4698,97.95916369545957,2.0408363045404343,0,Healthy
discharge,[2.0080e+03 5.0000e+00 1.0000e+00 2.3000e+01 1.0000e+01 1.5265e+01],24,B0006,197,4702,04702.csv,1.62919994161654,,,4702,97.30605773985734,2.693942260142663,0,Healthy
discharge,[2.0080e+03 5.0000e+00 2.0000e+00 3.0000e+00 5.3000e+01 3.4765e+01],24,B0006,201,4706,04706.csv,1.60884963029616,,,4706,96.09060927476585,3.9093907252341467,0,Healthy
discharge,[2.0080e+03 5.0000e+00 2.0000e+00 8.0000e+00 4.4000e+01 4.0859e+01],24,B0006,205,4710,04710.csv,1.60352448989692,,,4710,95.77255842911757,4.2274415708824336,0,Healthy
discharge,[2.008e+03 5.000e+00 2.000e+00 1.300e+01 4.300e+01 5.093e+00],24,B0006,209,4714,04714.csv,1.59897121440279,,,4714,95.500608205686,4.499391794313993,0,Healthy
discharge,[2.0080e+03 5.0000e+00 2.0000e+00 1.9000e+01 7.0000e+00 4.8359e+01],24,B0006,213,4718,04718.csv,1.58762731235756,,,4718,94.8230790951011,5.176920904898907,0,Healthy
discharge,[2.0080e+03 5.0000e+00 2.0000e+00 2.3000e+01 2.4000e+01 1.7687e+01],24,B0006,215,4720,04720.csv,1.58297197446861,,,4720,94.54503306413253,5.454966935867475,0,Healthy
discharge,[2008.       5.       3.       4.      13.       8.609],24,B0006,219,4724,04724.csv,1.56713763671356,,,4724,93.59930691689459,6.400693083105409,0,Healthy
discharge,[2008.       5.       3.       9.      10.      19.812],24,B0006,223,4728,04728.csv,1.56134461397138,,,4728,93.25331119774451,6.746688802255491,0,Healthy
discharge,[2008.       5.       3.      14.       4.      34.187],24,B0006,227,4732,04732.csv,1.55117118927904,,,4732,92.64569034947546,7.3543096505245416,0,Healthy
discharge,[2008.       5.       3.      18.      58.      13.468],24,B0006,231,4736,04736.csv,1.54067416062951,,,4736,92.01874183948802,7.981258160511985,0,Healthy
discharge,[2008.       5.       3.      23.      42.      30.093],24,B0006,235,4740,04740.csv,1.52531387446244,,,4740,91.10132903183064,8.898670968169355,0,Healthy
discharge,[2008    5    4    4   41   40],24,B0006,239,4744,04744.csv,1.53015703180674,,,4744,91.39059282085341,8.609407179146586,0,Healthy
discharge,[2008.       5.       4.       9.      40.      11.906],24,B0006,243,4748,04748.csv,1.5246566834474,,,4748,91.06207745489274,8.937922545107256,0,Healthy
discharge,[2008.       5.       4.      14.      38.      13.359],24,B0006,247,4752,04752.csv,1.51454929866554,,,4752,90.45840092504537,9.541599074954632,0,Healthy
discharge,[2008.      5.      4.     19.     37.      7.89],24,B0006,251,4756,04756.csv,1.50939150460208,,,4756,90.15034505410583,9.849654945894173,0,Healthy
discharge,[2008.       5.       5.       0.      35.      53.968],24,B0006,255,4760,04760.csv,1.50399743330507,,,4760,89.82817722210913,10.171822777890867,0,Healthy
discharge,[2008.       5.       5.       5.      28.      13.937],24,B0006,259,4764,04764.csv,1.49352019180401,,,4764,89.20241052496266,10.797589475037341,0,Healthy
discharge,[2008.     5.     5.    11.    41.    31.5],24,B0006,263,4768,04768.csv,1.48763230244974,,,4768,88.85074877563555,11.149251224364448,0,Healthy
discharge,[2008.       5.       5.      20.      40.       8.562],24,B0006,265,4770,04770.csv,1.53028762144017,,,4770,91.39839245433373,8.601607545666269,0,Healthy
discharge,[2.0080e+03 5.0000e+00 6.0000e+00 1.0000e+00 3.8000e+01 4.6265e+01],24,B0006,269,4774,04774.csv,1.50407600883601,,,4774,89.83287024655337,10.16712975344663,0,Healthy
discharge,[2008.       5.       6.       6.      37.       6.296],24,B0006,273,4778,04778.csv,1.48875936087308,,,4778,88.91806378665189,11.081936213348115,0,Healthy
discharge,[2008.       5.       6.      11.      25.      21.031],24,B0006,277,4782,04782.csv,1.47827792855466,,,4782,88.29204678755931,11.707953212440685,0,Healthy
discharge,[2008.       5.       6.      16.      23.      36.296],24,B0006,281,4786,04786.csv,1.47845998221568,,,4786,88.30292017614623,11.69707982385377,0,Healthy
discharge,[2008.       5.       6.      21.      21.      49.265],24,B0006,285,4790,04790.csv,1.47321484489997,,,4790,87.98964761735301,12.010352382646985,0,Healthy
discharge,[2.0080e+03 5.0000e+00 7.0000e+00 2.0000e+00 1.7000e+01 2.5156e+01],24,B0006,289,4794,04794.csv,1.46751649350678,,,4794,87.64930626604068,12.350693733959318,0,Healthy
discharge,[2008.       5.       7.       7.       4.       2.109],24,B0006,293,4798,04798.csv,1.45162926575213,,,4798,86.70042119568748,13.299578804312517,0,Healthy
discharge,[2.0080e+03 5.0000e+00 7.0000e+00 1.2000e+01 1.0000e+00 4.9906e+01],24,B0006,297,4802,04802.csv,1.45192377209671,,,4802,86.71801096514329,13.281989034856707,0,Healthy
discharge,[2008.       5.       7.      16.      59.      29.937],24,B0006,301,4806,04806.csv,1.44714846947777,,,4806,86.43279988669039,13.56720011330961,0,Healthy
discharge,[2008.       5.       7.      21.      56.       9.656],24,B0006,305,4810,04810.csv,1.44685381056598,,,4810,86.41520100496213,13.584798995037872,0,Healthy
discharge,[2.0080e+03 5.0000e+00 8.0000e+00 2.0000e+00 5.3000e+01 4.9937e+01],24,B0006,309,4814,04814.csv,1.44167419302846,,,4814,86.10584169902194,13.894158300978063,0,Healthy
discharge,[2008    5    9   12   25    7],24,B0006,312,4817,04817.csv,1.59358665931001,,,4817,95.17900874120186,4.820991258798145,0,Healthy
discharge,[2008.       5.       9.      20.      28.       9.734],24,B0006,315,4820,04820.csv,1.54639023769156,,,4820,92.36014187912552,7.639858120874479,0,Healthy
discharge,[2.008e+03 5.000e+00 1.000e+01 1.000e+00 2.100e+01 5.650e+01],24,B0006,319,4824,04824.csv,1.51470559175661,,,4824,90.46773573052597,9.532264269474027,0,Healthy
discharge,[2008    5   10    6   18   12],24,B0006,323,4828,04828.csv,1.49897860833354,,,4828,89.5284214585646,10.471578541435406,0,Healthy
discharge,[2008.       5.      10.      11.      16.       4.843],24,B0006,327,4832,04832.csv,1.48311107454104,,,4832,88.58071263537983,11.419287364620175,0,Healthy
discharge,[2008.       5.      10.      16.      11.      56.109],24,B0006,331,4836,04836.csv,1.47296648254682,,,4836,87.97481385701539,12.025186142984609,0,Healthy
discharge,[2008.       5.      10.      21.       7.      54.625],24,B0006,335,4840,04840.csv,1.46276043960993,,,4840,87.3652448422221,12.634755157777903,0,Healthy
discharge,[2.0080e+03 5.0000e+00 1.1000e+01 2.0000e+00 5.0000e+00 2.1796e+01],24,B0006,339,4844,04844.csv,1.45183646810625,,,4844,86.71279662225044,13.287203377749563,0,Healthy
discharge,[2008.       5.      11.       6.      55.      27.734],24,B0006,343,4848,04848.csv,1.44686706440303,,,4848,86.41599260739244,13.58400739260756,0,Healthy
discharge,[2008.       5.      11.      11.      52.      47.187],24,B0006,347,4852,04852.csv,1.44138039942777,,,4852,86.08829449910984,13.911705500890164,0,Healthy
discharge,[2008.       5.      11.      16.      49.      58.921],24,B0006,351,4856,04856.csv,1.43121074496077,,,4856,85.48089883238865,14.519101167611353,0,Healthy
discharge,[2008.       5.      11.      21.      47.      12.843],24,B0006,355,4860,04860.csv,1.42602471795257,,,4860,85.17115671258495,14.828843287415054,0,Healthy
discharge,[2.0080e+03 5.0000e+00 1.2000e+01 2.0000e+00 3.6000e+01 5.8921e+01],24,B0006,359,4864,04864.csv,1.42048764996619,,,4864,84.8404482197663,15.159551780233699,0,Warning
discharge,[2008.       5.      12.      12.      56.      34.781],24,B0006,363,4868,04868.csv,1.4207006230355,,,4868,84.8531683097012,15.146831690298797,0,Warning
discharge,[2008.       5.      12.      18.      59.      59.453],24,B0006,366,4871,04871.csv,1.45225580433083,,,4871,86.73784201651979,13.262157983480208,0,Healthy
discharge,[2008.       5.      12.      23.      53.      17.609],24,B0006,370,4875,04875.csv,1.43155763277257,,,4875,85.50161715221056,14.498382847789443,0,Healthy
discharge,[2008.       5.      13.       4.      35.      25.359],24,B0006,374,4879,04879.csv,1.41501575115894,,,4879,84.5136320398218,15.4863679601782,0,Warning
discharge,[2008.       5.      13.       9.      24.       4.718],24,B0006,378,4883,04883.csv,1.40973115065174,,,4883,84.19800249126224,15.801997508737756,0,Warning
discharge,[2008.       5.      13.      14.      20.      24.937],24,B0006,382,4887,04887.csv,1.4049173181293,,,4887,83.91049016486616,16.08950983513384,0,Warning
discharge,[2008.       5.      13.      19.       4.      20.531],24,B0006,386,4891,04891.csv,1.39516429657156,,,4891,83.32797843343688,16.672021566563117,0,Warning
discharge,[2008.       5.      13.      23.      59.      26.015],24,B0006,390,4895,04895.csv,1.3945343832614,,,4895,83.29035605243634,16.709643947563663,0,Warning
discharge,[2008.       5.      14.       4.      55.      57.453],24,B0006,394,4899,04899.csv,1.38931711793126,,,4899,82.97874818375756,17.02125181624244,0,Warning
discharge,[2008.       5.      14.       9.      52.      22.062],24,B0006,398,4903,04903.csv,1.38383794723278,,,4903,82.6514976807752,17.348502319224806,0,Warning
discharge,[2008.       5.      14.      14.      35.      22.515],24,B0006,402,4907,04907.csv,1.37368142381951,,,4907,82.04488628309295,17.95511371690705,0,Warning
discharge,[2008.      5.     14.     19.     31.     39.39],24,B0006,406,4911,04911.csv,1.37860598918636,,,4911,82.33901227075714,17.660987729242862,0,Warning
discharge,[2008.       5.      15.       0.      27.      55.625],24,B0006,410,4915,04915.csv,1.37376002991085,,,4915,82.0495811327963,17.950418867203695,0,Warning
discharge,[2008.      5.     15.      5.     24.      4.89],24,B0006,414,4919,04919.csv,1.36825805839427,,,4919,81.72096882168601,18.279031178313986,0,Warning
discharge,[2008.       5.      15.      10.      20.       3.875],24,B0006,418,4923,04923.csv,1.36330240373175,,,4923,81.42498598593198,18.575014014068017,0,Warning
discharge,[2008.       5.      15.      15.      10.      59.437],24,B0006,422,4927,04927.csv,1.35809661401726,,,4927,81.11406351312786,18.88593648687214,0,Warning
discharge,[2008.      5.     15.     19.     56.     47.39],24,B0006,426,4931,04931.csv,1.35326909099953,,,4931,80.82573350432759,19.174266495672413,0,Warning
discharge,[2008.       5.      16.      16.      54.      59.812],24,B0006,430,4935,04935.csv,1.38416057382374,,,4935,82.67076696804095,17.32923303195905,0,Warning
discharge,[2008.       5.      16.      21.      37.      39.671],24,B0006,432,4937,04937.csv,1.40514677906514,,,4937,83.92419501379325,16.075804986206748,0,Warning
discharge,[2.0080e+03 5.0000e+00 1.7000e+01 2.0000e+00 3.2000e+01 1.3968e+01],24,B0006,436,4941,04941.csv,1.37871902262735,,,4941,82.345763338109,17.654236661891005,0,Warning
discharge,[2008.       5.      17.       7.      25.      19.906],24,B0006,440,4945,04945.csv,1.3682657783199,,,4945,81.72142990415348,18.27857009584652,0,Warning
discharge,[2008.      5.     17.     12.     21.     15.89],24,B0006,444,4949,04949.csv,1.3573151296618,,,4949,81.06738835689154,18.93261164310846,0,Warning
discharge,[2008.       5.      17.      17.      15.      37.281],24,B0006,448,4953,04953.csv,1.35249346388015,,,4953,80.77940817903443,19.220591820965566,0,Warning
discharge,[2008.       5.      17.      22.      10.      51.218],24,B0006,452,4957,04957.csv,1.34740991516612,,,4957,80.47578670689028,19.524213293109725,0,Warning
discharge,[2008.       5.      18.       3.       5.      19.265],24,B0006,456,4961,04961.csv,1.33700751308423,,,4961,79.85448989011698,20.14551010988302,0,Warning
discharge,[2008.       5.      18.       8.       0.      50.421],24,B0006,460,4965,04965.csv,1.33123529667185,,,4965,79.50973685572103,20.49026314427897,0,Warning
discharge,[2008.       5.      18.      12.      44.      48.437],24,B0006,464,4969,04969.csv,1.32593037817276,,,4969,79.19289378901586,20.807106210984145,0,Warning
discharge,[2008.       5.      18.      17.      36.      29.734],24,B0006,468,4973,04973.csv,1.32157874386752,,,4973,78.93298684441561,21.06701315558439,0,Warning
discharge,[2008.       5.      18.      22.      31.      45.515],24,B0006,472,4977,04977.csv,1.3212250740661,,,4977,78.91186346155834,21.08813653844166,0,Warning
discharge,[2008.       5.      19.       3.      27.       7.765],24,B0006,476,4981,04981.csv,1.31564853018626,,,4981,78.5787972203319,21.421202779668107,0,Warning
discharge,[2008.       5.      19.      15.      34.      33.625],24,B0006,480,4985,04985.csv,1.32090256975023,,,4985,78.89260147732926,21.107398522670735,0,Warning
discharge,[2008.       5.      19.      20.      59.      48.437],24,B0006,482,4987,04987.csv,1.34743287672739,,,4987,80.47715811561038,19.52284188438962,0,Warning
discharge,[2.0080e+03 5.0000e+00 2.0000e+01 1.0000e+00 1.6000e+01 4.2609e+01],24,B0006,484,4989,04989.csv,1.32601280723536,,,4989,79.19781697058485,20.802183029415147,0,Warning
discharge,[2008.       5.      20.       6.      12.       6.265],24,B0006,488,4993,04993.csv,1.3101186784831,,,4993,78.24851972929135,21.751480270708655,0,Warning
discharge,[2008.       5.      20.      11.       7.      23.453],24,B0006,492,4997,04997.csv,1.30521620229393,,,4997,77.95571304611755,22.044286953882448,0,Warning
discharge,[2008.       5.      20.      15.      57.      27.312],24,B0006,496,5001,05001.csv,1.30040619513557,,,5001,77.66842919450136,22.331570805498643,0,Warning
discharge,[2008.       5.      20.      20.      50.      39.015],24,B0006,500,5005,05005.csv,1.30023573584111,,,5005,77.65824829433967,22.34175170566033,0,Warning
discharge,[2.0080e+03 5.0000e+00 2.1000e+01 1.0000e+00 3.9000e+01 3.8968e+01],24,B0006,504,5009,05009.csv,1.28950667224807,,,5009,77.01744119951307,22.982558800486927,0,Warning
discharge,[2008.       5.      21.       6.      24.      27.281],24,B0006,508,5013,05013.csv,1.27925305738479,,,5013,76.40503089035323,23.59496910964677,0,Warning
discharge,[2008.       5.      21.      11.      18.       6.015],24,B0006,512,5017,05017.csv,1.27920781717146,,,5017,76.40232886054216,23.597671139457844,0,Warning
discharge,[2008.       5.      21.      16.      10.      21.203],24,B0006,516,5021,05021.csv,1.27403676090292,,,5021,76.09348088738096,23.906519112619037,0,Warning
discharge,[2.008e+03 5.000e+00 2.100e+01 2.100e+01 2.000e+00 9.781e+00],24,B0006,520,5025,05025.csv,1.27412739230014,,,5025,76.09889396391358,23.901106036086418,0,Warning
discharge,[2.0080e+03 5.0000e+00 2.2000e+01 1.0000e+00 4.2000e+01 5.9218e+01],24,B0006,524,5029,05029.csv,1.26376394264407,,,5029,75.4799236307714,24.520076369228605,0,Warning
discharge,[2008.       5.      22.       6.      32.      40.921],24,B0006,528,5033,05033.csv,1.25813736889552,,,5033,75.14386929141833,24.856130708581674,0,Warning
discharge,[2008.       5.      22.      11.      23.      22.187],24,B0006,532,5037,05037.csv,1.2532598640553,,,5037,74.85255405411361,25.14744594588639,0,Warning
discharge,[2008.      5.     22.     16.     17.     58.89],24,B0006,536,5041,05041.csv,1.25323133154934,,,5041,74.85084991357105,25.149150086428946,0,Warning
discharge,[2008.       5.      22.      20.      59.      50.203],24,B0006,540,5045,05045.csv,1.24808749603135,,,5045,74.54362773467679,25.45637226532321,0,Warning
discharge,[2008.       5.      23.      12.      13.      16.359],24,B0006,544,5049,05049.csv,1.25343542849448,,,5049,74.8630398655966,25.136960134403395,0,Warning
discharge,[2008.       5.      23.      20.      14.      29.875],24,B0006,547,5052,05052.csv,1.28980487732669,,,5052,77.03525188060708,22.964748119392922,0,Warning
discharge,[2.0080e+03 5.0000e+00 2.4000e+01 1.0000e+00 9.0000e+00 2.1562e+01],24,B0006,551,5056,05056.csv,1.26354020217588,,,5056,75.46656044411742,24.53343955588258,0,Warning
discharge,[2008.       5.      24.       6.       0.      20.156],24,B0006,555,5060,05060.csv,1.24797617068428,,,5060,74.53697868542679,25.46302131457321,0,Warning
discharge,[2008.       5.      24.      10.      42.      50.484],24,B0006,559,5064,05064.csv,1.23212028779433,,,5064,73.5899657273518,26.410034272648204,0,Warning
discharge,[2008.       5.      24.      15.      31.      10.593],24,B0006,563,5068,05068.csv,1.22711376662135,,,5068,73.29094482396874,26.709055176031256,0,Warning
discharge,[2008.       5.      24.      20.      21.      13.437],24,B0006,567,5072,05072.csv,1.22173975813773,,,5072,72.96997526925419,27.030024730745808,0,Warning
discharge,[2.0080e+03 5.0000e+00 2.5000e+01 1.0000e+00 6.0000e+00 4.9828e+01],24,B0006,571,5076,05076.csv,1.21110267891517,,,5076,72.33466205902485,27.66533794097515,0,Warning
discharge,[2008.      5.     25.      5.     57.     17.89],24,B0006,575,5080,05080.csv,1.20561597651317,,,5080,72.00696171538215,27.993038284617853,0,Warning
discharge,[2008.       5.      25.      10.      51.      37.015],24,B0006,579,5084,05084.csv,1.20089362627172,,,5084,71.72491328564404,28.275086714355965,0,Warning
discharge,[2008.      5.     25.     15.     37.      8.89],24,B0006,583,5088,05088.csv,1.19059039855583,,,5088,71.10953978517944,28.890460214820564,0,Warning
discharge,[2008.       5.      25.      20.      23.       4.453],24,B0006,587,5092,05092.csv,1.18517925104194,,,5092,70.78635205421068,29.21364794578932,0,Warning
discharge,[2.008e+03 5.000e+00 2.600e+01 1.000e+00 1.300e+01 2.796e+00],24,B0006,591,5096,05096.csv,1.17967068181446,,,5096,70.45734568634812,29.54265431365188,0,Warning
discharge,[2.008e+03 5.000e+00 2.600e+01 6.000e+00 1.000e+00 8.171e+00],24,B0006,595,5100,05100.csv,1.17459528367539,,,5100,70.15421101775546,29.845788982244542,0,Warning
discharge,[2008.       5.      26.      10.      44.      38.468],24,B0006,599,5104,05104.csv,1.15381833159625,,,5104,68.91328088571468,31.086719114285316,0,Critical
discharge,[2008.       5.      26.      15.      30.      43.968],24,B0006,603,5108,05108.csv,1.16440095573722,,,5108,69.54534169629798,30.45465830370202,0,Critical
discharge,[2008.       5.      26.      20.      21.       4.921],24,B0006,607,5112,05112.csv,1.1587974947916,,,5112,69.21066779876732,30.789332201232682,0,Critical
discharge,[2008.       5.      27.      15.      52.      41.359],24,B0006,611,5116,05116.csv,1.17497488347691,,,5116,70.17688310315224,29.823116896847765,0,Warning
discharge,[2008.       5.      27.      20.      45.      42.125],24,B0006,613,5118,05118.csv,1.18567523279293,,,5118,70.8159752009264,29.184024799073597,0,Warning
discharge,[2.0080e+03 4.0000e+00 2.0000e+00 1.5000e+01 2.5000e+01 4.1593e+01],24,B0005,1,5122,05122.csv,1.85648742081815,,,5122,110.88109417939582,-10.881094179395816,0,Healthy
discharge,[2.0080e+03 4.0000e+00 2.0000e+00 1.9000e+01 4.3000e+01 4.8406e+01],24,B0005,3,5124,05124.csv,1.84632724971992,,,5124,110.27426491904717,-10.27426491904717,0,Healthy
discharge,[2.008e+03 4.000e+00 3.000e+00 0.000e+00 1.000e+00 6.687e+00],24,B0005,5,5126,05126.csv,1.8353491942234,,,5126,109.61858646318142,-9.618586463181416,0,Healthy
discharge,[2008.       4.       3.       4.      16.      37.375],24,B0005,7,5128,05128.csv,1.83526252758211,,,5128,109.61341018678583,-9.613410186785828,0,Healthy
discharge,[2008.       4.       3.       8.      33.      25.703],24,B0005,9,5130,05130.csv,1.83464550821204,,,5130,109.57655791290773,-9.576557912907731,0,Healthy
discharge,[2008.       4.       3.      12.      55.      10.687],24,B0005,11,5132,05132.csv,1.83566166006754,,,5132,109.6372488868011,-9.637248886801103,0,Healthy
discharge,[2008.       4.       3.      17.      17.      16.015],24,B0005,13,5134,05134.csv,1.83514614292266,,,5134,109.60645896360985,-9.606458963609853,0,Healthy
discharge,[2008.       4.       3.      21.      28.      14.718],24,B0005,15,5136,05136.csv,1.82575679056655,,,5136,109.04566784205055,-9.045667842050548,0,Healthy
discharge,[2.0080e+03 4.0000e+00 4.0000e+00 1.0000e+00 3.8000e+01 1.5218e+01],24,B0005,17,5138,05138.csv,1.82477385298913,,,5138,108.98696063354905,-8.986960633549046,0,Healthy
discharge,[2008.       4.       4.       5.      48.       8.609],24,B0005,19,5140,05140.csv,1.82461326849693,,,5140,108.97736951862755,-8.977369518627555,0,Healthy
discharge,[2008.       4.       4.       9.      57.      19.765],24,B0005,21,5142,05142.csv,1.82461955268645,,,5142,108.97774484991297,-8.977744849912966,0,Healthy
discharge,[2008.       4.       4.      17.      56.      27.609],24,B0005,24,5145,05145.csv,1.81420193576739,,,5145,108.35553930746005,-8.355539307460049,0,Healthy
discharge,[2.0080e+03 4.0000e+00 4.0000e+00 2.2000e+01 1.0000e+00 5.4671e+01],24,B0005,26,5147,05147.csv,1.8137521577549,,,5147,108.32867573833296,-8.328675738332961,0,Healthy
discharge,[2.0080e+03 4.0000e+00 5.0000e+00 2.0000e+00 2.0000e+01 2.6703e+01],24,B0005,28,5149,05149.csv,1.81344049147358,,,5149,108.310061069629,-8.310061069629,0,Healthy
discharge,[2.008e+03 4.000e+00 5.000e+00 6.000e+00 2.500e+01 1.890e+00],24,B0005,30,5151,05151.csv,1.80259800363065,,,5151,107.66247956588735,-7.662479565887352,0,Healthy
discharge,[2008.       4.       5.      10.      30.      32.312],24,B0005,32,5153,05153.csv,1.80210690024615,,,5153,107.63314778587207,-7.633147785872069,0,Healthy
discharge,[2008.       4.       5.      14.      34.      41.468],24,B0005,34,5155,05155.csv,1.8025795008262,,,5155,107.66137446214155,-7.661374462141552,0,Healthy
discharge,[2008.       4.       5.      18.      39.      25.218],24,B0005,36,5157,05157.csv,1.8030683142834,,,5157,107.69056947330951,-7.690569473309509,0,Healthy
discharge,[2008.       4.       5.      22.      46.      35.484],24,B0005,38,5159,05159.csv,1.8027776247196,,,5159,107.67320766598493,-7.673207665984933,0,Healthy
discharge,[2008.       4.      18.      21.      10.      19.796],24,B0005,41,5162,05162.csv,1.84702599493291,,,5162,110.31599837379626,-10.315998373796262,0,Healthy
discharge,[2008    4   19    2   29    9],24,B0005,45,5166,05166.csv,1.84741731128364,,,5166,110.33937024513388,-10.339370245133878,0,Healthy
discharge,[2008.       4.      19.       7.      47.      15.703],24,B0005,49,5170,05170.csv,1.83617742134789,,,5170,109.66805339129668,-9.66805339129668,0,Healthy
discharge,[2.0080e+03 4.0000e+00 1.9000e+01 1.3000e+01 1.0000e+00 4.2562e+01],24,B0005,53,5174,05174.csv,1.82578074757762,,,5174,109.04709870528771,-9.04709870528771,0,Healthy
discharge,[2008.       4.      19.      18.      27.      29.828],24,B0005,57,5178,05178.csv,1.82511364350783,,,5178,109.00725505843054,-9.007255058430545,0,Healthy
discharge,[2008.       4.      19.      23.      41.      55.687],24,B0005,61,5182,05182.csv,1.82558150422037,,,5182,109.03519864002891,-9.03519864002891,0,Healthy
discharge,[2008.       4.      20.       4.      54.      41.734],24,B0005,65,5186,05186.csv,1.81403112750839,,,5186,108.34533756494329,-8.345337564943293,0,Healthy
discharge,[2008.       4.      20.      10.      16.      28.859],24,B0005,69,5190,05190.csv,1.81476919411589,,,5190,108.38941954045207,-8.389419540452067,0,Healthy
discharge,[2008.       4.      20.      15.      37.       5.281],24,B0005,73,5194,05194.csv,1.81396938871035,,,5194,108.34165013598296,-8.34165013598296,0,Healthy
discharge,[2008.       4.      20.      20.      50.      38.921],24,B0005,77,5198,05198.csv,1.80276566516782,,,5198,107.67249336640373,-7.672493366403728,0,Healthy
discharge,[2.008e+03 4.000e+00 2.100e+01 2.000e+00 1.500e+01 2.921e+00],24,B0005,81,5202,05202.csv,1.80407704011735,,,5202,107.75081691853383,-7.750816918533829,0,Healthy
discharge,[2008.       4.      22.      15.      33.      49.875],24,B0005,85,5206,05206.csv,1.85180255167044,,,5206,110.60128435609174,-10.601284356091739,0,Healthy
discharge,[2008.       4.      22.      20.      26.      18.921],24,B0005,89,5210,05210.csv,1.83070384567394,,,5210,109.3411370583361,-9.341137058336102,0,Healthy
discharge,[2.0080e+03 4.0000e+00 2.3000e+01 1.0000e+00 1.8000e+01 1.1796e+01],24,B0005,93,5214,05214.csv,1.81990410895012,,,5214,108.69610892005828,-8.696108920058279,0,Healthy
discharge,[2008.       4.      23.       6.      18.      19.921],24,B0005,97,5218,05218.csv,1.80930796370285,,,5218,108.06324054404561,-8.063240544045613,0,Healthy
discharge,[2.008e+03 4.000e+00 2.300e+01 1.100e+01 8.000e+00 3.120e-01],24,B0005,101,5222,05222.csv,1.80460990458052,,,5222,107.78264293257682,-7.78264293257682,0,Healthy
discharge,[2008.       4.      23.      16.       6.      25.171],24,B0005,105,5226,05226.csv,1.79937706519721,,,5226,107.47010488358173,-7.470104883581726,0,Healthy
discharge,[2.0080e+03 4.0000e+00 2.3000e+01 2.1000e+01 2.0000e+00 5.8296e+01],24,B0005,109,5230,05230.csv,1.78844323353704,,,5230,106.81706775310728,-6.817067753107281,0,Healthy
discharge,[2.008e+03 4.000e+00 2.400e+01 1.000e+00 5.100e+01 3.389e+01],24,B0005,113,5234,05234.csv,1.78292304842527,,,5234,106.48736761164545,-6.487367611645453,0,Healthy
discharge,[2.008e+03 4.000e+00 2.400e+01 6.000e+00 5.000e+01 3.100e-02],24,B0005,117,5238,05238.csv,1.77303371580182,,,5238,105.89671452684894,-5.896714526848939,0,Healthy
discharge,[2008.       4.      24.      11.      49.      24.281],24,B0005,121,5242,05242.csv,1.77303775507893,,,5242,105.89695577785913,-5.896955777859134,0,Healthy
discharge,[2008.       4.      24.      16.      45.      56.015],24,B0005,125,5246,05246.csv,1.7678721106662,,,5246,105.5884310347328,-5.588431034732807,0,Healthy
discharge,[2008.       4.      24.      21.      38.      11.078],24,B0005,129,5250,05250.csv,1.7623150704093,,,5250,105.25652967242112,-5.256529672421124,0,Healthy
discharge,[2008.       4.      25.      12.       3.      44.093],24,B0005,133,5254,05254.csv,1.76761729249384,,,5254,105.57321169230622,-5.5732116923062165,0,Healthy
discharge,[2008.       4.      25.      20.       3.      55.921],24,B0005,135,5256,05256.csv,1.76266835974314,,,5256,105.27763033136381,-5.2776303313638095,0,Healthy
discharge,[2.0080e+03 4.0000e+00 2.6000e+01 1.0000e+00 4.0000e+00 3.5718e+01],24,B0005,139,5260,05260.csv,1.75173048706641,,,5260,104.62435184598833,-4.624351845988329,0,Healthy
discharge,[2008.      4.     26.      5.     57.     35.14],24,B0005,143,5264,05264.csv,1.741849604796,,,5264,104.03420346937394,-4.034203469373935,0,Healthy
discharge,[2008.       4.      26.      10.      58.      25.843],24,B0005,147,5268,05268.csv,1.73609135118471,,,5268,103.69028438119562,-3.6902843811956245,0,Healthy
discharge,[2008.       4.      29.      12.      15.      56.953],24,B0005,149,5270,05270.csv,1.79362401485736,,,5270,107.12649656746902,-7.126496567469019,0,Healthy
discharge,[2008.       4.      29.      17.       5.      27.781],24,B0005,153,5274,05274.csv,1.78318902232732,,,5274,106.50325324434715,-6.50325324434715,0,Healthy
discharge,[2008.      4.     29.     22.      0.      4.75],24,B0005,157,5278,05278.csv,1.76736420762789,,,5278,105.55809587382983,-5.558095873829828,0,Healthy
discharge,[2.0080e+03 4.0000e+00 3.0000e+01 2.0000e+00 4.3000e+01 5.5312e+01],24,B0005,161,5282,05282.csv,1.7570177850353,,,5282,104.94014250390975,-4.940142503909755,0,Healthy
discharge,[2008.       4.      30.       7.      41.      42.578],24,B0005,165,5286,05286.csv,1.74687061798379,,,5286,104.33408992694335,-4.334089926943349,0,Healthy
discharge,[2008.       4.      30.      12.      28.      49.265],24,B0005,169,5290,05290.csv,1.74171725074571,,,5290,104.02629845383187,-4.0262984538318705,0,Healthy
discharge,[2008.      4.     30.     17.     20.     16.14],24,B0005,173,5294,05294.csv,1.73642250564781,,,5294,103.71006300657125,-3.7100630065712465,0,Healthy
discharge,[2008.       4.      30.      22.      14.      54.062],24,B0005,177,5298,05298.csv,1.72632172392358,,,5298,103.10678085281644,-3.106780852816442,0,Healthy
discharge,[2.008e+03 5.000e+00 1.000e+00 3.000e+00 1.500e+01 3.314e+01],24,B0005,181,5302,05302.csv,1.71580653893301,,,5302,102.47874793205507,-2.4787479320550716,0,Healthy
discharge,[2.008e+03 5.000e+00 1.000e+00 8.000e+00 1.600e+01 3.343e+00],24,B0005,185,5306,05306.csv,1.71053335113519,,,5306,102.1638000222125,-2.1638000222124987,0,Healthy
discharge,[2.0080e+03 5.0000e+00 1.0000e+00 1.3000e+01 1.4000e+01 2.4875e+01],24,B0005,189,5310,05310.csv,1.70601449964852,,,5310,101.89390581681286,-1.893905816812861,0,Healthy
discharge,[2.0080e+03 5.0000e+00 1.0000e+00 1.8000e+01 1.1000e+01 1.0984e+01],24,B0005,193,5314,05314.csv,1.70031102726425,,,5314,101.553258607735,-1.5532586077350032,0,Healthy
discharge,[2.0080e+03 5.0000e+00 1.0000e+00 2.3000e+01 1.0000e+01 1.5265e+01],24,B0005,197,5318,05318.csv,1.69457986017978,,,5318,101.21095729713905,-1.2109572971390463,0,Healthy
discharge,[2.0080e+03 5.0000e+00 2.0000e+00 3.0000e+00 5.3000e+01 3.4765e+01],24,B0005,201,5322,05322.csv,1.68490290866092,,,5322,100.63298894642472,-0.6329889464247174,0,Healthy
discharge,[2.0080e+03 5.0000e+00 2.0000e+00 8.0000e+00 4.4000e+01 4.0859e+01],24,B0005,205,5326,05326.csv,1.67447415911597,,,5326,100.01011849360077,-0.010118493600771217,0,Healthy
discharge,[2.008e+03 5.000e+00 2.000e+00 1.300e+01 4.300e+01 5.093e+00],24,B0005,209,5330,05330.csv,1.67456924798791,,,5330,100.01579779853265,-0.015797798532645402,0,Healthy
discharge,[2.0080e+03 5.0000e+00 2.0000e+00 1.9000e+01 7.0000e+00 4.8359e+01],24,B0005,213,5334,05334.csv,1.6637163759814,,,5334,99.36759608729217,0.6324039127078294,0,Healthy
discharge,[2.0080e+03 5.0000e+00 2.0000e+00 2.3000e+01 2.4000e+01 1.7687e+01],24,B0005,215,5336,05336.csv,1.65901386874824,,,5336,99.08673280669449,0.913267193305515,0,Healthy
discharge,[2008.       5.       3.       4.      13.       8.609],24,B0005,219,5340,05340.csv,1.6538540573335,,,5340,98.77855644686029,1.2214435531397072,0,Healthy
discharge,[2008.       5.       3.       9.      10.      19.812],24,B0005,223,5344,05344.csv,1.64265378213013,,,5344,98.10960563376364,1.8903943662363645,0,Healthy
discharge,[2008.       5.       3.      14.       4.      34.187],24,B0005,227,5348,05348.csv,1.63785784302236,,,5348,97.82316201452655,2.1768379854734548,0,Healthy
discharge,[2008.       5.       3.      18.      58.      13.468],24,B0005,231,5352,05352.csv,1.63273504070991,,,5352,97.51719607083118,2.482803929168824,0,Healthy
discharge,[2008.       5.       3.      23.      42.      30.093],24,B0005,235,5356,05356.csv,1.62775289155336,,,5356,97.21963081741309,2.7803691825869095,0,Healthy
discharge,[2008    5    4    4   41   40],24,B0005,239,5360,05360.csv,1.62212548552115,,,5360,96.88352676885015,3.116473231149854,0,Healthy
discharge,[2008.       5.       4.       9.      40.      11.906],24,B0005,243,5364,05364.csv,1.61132566037658,,,5364,96.2384933495295,3.761506650470494,0,Healthy
discharge,[2008.       5.       4.      14.      38.      13.359],24,B0005,247,5368,05368.csv,1.60656313974883,,,5368,95.95404569190728,4.045954308092718,0,Healthy
discharge,[2008.      5.      4.     19.     37.      7.89],24,B0005,251,5372,05372.csv,1.60151422339175,,,5372,95.65249268173577,4.347507318264235,0,Healthy
discharge,[2008.       5.       5.       0.      35.      53.968],24,B0005,255,5376,05376.csv,1.59036923140032,,,5376,94.98684372943326,5.013156270566739,0,Healthy
discharge,[2008.       5.       5.       5.      28.      13.937],24,B0005,259,5380,05380.csv,1.58578899682422,,,5380,94.71328334022661,5.28671665977339,0,Healthy
discharge,[2008.     5.     5.    11.    41.    31.5],24,B0005,263,5384,05384.csv,1.58494307073741,,,5384,94.66275931886855,5.337240681131448,0,Healthy
discharge,[2008.       5.       5.      20.      40.       8.562],24,B0005,265,5386,05386.csv,1.59552638924959,,,5386,95.29486160166365,4.705138398336345,0,Healthy
discharge,[2.0080e+03 5.0000e+00 6.0000e+00 1.0000e+00 3.8000e+01 4.6265e+01],24,B0005,269,5390,05390.csv,1.5747301747801,,,5390,94.05278099863419,5.947219001365809,0,Healthy
discharge,[2008.       5.       6.       6.      37.       6.296],24,B0005,273,5394,05394.csv,1.56490199509379,,,5394,93.46578035150375,6.534219648496247,0,Healthy
discharge,[2008.       5.       6.      11.      25.      21.031],24,B0005,277,5398,05398.csv,1.55976594733703,,,5398,93.15902330664525,6.840976693354747,0,Healthy
discharge,[2008.       5.       6.      16.      23.      36.296],24,B0005,281,5402,05402.csv,1.55948156681842,,,5402,93.14203831514293,6.857961684857074,0,Healthy
discharge,[2008.       5.       6.      21.      21.      49.265],24,B0005,285,5406,05406.csv,1.55468935359061,,,5406,92.85581722886893,7.144182771131071,0,Healthy
discharge,[2.0080e+03 5.0000e+00 7.0000e+00 2.0000e+00 1.7000e+01 2.5156e+01],24,B0005,289,5410,05410.csv,1.54887410798904,,,5410,92.50849422091673,7.491505779083269,0,Healthy
discharge,[2008.       5.       7.       7.       4.       2.109],24,B0005,293,5414,05414.csv,1.53823659894255,,,5414,91.87315533890144,8.12684466109856,0,Healthy
discharge,[2.0080e+03 5.0000e+00 7.0000e+00 1.2000e+01 1.0000e+00 4.9906e+01],24,B0005,297,5418,05418.csv,1.52791425825102,,,5418,91.2566402914335,8.743359708566501,0,Healthy
discharge,[2008.       5.       7.      16.      59.      29.937],24,B0005,301,5422,05422.csv,1.52852526297564,,,5422,91.29313333289176,8.706866667108244,0,Healthy
discharge,[2008.       5.       7.      21.      56.       9.656],24,B0005,305,5426,05426.csv,1.52264732528437,,,5426,90.9420659594112,9.057934040588805,0,Healthy
discharge,[2.0080e+03 5.0000e+00 8.0000e+00 2.0000e+00 5.3000e+01 4.9937e+01],24,B0005,309,5430,05430.csv,1.51748599384898,,,5430,90.63379881439259,9.366201185607409,0,Healthy
discharge,[2008    5    9   12   25    7],24,B0005,312,5433,05433.csv,1.60581889913065,,,5433,95.90959496568571,4.090405034314287,0,Healthy
discharge,[2008.       5.       9.      20.      28.       9.734],24,B0005,315,5436,05436.csv,1.56384914467444,,,5436,93.4028975087785,6.597102491221506,0,Healthy
discharge,[2.008e+03 5.000e+00 1.000e+01 1.000e+00 2.100e+01 5.650e+01],24,B0005,319,5440,05440.csv,1.54809152477677,,,5440,92.46175343404693,7.538246565953074,0,Healthy
discharge,[2008    5   10    6   18   12],24,B0005,323,5444,05444.csv,1.53237556318685,,,5444,91.523097455218,8.476902544782007,0,Healthy
discharge,[2008.       5.      10.      11.      16.       4.843],24,B0005,327,5448,05448.csv,1.52695282684897,,,5448,91.19921756686112,8.800782433138878,0,Healthy
discharge,[2008.       5.      10.      16.      11.      56.109],24,B0005,331,5452,05452.csv,1.51695730171363,,,5452,90.60222199798422,9.397778002015784,0,Healthy
discharge,[2008.       5.      10.      21.       7.      54.625],24,B0005,335,5456,05456.csv,1.51189759601426,,,5456,90.30002458049532,9.699975419504682,0,Healthy
discharge,[2.0080e+03 5.0000e+00 1.1000e+01 2.0000e+00 5.0000e+00 2.1796e+01],24,B0005,339,5460,05460.csv,1.50656389606811,,,5460,89.98146250492086,10.018537495079144,0,Healthy
discharge,[2008.       5.      11.       6.      55.      27.734],24,B0005,343,5464,05464.csv,1.50154535266713,,,5464,89.68172355853888,10.318276441461123,0,Healthy
discharge,[2008.       5.      11.      11.      52.      47.187],24,B0005,347,5468,05468.csv,1.49084440504002,,,5468,89.04259572586686,10.95740427413314,0,Healthy
discharge,[2008.       5.      11.      16.      49.      58.921],24,B0005,351,5472,05472.csv,1.4858683845612,,,5472,88.74539651559292,11.254603484407085,0,Healthy
discharge,[2008.       5.      11.      21.      47.      12.843],24,B0005,355,5476,05476.csv,1.4804136779761,,,5476,88.41960716318411,11.58039283681589,0,Healthy
discharge,[2.0080e+03 5.0000e+00 1.2000e+01 2.0000e+00 3.6000e+01 5.8921e+01],24,B0005,359,5480,05480.csv,1.47520958690316,,,5480,88.10878614392695,11.891213856073051,0,Healthy
discharge,[2008.       5.      12.      12.      56.      34.781],24,B0005,363,5484,05484.csv,1.4859035988304,,,5484,88.74749973302161,11.252500266978387,0,Healthy
discharge,[2008.       5.      12.      18.      59.      59.453],24,B0005,366,5487,05487.csv,1.49609182981366,,,5487,89.3560049060211,10.643995093978901,0,Healthy
discharge,[2008.       5.      12.      23.      53.      17.609],24,B0005,370,5491,05491.csv,1.48080059469289,,,5491,88.44271626073731,11.557283739262687,0,Healthy
discharge,[2008.       5.      13.       4.      35.      25.359],24,B0005,374,5495,05495.csv,1.46975432684668,,,5495,87.78296373472953,12.217036265270465,0,Healthy
discharge,[2008.       5.      13.       9.      24.       4.718],24,B0005,378,5499,05499.csv,1.45390122748459,,,5499,86.83611702642888,13.16388297357112,0,Healthy
discharge,[2008.       5.      13.      14.      20.      24.937],24,B0005,382,5503,05503.csv,1.45414620672356,,,5503,86.85074872592958,13.149251274070423,0,Healthy
discharge,[2008.       5.      13.      19.       4.      20.531],24,B0005,386,5507,05507.csv,1.45502375190668,,,5507,86.90316123840076,13.096838761599244,0,Healthy
discharge,[2008.       5.      13.      23.      59.      26.015],24,B0005,390,5511,05511.csv,1.44904216376123,,,5511,86.54590320849948,13.454096791500518,0,Healthy
discharge,[2008.       5.      14.       4.      55.      57.453],24,B0005,394,5515,05515.csv,1.43867093714805,,,5515,85.92646838661143,14.073531613388568,0,Healthy
discharge,[2008.       5.      14.       9.      52.      22.062],24,B0005,398,5519,05519.csv,1.43344543215697,,,5519,85.61436839360664,14.38563160639336,0,Healthy
discharge,[2008.       5.      14.      14.      35.      22.515],24,B0005,402,5523,05523.csv,1.4333958900838,,,5523,85.61140942969479,14.388590570305212,0,Healthy
discharge,[2008.      5.     14.     19.     31.     39.39],24,B0005,406,5527,05527.csv,1.42806487344776,,,5527,85.29300761826092,14.706992381739084,0,Healthy
discharge,[2008.       5.      15.       0.      27.      55.625],24,B0005,410,5531,05531.csv,1.42292031817411,,,5531,84.98574245103599,15.01425754896401,0,Warning
discharge,[2008.      5.     15.      5.     24.      4.89],24,B0005,414,5535,05535.csv,1.4174290327313,,,5535,84.65776837939814,15.342231620601865,0,Warning
discharge,[2008.       5.      15.      10.      20.       3.875],24,B0005,418,5539,05539.csv,1.41240922879444,,,5539,84.3579541458927,15.642045854107295,0,Warning
discharge,[2008.       5.      15.      15.      10.      59.437],24,B0005,422,5543,05543.csv,1.41257879294019,,,5543,84.36808158214869,15.63191841785131,0,Warning
discharge,[2008.      5.     15.     19.     56.     47.39],24,B0005,426,5547,05547.csv,1.40759837314698,,,5547,84.0706196171759,15.929380382824107,0,Warning
discharge,[2008.       5.      16.      16.      54.      59.812],24,B0005,430,5551,05551.csv,1.43339204852214,,,5551,85.61117998749366,14.388820012506343,0,Healthy
discharge,[2008.       5.      16.      21.      37.      39.671],24,B0005,432,5553,05553.csv,1.43825501767929,,,5553,85.90162706246916,14.09837293753084,0,Healthy
discharge,[2.0080e+03 5.0000e+00 1.7000e+01 2.0000e+00 3.2000e+01 1.3968e+01],24,B0005,436,5557,05557.csv,1.41735471744855,,,5557,84.65332980374545,15.34667019625455,0,Warning
discharge,[2008.       5.      17.       7.      25.      19.906],24,B0005,440,5561,05561.csv,1.40698166367764,,,5561,84.03378585251667,15.966214147483328,0,Warning
discharge,[2008.      5.     17.     12.     21.     15.89],24,B0005,444,5565,05565.csv,1.40120377835876,,,5565,83.68869423540346,16.31130576459654,0,Warning
discharge,[2008.       5.      17.      17.      15.      37.281],24,B0005,448,5569,05569.csv,1.39670082327263,,,5569,83.41974946293053,16.580250537069475,0,Warning
discharge,[2008.       5.      17.      22.      10.      51.218],24,B0005,452,5573,05573.csv,1.39128478885272,,,5573,83.09626985522695,16.90373014477305,0,Warning
discharge,[2008.       5.      18.       3.       5.      19.265],24,B0005,456,5577,05577.csv,1.38622876779783,,,5577,82.7942925078592,17.205707492140803,0,Warning
discharge,[2008.       5.      18.       8.       0.      50.421],24,B0005,460,5581,05581.csv,1.38043667619741,,,5581,82.44835240234595,17.551647597654053,0,Warning
discharge,[2008.       5.      18.      12.      44.      48.437],24,B0005,464,5585,05585.csv,1.37523641502562,,,5585,82.13776012885099,17.862239871149015,0,Warning
discharge,[2008.       5.      18.      17.      36.      29.734],24,B0005,468,5589,05589.csv,1.3705128024895,,,5589,81.85563630694344,18.14436369305656,0,Warning
discharge,[2008.       5.      18.      22.      31.      45.515],24,B0005,472,5593,05593.csv,1.37050855662703,,,5593,81.85538271735747,18.14461728264253,0,Warning
discharge,[2008.       5.      19.       3.      27.       7.765],24,B0005,476,5597,05597.csv,1.36473551086815,,,5597,81.51058014917727,18.489419850822728,0,Warning
discharge,[2008.       5.      19.      15.      34.      33.625],24,B0005,480,5601,05601.csv,1.37539201689576,,,5601,82.1470536502743,17.8529463497257,0,Warning
discharge,[2008.       5.      19.      20.      59.      48.437],24,B0005,482,5603,05603.csv,1.38611151515353,,,5603,82.7872894431739,17.212710556826096,0,Warning
discharge,[2.0080e+03 5.0000e+00 2.0000e+01 1.0000e+00 1.6000e+01 4.2609e+01],24,B0005,484,5605,05605.csv,1.36985000358389,,,5605,81.81604979154301,18.18395020845699,0,Warning
discharge,[2008.       5.      20.       6.      12.       6.265],24,B0005,488,5609,05609.csv,1.36478279492607,,,5609,81.51340425022995,18.486595749770046,0,Warning
discharge,[2008.       5.      20.      11.       7.      23.453],24,B0005,492,5613,05613.csv,1.35432204662599,,,5613,80.88862263068255,19.111377369317452,0,Warning
discharge,[2008.       5.      20.      15.      57.      27.312],24,B0005,496,5617,05617.csv,1.35464170183789,,,5617,80.90771444851993,19.092285551480074,0,Warning
discharge,[2008.       5.      20.      20.      50.      39.015],24,B0005,500,5621,05621.csv,1.35470392131924,,,5621,80.91143058690793,19.088569413092074,0,Warning
discharge,[2.0080e+03 5.0000e+00 2.1000e+01 1.0000e+00 3.9000e+01 3.8968e+01],24,B0005,504,5625,05625.csv,1.34931499750345,,,5625,80.58957019483435,19.41042980516565,0,Warning
discharge,[2008.       5.      21.       6.      24.      27.281],24,B0005,508,5629,05629.csv,1.34418919379705,,,5629,80.28342498903275,19.716575010967247,0,Warning
discharge,[2008.       5.      21.      11.      18.       6.015],24,B0005,512,5633,05633.csv,1.33899137906957,,,5633,79.97297883256445,20.02702116743555,0,Warning
discharge,[2008.       5.      21.      16.      10.      21.203],24,B0005,516,5637,05637.csv,1.33891452302069,,,5637,79.96838850639334,20.03161149360666,0,Warning
discharge,[2.008e+03 5.000e+00 2.100e+01 2.100e+01 2.000e+00 9.781e+00],24,B0005,520,5641,05641.csv,1.33400667597616,,,5641,79.6752610419892,20.324738958010798,0,Warning
discharge,[2.0080e+03 5.0000e+00 2.2000e+01 1.0000e+00 4.2000e+01 5.9218e+01],24,B0005,524,5645,05645.csv,1.32864443091749,,,5645,79.35499407292924,20.645005927070756,0,Warning
discharge,[2008.       5.      22.       6.      32.      40.921],24,B0005,528,5649,05649.csv,1.32317089922762,,,5649,79.02808036697431,20.971919633025692,0,Warning
discharge,[2008.       5.      22.      11.      23.      22.187],24,B0005,532,5653,05653.csv,1.31816915884451,,,5653,78.7293450024028,21.270654997597205,0,Warning
discharge,[2008.      5.     22.     16.     17.     58.89],24,B0005,536,5657,05657.csv,1.31846644366403,,,5657,78.74710071984083,21.25289928015917,0,Warning
discharge,[2008.       5.      22.      20.      59.      50.203],24,B0005,540,5661,05661.csv,1.3182930401027,,,5661,78.73674396956109,21.26325603043891,0,Warning
discharge,[2008.       5.      23.      12.      13.      16.359],24,B0005,544,5665,05665.csv,1.32387242224426,,,5665,79.06997972961193,20.93002027038807,0,Warning
discharge,[2008.       5.      23.      20.      14.      29.875],24,B0005,547,5668,05668.csv,1.36012167665547,,,5668,81.23501297854769,18.764987021452313,0,Warning
discharge,[2.0080e+03 5.0000e+00 2.4000e+01 1.0000e+00 9.0000e+00 2.1562e+01],24,B0005,551,5672,05672.csv,1.33953068679473,,,5672,80.00518967870032,19.99481032129968,0,Warning
discharge,[2008.       5.      24.       6.       0.      20.156],24,B0005,555,5676,05676.csv,1.32902865651206,,,5676,79.37794243975354,20.62205756024646,0,Warning
discharge,[2008.       5.      24.      10.      42.      50.484],24,B0005,559,5680,05680.csv,1.32367412749989,,,5680,79.05813632147503,20.941863678524967,0,Warning
discharge,[2008.       5.      24.      15.      31.      10.593],24,B0005,563,5684,05684.csv,1.31863389675329,,,5684,78.75710207053821,21.24289792946179,0,Warning
discharge,[2008.       5.      24.      20.      21.      13.437],24,B0005,567,5688,05688.csv,1.31347513213242,,,5688,78.44898823181155,21.551011768188445,0,Warning
discharge,[2.0080e+03 5.0000e+00 2.5000e+01 1.0000e+00 6.0000e+00 4.9828e+01],24,B0005,571,5692,05692.csv,1.31320206344422,,,5692,78.43267885390023,21.567321146099772,0,Warning
discharge,[2008.      5.     25.      5.     57.     17.89],24,B0005,575,5696,05696.csv,1.30779599469443,,,5696,78.1097944586364,21.8902055413636,0,Warning
discharge,[2008.       5.      25.      10.      51.      37.015],24,B0005,579,5700,05700.csv,1.30303291864059,,,5700,77.82531362747801,22.17468637252199,0,Warning
discharge,[2008.      5.     25.     15.     37.      8.89],24,B0005,583,5704,05704.csv,1.30335735590382,,,5704,77.84469105946926,22.155308940530745,0,Warning
discharge,[2008.       5.      25.      20.      23.       4.453],24,B0005,587,5708,05708.csv,1.30341004386556,,,5708,77.84783791561398,22.15216208438602,0,Warning
discharge,[2.008e+03 5.000e+00 2.600e+01 1.000e+00 1.300e+01 2.796e+00],24,B0005,591,5712,05712.csv,1.29788708064957,,,5712,77.51797184831165,22.482028151688354,0,Warning
discharge,[2.008e+03 5.000e+00 2.600e+01 6.000e+00 1.000e+00 8.171e+00],24,B0005,595,5716,05716.csv,1.29807350569189,,,5716,77.52910632325776,22.470893676742236,0,Warning
discharge,[2008.       5.      26.      10.      44.      38.468],24,B0005,599,5720,05720.csv,1.29346361384424,,,5720,77.25377461543998,22.74622538456002,0,Warning
discharge,[2008.       5.      26.      15.      30.      43.968],24,B0005,603,5724,05724.csv,1.28800339261911,,,5724,76.92765589407684,23.072344105923165,0,Warning
discharge,[2008.       5.      26.      20.      21.       4.921],24,B0005,607,5728,05728.csv,1.28745252213794,,,5728,76.89475444749642,23.105245552503575,0,Warning
discharge,[2008.       5.      27.      15.      52.      41.359],24,B0005,611,5732,05732.csv,1.30901536423073,,,5732,78.18262286936401,21.81737713063599,0,Warning
discharge,[2008.       5.      27.      20.      45.      42.125],24,B0005,613,5734,05734.csv,1.32507932864293,,,5734,79.14206376344701,20.857936236552987,0,Warning
discharge,[2.0080e+03 4.0000e+00 2.0000e+00 1.5000e+01 2.5000e+01 4.1593e+01],24,B0007,1,5738,05738.csv,1.89105229539079,,,5738,112.94552568041773,-12.945525680417731,0,Healthy
discharge,[2.0080e+03 4.0000e+00 2.0000e+00 1.9000e+01 4.3000e+01 4.8406e+01],24,B0007,3,5740,05740.csv,1.88063702768685,,,5740,112.32346044785328,-12.323460447853279,0,Healthy
discharge,[2.008e+03 4.000e+00 3.000e+00 0.000e+00 1.000e+00 6.687e+00],24,B0007,5,5742,05742.csv,1.88066267170113,,,5742,112.3249920695226,-12.324992069522594,0,Healthy
discharge,[2008.       4.       3.       4.      16.      37.375],24,B0007,7,5744,05744.csv,1.88077090098334,,,5744,112.33145620232474,-12.331456202324745,0,Healthy
discharge,[2008.       4.       3.       8.      33.      25.703],24,B0007,9,5746,05746.csv,1.8794508728285,,,5746,112.25261582640032,-12.252615826400316,0,Healthy
discharge,[2008.       4.       3.      12.      55.      10.687],24,B0007,11,5748,05748.csv,1.88070035171174,,,5748,112.327242556522,-12.327242556521995,0,Healthy
discharge,[2008.       4.       3.      17.      17.      16.015],24,B0007,13,5750,05750.csv,1.8799352523566,,,5750,112.28154601546143,-12.28154601546143,0,Healthy
discharge,[2008.       4.       3.      21.      28.      14.718],24,B0007,15,5752,05752.csv,1.88150881240387,,,5752,112.37552890909255,-12.375528909092552,0,Healthy
discharge,[2.0080e+03 4.0000e+00 4.0000e+00 1.0000e+00 3.8000e+01 1.5218e+01],24,B0007,17,5754,05754.csv,1.86969078703858,,,5754,111.6696821746365,-11.669682174636506,0,Healthy
discharge,[2008.       4.       4.       5.      48.       8.609],24,B0007,19,5756,05756.csv,1.87005238013919,,,5756,111.6912787867082,-11.691278786708196,0,Healthy
discharge,[2008.       4.       4.       9.      57.      19.765],24,B0007,21,5758,05758.csv,1.87004423941885,,,5758,111.69079257173652,-11.690792571736523,0,Healthy
discharge,[2008.       4.       4.      17.      56.      27.609],24,B0007,24,5761,05761.csv,1.85965189877663,,,5761,111.0700966873623,-11.070096687362295,0,Healthy
discharge,[2.0080e+03 4.0000e+00 4.0000e+00 2.2000e+01 1.0000e+00 5.4671e+01],24,B0007,26,5763,05763.csv,1.85907465608622,,,5763,111.03562012673387,-11.035620126733875,0,Healthy
discharge,[2.0080e+03 4.0000e+00 5.0000e+00 2.0000e+00 2.0000e+01 2.6703e+01],24,B0007,28,5765,05765.csv,1.85900845777092,,,5765,111.03166634738102,-11.03166634738102,0,Healthy
discharge,[2.008e+03 4.000e+00 5.000e+00 6.000e+00 2.500e+01 1.890e+00],24,B0007,30,5767,05767.csv,1.8593622586957,,,5767,111.05279756174926,-11.052797561749259,0,Healthy
discharge,[2008.       4.       5.      10.      30.      32.312],24,B0007,32,5769,05769.csv,1.8587355450601,,,5769,111.0153662854189,-11.015366285418907,0,Healthy
discharge,[2008.       4.       5.      14.      34.      41.468],24,B0007,34,5771,05771.csv,1.84781729132214,,,5771,110.36325956634417,-10.36325956634417,0,Healthy
discharge,[2008.       4.       5.      18.      39.      25.218],24,B0007,36,5773,05773.csv,1.8485252916137,,,5773,110.40554579254056,-10.405545792540565,0,Healthy
discharge,[2008.       4.       5.      22.      46.      35.484],24,B0007,38,5775,05775.csv,1.84837895185003,,,5775,110.39680546231494,-10.396805462314944,0,Healthy
discharge,[2008.       4.      18.      21.      10.      19.796],24,B0007,41,5778,05778.csv,1.88078054376097,,,5778,112.33203212959609,-12.332032129596087,0,Healthy
discharge,[2008    4   19    2   29    9],24,B0007,45,5782,05782.csv,1.88147215974435,,,5782,112.37333978195569,-12.373339781955693,0,Healthy
discharge,[2008.       4.      19.       7.      47.      15.703],24,B0007,49,5786,05786.csv,1.88109543132447,,,5786,112.35083919351305,-12.350839193513053,0,Healthy
discharge,[2.0080e+03 4.0000e+00 1.9000e+01 1.3000e+01 1.0000e+00 4.2562e+01],24,B0007,53,5790,05790.csv,1.87100896497799,,,5790,111.74841204406947,-11.748412044069468,0,Healthy
discharge,[2008.       4.      19.      18.      27.      29.828],24,B0007,57,5794,05794.csv,1.87019951519413,,,5794,111.70006661672576,-11.700066616725763,0,Healthy
discharge,[2008.       4.      19.      23.      41.      55.687],24,B0007,61,5798,05798.csv,1.87067153628009,,,5798,111.72825868196685,-11.72825868196685,0,Healthy
discharge,[2008.       4.      20.       4.      54.      41.734],24,B0007,65,5802,05802.csv,1.85961246440201,,,5802,111.06774141872049,-11.067741418720487,0,Healthy
discharge,[2008.       4.      20.      10.      16.      28.859],24,B0007,69,5806,05806.csv,1.86003390971834,,,5806,111.09291278120183,-11.092912781201832,0,Healthy
discharge,[2008.       4.      20.      15.      37.       5.281],24,B0007,73,5810,05810.csv,1.85916531091607,,,5810,111.04103460281043,-11.041034602810427,0,Healthy
discharge,[2008.       4.      20.      20.      50.      38.921],24,B0007,77,5814,05814.csv,1.84813981787782,,,5814,110.3825228788744,-10.382522878874397,0,Healthy
discharge,[2.008e+03 4.000e+00 2.100e+01 2.000e+00 1.500e+01 2.921e+00],24,B0007,81,5818,05818.csv,1.84920170212616,,,5818,110.44594527863185,-10.445945278631854,0,Healthy
discharge,[2008.       4.      22.      15.      33.      49.875],24,B0007,85,5822,05822.csv,1.88346774379508,,,5822,112.49252860089977,-12.492528600899774,0,Healthy
discharge,[2008.       4.      22.      20.      26.      18.921],24,B0007,89,5826,05826.csv,1.86282111179058,,,5826,111.25938200259459,-11.259382002594592,0,Healthy
discharge,[2.0080e+03 4.0000e+00 2.3000e+01 1.0000e+00 1.8000e+01 1.1796e+01],24,B0007,93,5830,05830.csv,1.85208503965235,,,5830,110.61815631341041,-10.61815631341041,0,Healthy
discharge,[2008.       4.      23.       6.      18.      19.921],24,B0007,97,5834,05834.csv,1.84695046482087,,,5834,110.3114872409049,-10.311487240904896,0,Healthy
discharge,[2.008e+03 4.000e+00 2.300e+01 1.100e+01 8.000e+00 3.120e-01],24,B0007,101,5838,05838.csv,1.83682843116901,,,5838,109.7069357884936,-9.706935788493595,0,Healthy
discharge,[2008.       4.      23.      16.       6.      25.171],24,B0007,105,5842,05842.csv,1.83716196196722,,,5842,109.7268563435339,-9.726856343533896,0,Healthy
discharge,[2.0080e+03 4.0000e+00 2.3000e+01 2.1000e+01 2.0000e+00 5.8296e+01],24,B0007,109,5846,05846.csv,1.83167225837188,,,5846,109.39897674976666,-9.39897674976666,0,Healthy
discharge,[2.008e+03 4.000e+00 2.400e+01 1.000e+00 5.100e+01 3.389e+01],24,B0007,113,5850,05850.csv,1.82114709513177,,,5850,108.77034786524354,-8.770347865243536,0,Healthy
discharge,[2.008e+03 4.000e+00 2.400e+01 6.000e+00 5.000e+01 3.100e-02],24,B0007,117,5854,05854.csv,1.81650609151151,,,5854,108.4931579668718,-8.493157966871806,0,Healthy
discharge,[2008.       4.      24.      11.      49.      24.281],24,B0007,121,5858,05858.csv,1.81138156015045,,,5858,108.1870887535288,-8.187088753528798,0,Healthy
discharge,[2008.       4.      24.      16.      45.      56.015],24,B0007,125,5862,05862.csv,1.81160563339395,,,5862,108.20047181561532,-8.200471815615316,0,Healthy
discharge,[2008.       4.      24.      21.      38.      11.078],24,B0007,129,5866,05866.csv,1.80605489555574,,,5866,107.86894687334963,-7.868946873349628,0,Healthy
discharge,[2008.       4.      25.      12.       3.      44.093],24,B0007,133,5870,05870.csv,1.8132041826994,,,5870,108.29594722476723,-8.295947224767232,0,Healthy
discharge,[2008.       4.      25.      20.       3.      55.921],24,B0007,135,5872,05872.csv,1.80626419382835,,,5872,107.88144748133467,-7.881447481334675,0,Healthy
discharge,[2.0080e+03 4.0000e+00 2.6000e+01 1.0000e+00 4.0000e+00 3.5718e+01],24,B0007,139,5876,05876.csv,1.79583102499004,,,5876,107.25831308054225,-7.258313080542251,0,Healthy
discharge,[2008.      4.     26.      5.     57.     35.14],24,B0007,143,5880,05880.csv,1.78588526003904,,,5880,106.66428950254681,-6.664289502546808,0,Healthy
discharge,[2008.       4.      26.      10.      58.      25.843],24,B0007,147,5884,05884.csv,1.78032686045027,,,5884,106.33230695239438,-6.332306952394376,0,Healthy
discharge,[2008.       4.      29.      12.      15.      56.953],24,B0007,149,5886,05886.csv,1.81507568995755,,,5886,108.4077253980106,-8.407725398010598,0,Healthy
discharge,[2008.       4.      29.      17.       5.      27.781],24,B0007,153,5890,05890.csv,1.81570251548458,,,5890,108.44516335720024,-8.445163357200244,0,Healthy
discharge,[2008.      4.     29.     22.      0.      4.75],24,B0007,157,5894,05894.csv,1.80024321780566,,,5894,107.52183695990732,-7.5218369599073185,0,Healthy
discharge,[2.0080e+03 4.0000e+00 3.0000e+01 2.0000e+00 4.3000e+01 5.5312e+01],24,B0007,161,5898,05898.csv,1.79044762056093,,,5898,106.93678234092279,-6.93678234092279,0,Healthy
discharge,[2008.       4.      30.       7.      41.      42.578],24,B0007,165,5902,05902.csv,1.78034303230013,,,5902,106.3332728368853,-6.3332728368853,0,Healthy
discharge,[2008.       4.      30.      12.      28.      49.265],24,B0007,169,5906,05906.csv,1.77532876959681,,,5906,106.03378956066574,-6.033789560665738,0,Healthy
discharge,[2008.      4.     30.     17.     20.     16.14],24,B0007,173,5910,05910.csv,1.77026297347328,,,5910,105.73122838477627,-5.731228384776273,0,Healthy
discharge,[2008.       4.      30.      22.      14.      54.062],24,B0007,177,5914,05914.csv,1.7600810618542,,,5914,105.12310064391393,-5.123100643913929,0,Healthy
discharge,[2.008e+03 5.000e+00 1.000e+00 3.000e+00 1.500e+01 3.314e+01],24,B0007,181,5918,05918.csv,1.74964759353768,,,5918,104.49994835640099,-4.499948356400992,0,Healthy
discharge,[2.008e+03 5.000e+00 1.000e+00 8.000e+00 1.600e+01 3.343e+00],24,B0007,185,5922,05922.csv,1.74965007505931,,,5922,104.5000965684656,-4.500096568465594,0,Healthy
discharge,[2.0080e+03 5.0000e+00 1.0000e+00 1.3000e+01 1.4000e+01 2.4875e+01],24,B0007,189,5926,05926.csv,1.74502873921468,,,5926,104.22408135323877,-4.224081353238773,0,Healthy
discharge,[2.0080e+03 5.0000e+00 1.0000e+00 1.8000e+01 1.1000e+01 1.0984e+01],24,B0007,193,5930,05930.csv,1.73964574552867,,,5930,103.90257514577816,-3.902575145778158,0,Healthy
discharge,[2.0080e+03 5.0000e+00 1.0000e+00 2.3000e+01 1.0000e+01 1.5265e+01],24,B0007,197,5934,05934.csv,1.72856422777179,,,5934,103.24071727360915,-3.2407172736091496,0,Healthy
discharge,[2.0080e+03 5.0000e+00 2.0000e+00 3.0000e+00 5.3000e+01 3.4765e+01],24,B0007,201,5938,05938.csv,1.72390032458841,,,5938,102.96215966943637,-2.9621596694363745,0,Healthy
discharge,[2.0080e+03 5.0000e+00 2.0000e+00 8.0000e+00 4.4000e+01 4.0859e+01],24,B0007,205,5942,05942.csv,1.71397887764851,,,5942,102.36958851586826,-2.3695885158682586,0,Healthy
discharge,[2.008e+03 5.000e+00 2.000e+00 1.300e+01 4.300e+01 5.093e+00],24,B0007,209,5946,05946.csv,1.71397019970046,,,5946,102.36907021428203,-2.369070214282033,0,Healthy
discharge,[2.0080e+03 5.0000e+00 2.0000e+00 1.9000e+01 7.0000e+00 4.8359e+01],24,B0007,213,5950,05950.csv,1.70365211736387,,,5950,101.75280950252888,-1.7528095025288764,0,Healthy
discharge,[2.0080e+03 5.0000e+00 2.0000e+00 2.3000e+01 2.4000e+01 1.7687e+01],24,B0007,215,5952,05952.csv,1.70401374743824,,,5952,101.77440832290583,-1.7744083229058276,0,Healthy
discharge,[2008.       5.       3.       4.      13.       8.609],24,B0007,219,5956,05956.csv,1.6935716157343,,,5956,101.15073860345898,-1.1507386034589757,0,Healthy
discharge,[2008.       5.       3.       9.      10.      19.812],24,B0007,223,5960,05960.csv,1.68765773638776,,,5960,100.79752456848303,-0.797524568483027,0,Healthy
discharge,[2008.       5.       3.      14.       4.      34.187],24,B0007,227,5964,05964.csv,1.68307443565831,,,5964,100.52378104933186,-0.5237810493318591,0,Healthy
discharge,[2008.       5.       3.      18.      58.      13.468],24,B0007,231,5968,05968.csv,1.67792701420254,,,5968,100.2163446957008,-0.21634469570079773,0,Healthy
discharge,[2008.       5.       3.      23.      42.      30.093],24,B0007,235,5972,05972.csv,1.67320602759661,,,5972,99.93437771084447,0.06562228915552737,0,Healthy
discharge,[2008    5    4    4   41   40],24,B0007,239,5976,05976.csv,1.66743672082539,,,5976,99.5897984585016,0.4102015414983953,0,Healthy
discharge,[2008.       5.       4.       9.      40.      11.906],24,B0007,243,5980,05980.csv,1.66226626306675,,,5980,99.28098623211243,0.7190137678875743,0,Healthy
discharge,[2008.       5.       4.      14.      38.      13.359],24,B0007,247,5984,05984.csv,1.6574243065763,,,5984,98.99179416562724,1.0082058343727596,0,Healthy
discharge,[2008.      5.      4.     19.     37.      7.89],24,B0007,251,5988,05988.csv,1.65253868492873,,,5988,98.69999414158488,1.300005858415119,0,Healthy
discharge,[2008.       5.       5.       0.      35.      53.968],24,B0007,255,5992,05992.csv,1.64721746275733,,,5992,98.38217731712373,1.617822682876266,0,Healthy
discharge,[2008.       5.       5.       5.      28.      13.937],24,B0007,259,5996,05996.csv,1.6364136810898,,,5996,97.73690758939075,2.2630924106092465,0,Healthy
discharge,[2008.     5.     5.    11.    41.    31.5],24,B0007,263,6000,06000.csv,1.63625543120484,,,6000,97.72745591188335,2.2725440881166463,0,Healthy
discharge,[2008.       5.       5.      20.      40.       8.562],24,B0007,265,6002,06002.csv,1.64111917921838,,,6002,98.01794950505646,1.982050494943536,0,Healthy
discharge,[2.0080e+03 5.0000e+00 6.0000e+00 1.0000e+00 3.8000e+01 4.6265e+01],24,B0007,269,6006,06006.csv,1.63157007896569,,,6006,97.44761723532291,2.552382764677091,0,Healthy
discharge,[2008.       5.       6.       6.      37.       6.296],24,B0007,273,6010,06010.csv,1.62121328298723,,,6010,96.82904430161659,3.170955698383409,0,Healthy
discharge,[2008.       5.       6.      11.      25.      21.031],24,B0007,277,6014,06014.csv,1.61642732147621,,,6014,96.54319660715252,3.456803392847476,0,Healthy
discharge,[2008.       5.       6.      16.      23.      36.296],24,B0007,281,6018,06018.csv,1.61582351016192,,,6018,96.50713320135964,3.492866798640364,0,Healthy
discharge,[2008.       5.       6.      21.      21.      49.265],24,B0007,285,6022,06022.csv,1.61672418029789,,,6022,96.56092688132276,3.4390731186772427,0,Healthy
discharge,[2.0080e+03 5.0000e+00 7.0000e+00 2.0000e+00 1.7000e+01 2.5156e+01],24,B0007,289,6026,06026.csv,1.610865586373,,,6026,96.21101483911872,3.788985160881282,0,Healthy
discharge,[2008.       5.       7.       7.       4.       2.109],24,B0007,293,6030,06030.csv,1.60066033743093,,,6030,95.60149324668524,4.398506753314763,0,Healthy
discharge,[2.0080e+03 5.0000e+00 7.0000e+00 1.2000e+01 1.0000e+00 4.9906e+01],24,B0007,297,6034,06034.csv,1.59591744870056,,,6034,95.31821812933336,4.68178187066664,0,Healthy
discharge,[2008.       5.       7.      16.      59.      29.937],24,B0007,301,6038,06038.csv,1.59621795194622,,,6038,95.33616607140374,4.663833928596262,0,Healthy
discharge,[2008.       5.       7.      21.      56.       9.656],24,B0007,305,6042,06042.csv,1.59580651146339,,,6042,95.3115922604453,4.688407739554705,0,Healthy
discharge,[2.0080e+03 5.0000e+00 8.0000e+00 2.0000e+00 5.3000e+01 4.9937e+01],24,B0007,309,6046,06046.csv,1.59065078214807,,,6046,95.0036597092387,4.996340290761296,0,Healthy
discharge,[2008    5    9   12   25    7],24,B0007,312,6049,06049.csv,1.68882111618555,,,6049,100.86700892021018,-0.867008920210182,0,Healthy
discharge,[2008.       5.       9.      20.      28.       9.734],24,B0007,315,6052,06052.csv,1.62599382797332,,,6052,97.11456848717657,2.8854315128234305,0,Healthy
discharge,[2.008e+03 5.000e+00 1.000e+01 1.000e+00 2.100e+01 5.650e+01],24,B0007,319,6056,06056.csv,1.61574338628128,,,6056,96.5023476997421,3.497652300257897,0,Healthy
discharge,[2008    5   10    6   18   12],24,B0007,323,6060,06060.csv,1.60566267648465,,,6060,95.90026436762736,4.099735632372642,0,Healthy
discharge,[2008.       5.      10.      11.      16.       4.843],24,B0007,327,6064,06064.csv,1.59497469215243,,,6064,95.26191078438221,4.738089215617791,0,Healthy
discharge,[2008.       5.      10.      16.      11.      56.109],24,B0007,331,6068,06068.csv,1.59041024388719,,,6068,94.98929325285485,5.01070674714515,0,Healthy
discharge,[2008.       5.      10.      21.       7.      54.625],24,B0007,335,6072,06072.csv,1.58535170629881,,,6072,94.68716560229421,5.312834397705785,0,Healthy
discharge,[2.0080e+03 5.0000e+00 1.1000e+01 2.0000e+00 5.0000e+00 2.1796e+01],24,B0007,339,6076,06076.csv,1.57997371472423,,,6076,94.36595815235943,5.6340418476405745,0,Healthy
discharge,[2008.       5.      11.       6.      55.      27.734],24,B0007,343,6080,06080.csv,1.5752185465278,,,6080,94.08194962813529,5.918050371864709,0,Healthy
discharge,[2008.       5.      11.      11.      52.      47.187],24,B0007,347,6084,06084.csv,1.56979848464886,,,6084,93.75822947527152,6.24177052472848,0,Healthy
discharge,[2008.       5.      11.      16.      49.      58.921],24,B0007,351,6088,06088.csv,1.57025653759503,,,6088,93.7855872754343,6.214412724565705,0,Healthy
discharge,[2008.       5.      11.      21.      47.      12.843],24,B0007,355,6092,06092.csv,1.56524987390943,,,6092,93.48655786030207,6.513442139697929,0,Healthy
discharge,[2.0080e+03 5.0000e+00 1.2000e+01 2.0000e+00 3.6000e+01 5.8921e+01],24,B0007,359,6096,06096.csv,1.55963393356114,,,6096,93.15113861442849,6.84886138557151,0,Healthy
discharge,[2008.       5.      12.      12.      56.      34.781],24,B0007,363,6100,06100.csv,1.56498205333921,,,6100,93.47056193297354,6.529438067026462,0,Healthy
discharge,[2008.       5.      12.      18.      59.      59.453],24,B0007,366,6103,06103.csv,1.57497949984227,,,6103,94.06767225800377,5.932327741996232,0,Healthy
discharge,[2008.       5.      12.      23.      53.      17.609],24,B0007,370,6107,06107.csv,1.56528111687804,,,6107,93.4884238867055,6.511576113294495,0,Healthy
discharge,[2008.       5.      13.       4.      35.      25.359],24,B0007,374,6111,06111.csv,1.55975549747012,,,6111,93.1583991749307,6.841600825069307,0,Healthy
discharge,[2008.       5.      13.       9.      24.       4.718],24,B0007,378,6115,06115.csv,1.54989768567049,,,6115,92.5696287117967,7.430371288203304,0,Healthy
discharge,[2008.       5.      13.      14.      20.      24.937],24,B0007,382,6119,06119.csv,1.5438771531345,,,6119,92.21004467818173,7.789955321818269,0,Healthy
discharge,[2008.       5.      13.      19.       4.      20.531],24,B0007,386,6123,06123.csv,1.545018748869,,,6123,92.27822794876705,7.721772051232946,0,Healthy
discharge,[2008.       5.      13.      23.      59.      26.015],24,B0007,390,6127,06127.csv,1.54459401541029,,,6127,92.25286019776145,7.74713980223855,0,Healthy
discharge,[2008.       5.      14.       4.      55.      57.453],24,B0007,394,6131,06131.csv,1.53430867217588,,,6131,91.63855487090962,8.361445129090384,0,Healthy
discharge,[2008.       5.      14.       9.      52.      22.062],24,B0007,398,6135,06135.csv,1.52876039429584,,,6135,91.30717685280322,8.692823147196776,0,Healthy
discharge,[2008.       5.      14.      14.      35.      22.515],24,B0007,402,6139,06139.csv,1.52892602491798,,,6139,91.31706935431254,8.682930645687463,0,Healthy
discharge,[2008.      5.     14.     19.     31.     39.39],24,B0007,406,6143,06143.csv,1.52909165013312,,,6143,91.32696153288185,8.673038467118147,0,Healthy
discharge,[2008.       5.      15.       0.      27.      55.625],24,B0007,410,6147,06147.csv,1.52390593246612,,,6147,91.0172378888784,8.982762111121602,0,Healthy
discharge,[2008.      5.     15.      5.     24.      4.89],24,B0007,414,6151,06151.csv,1.51866754191006,,,6151,90.70436828896537,9.29563171103463,0,Healthy
discharge,[2008.       5.      15.      10.      20.       3.875],24,B0007,418,6155,06155.csv,1.51364822664269,,,6155,90.40458324187249,9.595416758127513,0,Healthy
discharge,[2008.       5.      15.      15.      10.      59.437],24,B0007,422,6159,06159.csv,1.5136050185229,,,6159,90.40200258145646,9.597997418543542,0,Healthy
discharge,[2008.      5.     15.     19.     56.     47.39],24,B0007,426,6163,06163.csv,1.51394706148679,,,6163,90.42243153651815,9.577568463481853,0,Healthy
discharge,[2008.       5.      16.      16.      54.      59.812],24,B0007,430,6167,06167.csv,1.53395991931587,,,6167,91.6177251586894,8.382274841310604,0,Healthy
discharge,[2008.       5.      16.      21.      37.      39.671],24,B0007,432,6169,06169.csv,1.5391372798653,,,6169,91.92694966311886,8.073050336881138,0,Healthy
discharge,[2.0080e+03 5.0000e+00 1.7000e+01 2.0000e+00 3.2000e+01 1.3968e+01],24,B0007,436,6173,06173.csv,1.52362479728387,,,6173,91.00044672925584,8.999553270744158,0,Healthy
discharge,[2008.       5.      17.       7.      25.      19.906],24,B0007,440,6177,06177.csv,1.51358130355891,,,6177,90.40058617479183,9.599413825208174,0,Healthy
discharge,[2008.      5.     17.     12.     21.     15.89],24,B0007,444,6181,06181.csv,1.50778507498479,,,6181,90.05439898321417,9.94560101678583,0,Healthy
discharge,[2008.       5.      17.      17.      15.      37.281],24,B0007,448,6185,06185.csv,1.50319606760373,,,6185,89.78031462697056,10.219685373029435,0,Healthy
discharge,[2008.       5.      17.      22.      10.      51.218],24,B0007,452,6189,06189.csv,1.49782205969958,,,6189,89.45934510686563,10.540654893134374,0,Healthy
discharge,[2008.       5.      18.       3.       5.      19.265],24,B0007,456,6193,06193.csv,1.49284853463351,,,6193,89.16229493832128,10.837705061678719,0,Healthy
discharge,[2008.       5.      18.       8.       0.      50.421],24,B0007,460,6197,06197.csv,1.49241438986702,,,6197,89.13636508487824,10.863634915121764,0,Healthy
discharge,[2008.       5.      18.      12.      44.      48.437],24,B0007,464,6201,06201.csv,1.48748277653808,,,6201,88.84181814863152,11.158181851368482,0,Healthy
discharge,[2008.       5.      18.      17.      36.      29.734],24,B0007,468,6205,06205.csv,1.48253514864041,,,6205,88.54631472171123,11.453685278288773,0,Healthy
discharge,[2008.       5.      18.      22.      31.      45.515],24,B0007,472,6209,06209.csv,1.48278743222289,,,6209,88.56138268250385,11.438617317496153,0,Healthy
discharge,[2008.       5.      19.       3.      27.       7.765],24,B0007,476,6213,06213.csv,1.47697117977505,,,6213,88.2139995393658,11.786000460634199,0,Healthy
discharge,[2008.       5.      19.      15.      34.      33.625],24,B0007,480,6217,06217.csv,1.48190155541372,,,6217,88.50847255297245,11.49152744702755,0,Healthy
discharge,[2008.       5.      19.      20.      59.      48.437],24,B0007,482,6219,06219.csv,1.49813661988748,,,6219,89.47813261785465,10.521867382145345,0,Healthy
discharge,[2.0080e+03 5.0000e+00 2.0000e+01 1.0000e+00 1.6000e+01 4.2609e+01],24,B0007,484,6221,06221.csv,1.48207752143928,,,6221,88.51898234971748,11.481017650282524,0,Healthy
discharge,[2008.       5.      20.       6.      12.       6.265],24,B0007,488,6225,06225.csv,1.47711553128121,,,6225,88.22262111835954,11.777378881640459,0,Healthy
discharge,[2008.       5.      20.      11.       7.      23.453],24,B0007,492,6229,06229.csv,1.47207727830564,,,6229,87.92170499233612,12.078295007663883,0,Healthy
discharge,[2008.       5.      20.      15.      57.      27.312],24,B0007,496,6233,06233.csv,1.47224801365645,,,6233,87.93190238031765,12.068097619682348,0,Healthy
discharge,[2008.       5.      20.      20.      50.      39.015],24,B0007,500,6237,06237.csv,1.46701066722746,,,6237,87.61909514223412,12.380904857765884,0,Healthy
discharge,[2.0080e+03 5.0000e+00 2.1000e+01 1.0000e+00 3.9000e+01 3.8968e+01],24,B0007,504,6241,06241.csv,1.46176724953353,,,6241,87.30592529005901,12.694074709940992,0,Healthy
discharge,[2008.       5.      21.       6.      24.      27.281],24,B0007,508,6245,06245.csv,1.45669526704897,,,6245,87.00299462581626,12.997005374183743,0,Healthy
discharge,[2008.       5.      21.      11.      18.       6.015],24,B0007,512,6249,06249.csv,1.45135497275895,,,6249,86.68403869458973,13.31596130541027,0,Healthy
discharge,[2008.       5.      21.      16.      10.      21.203],24,B0007,516,6253,06253.csv,1.45161592625737,,,6253,86.69962447724049,13.30037552275951,0,Healthy
discharge,[2.008e+03 5.000e+00 2.100e+01 2.100e+01 2.000e+00 9.781e+00],24,B0007,520,6257,06257.csv,1.44681613321736,,,6257,86.41295067695349,13.587049323046514,0,Healthy
discharge,[2.0080e+03 5.0000e+00 2.2000e+01 1.0000e+00 4.2000e+01 5.9218e+01],24,B0007,524,6261,06261.csv,1.44675706077687,,,6261,86.40942249962036,13.590577500379638,0,Healthy
discharge,[2008.       5.      22.       6.      32.      40.921],24,B0007,528,6265,06265.csv,1.44137974814467,,,6265,86.0882556003907,13.911744399609304,0,Healthy
discharge,[2008.       5.      22.      11.      23.      22.187],24,B0007,532,6269,06269.csv,1.43624562522081,,,6269,85.78161351864783,14.21838648135217,0,Healthy
discharge,[2008.      5.     22.     16.     17.     58.89],24,B0007,536,6273,06273.csv,1.43681541539248,,,6273,85.81564496802851,14.184355031971492,0,Healthy
discharge,[2008.       5.      22.      20.      59.      50.203],24,B0007,540,6277,06277.csv,1.436294514586,,,6277,85.78453349873777,14.215466501262227,0,Healthy
discharge,[2008.       5.      23.      12.      13.      16.359],24,B0007,544,6281,06281.csv,1.4418575315878,,,6281,86.11679182981028,13.883208170189718,0,Healthy
discharge,[2008.       5.      23.      20.      14.      29.875],24,B0007,547,6284,06284.csv,1.46720634847817,,,6284,87.63078245610751,12.36921754389249,0,Healthy
discharge,[2.0080e+03 5.0000e+00 2.4000e+01 1.0000e+00 9.0000e+00 2.1562e+01],24,B0007,551,6288,06288.csv,1.45186403678488,,,6288,86.71444319696853,13.285556803031469,0,Healthy
discharge,[2008.       5.      24.       6.       0.      20.156],24,B0007,555,6292,06292.csv,1.44713797527484,,,6292,86.43217310695013,13.567826893049869,0,Healthy
discharge,[2008.       5.      24.      10.      42.      50.484],24,B0007,559,6296,06296.csv,1.44179058656239,,,6296,86.11279345223763,13.887206547762375,0,Healthy
discharge,[2008.       5.      24.      15.      31.      10.593],24,B0007,563,6300,06300.csv,1.43163094791111,,,6300,85.50599599296653,14.494004007033467,0,Healthy
discharge,[2008.       5.      24.      20.      21.      13.437],24,B0007,567,6304,06304.csv,1.43180842496736,,,6304,85.51659603795906,14.483403962040938,0,Healthy
discharge,[2.0080e+03 5.0000e+00 2.5000e+01 1.0000e+00 6.0000e+00 4.9828e+01],24,B0007,571,6308,06308.csv,1.42625625851068,,,6308,85.18498576962149,14.815014230378509,0,Healthy
discharge,[2008.      5.     25.      5.     57.     17.89],24,B0007,575,6312,06312.csv,1.42608775289249,,,6312,85.17492155528275,14.82507844471725,0,Healthy
discharge,[2008.       5.      25.      10.      51.      37.015],24,B0007,579,6316,06316.csv,1.42126335100316,,,6316,84.88677795988242,15.113222040117577,0,Warning
discharge,[2008.      5.     25.     15.     37.      8.89],24,B0007,583,6320,06320.csv,1.41632727487951,,,6320,84.59196447749324,15.408035522506765,0,Warning
discharge,[2008.       5.      25.      20.      23.       4.453],24,B0007,587,6324,06324.csv,1.41657818291759,,,6324,84.60695028213094,15.393049717869062,0,Warning
discharge,[2.008e+03 5.000e+00 2.600e+01 1.000e+00 1.300e+01 2.796e+00],24,B0007,591,6328,06328.csv,1.41084017294251,,,6328,84.2642402711098,15.735759728890201,0,Warning
discharge,[2.008e+03 5.000e+00 2.600e+01 6.000e+00 1.000e+00 8.171e+00],24,B0007,595,6332,06332.csv,1.41099496283478,,,6332,84.27348529611258,15.726514703887418,0,Warning
discharge,[2008.       5.      26.      10.      44.      38.468],24,B0007,599,6336,06336.csv,1.40617142903988,,,6336,83.98539354876635,16.014606451233647,0,Warning
discharge,[2008.       5.      26.      15.      30.      43.968],24,B0007,603,6340,06340.csv,1.40633584796929,,,6340,83.99521368037207,16.004786319627925,0,Warning
discharge,[2008.       5.      26.      20.      21.       4.921],24,B0007,607,6344,06344.csv,1.40045523990665,,,6344,83.64398681553378,16.35601318446622,0,Warning
discharge,[2008.       5.      27.      15.      52.      41.359],24,B0007,611,6348,06348.csv,1.42178650460551,,,6348,84.91802398029816,15.081976019701841,0,Warning
discharge,[2008.       5.      27.      20.      45.      42.125],24,B0007,613,6350,06350.csv,1.43245527206254,,,6350,85.55522981100597,14.444770188994028,0,Healthy
discharge,[2008.       7.       7.      15.      15.      28.875],24,B0018,2,6355,06355.csv,1.85500452079108,,,6355,110.79252607184154,-10.792526071841536,0,Healthy
discharge,[2008.       7.       7.      21.      53.       6.125],24,B0018,6,6359,06359.csv,1.84319553170899,,,6359,110.08721904099852,-10.08721904099852,0,Healthy
discharge,[2.008e+03 7.000e+00 8.000e+00 2.000e+00 5.600e+01 8.453e+00],24,B0018,10,6363,06363.csv,1.83960184243554,,,6363,109.87258133631357,-9.872581336313573,0,Healthy
discharge,[2008.       7.       8.       7.      58.      55.953],24,B0018,14,6367,06367.csv,1.8306736044962,,,6367,109.33933086517828,-9.339330865178283,0,Healthy
discharge,[2008.       7.       8.      18.      57.      48.968],24,B0018,17,6370,06370.csv,1.83270020694196,,,6370,109.46037229758048,-9.460372297580477,0,Healthy
discharge,[2008.       7.       8.      22.      57.      17.203],24,B0018,19,6372,06372.csv,1.82852888460463,,,6372,109.21123471671055,-9.21123471671055,0,Healthy
discharge,[2.0080e+03 7.0000e+00 9.0000e+00 2.0000e+00 5.6000e+01 4.1281e+01],24,B0018,21,6374,06374.csv,1.82120118956979,,,6374,108.7735787249894,-8.773578724989406,0,Healthy
discharge,[2008.       7.       9.       6.      55.      54.875],24,B0018,23,6376,06376.csv,1.81517001064332,,,6376,108.41335882203742,-8.413358822037424,0,Healthy
discharge,[2008.       7.       9.      11.      26.      41.906],24,B0018,26,6379,06379.csv,1.80429805209676,,,6379,107.76401714269312,-7.76401714269312,0,Healthy
discharge,[2008.       7.      10.      16.      34.      39.859],24,B0018,29,6382,06382.csv,1.82310023028442,,,6382,108.88700136926275,-8.887001369262748,0,Healthy
discharge,[2008.       7.      10.      20.      33.      58.031],24,B0018,31,6384,06384.csv,1.81212535202554,,,6384,108.23151267799331,-8.231512677993308,0,Healthy
discharge,[2008.       7.      11.       0.      30.      25.484],24,B0018,33,6386,06386.csv,1.80469163821177,,,6386,107.7875245786158,-7.787524578615802,0,Healthy
discharge,[2008.       7.      11.       4.      28.      49.531],24,B0018,35,6388,06388.csv,1.79084434978629,,,6388,106.9604775031456,-6.960477503145597,0,Healthy
discharge,[2008.       7.      11.       8.      59.       8.656],24,B0018,38,6391,06391.csv,1.78347072284192,,,6391,106.52007816916995,-6.520078169169949,0,Healthy
discharge,[2008.      7.     11.     14.     27.      5.64],24,B0018,41,6394,06394.csv,1.78093861253107,,,6394,106.3688446306598,-6.368844630659794,0,Healthy
discharge,[2008.       7.      11.      18.      25.      27.593],24,B0018,43,6396,06396.csv,1.77120903967269,,,6396,105.78773340289833,-5.787733402898326,0,Healthy
discharge,[2008.       7.      11.      22.      22.       5.406],24,B0018,45,6398,06398.csv,1.7686303996707,,,6398,105.63372081885969,-5.633720818859686,0,Healthy
discharge,[2.0080e+03 7.0000e+00 1.2000e+01 2.0000e+00 1.8000e+01 1.1125e+01],24,B0018,47,6400,06400.csv,1.75363048019171,,,6400,104.73783137421144,-4.737831374211439,0,Healthy
discharge,[2008.       7.      12.       6.      45.      43.859],24,B0018,50,6403,06403.csv,1.7462197416415,,,6403,104.2952155019409,-4.295215501940902,0,Healthy
discharge,[2008.       7.      12.      11.      15.      36.812],24,B0018,53,6406,06406.csv,1.73766473370537,,,6406,103.78425667182209,-3.7842566718220922,0,Healthy
discharge,[2008.       7.      12.      15.      13.      28.609],24,B0018,55,6408,06408.csv,1.73151667354758,,,6408,103.41705588730179,-3.4170558873017853,0,Healthy
discharge,[2008.       7.      12.      18.      52.      45.109],24,B0018,57,6410,06410.csv,1.70859498944706,,,6410,102.0480288823248,-2.0480288823248003,0,Healthy
discharge,[2008.       7.      12.      22.      50.      29.984],24,B0018,59,6412,06412.csv,1.71146995706821,,,6412,102.21974001378132,-2.219740013781319,0,Healthy
discharge,[2008.       7.      13.       3.      19.       5.703],24,B0018,62,6415,06415.csv,1.70750213732726,,,6415,101.98275688669433,-1.9827568866943324,0,Healthy
discharge,[2008.     7.    14.    13.     8.    20.5],24,B0018,65,6418,06418.csv,1.74923820643602,,,6418,104.47549718626863,-4.475497186268626,0,Healthy
discharge,[2008.       7.      14.      17.       3.      45.625],24,B0018,67,6420,06420.csv,1.73276971474299,,,6420,103.49189538109039,-3.491895381090387,0,Healthy
discharge,[2008.       7.      14.      20.      57.      32.609],24,B0018,69,6422,06422.csv,1.72223133282923,,,6422,102.86247699431613,-2.8624769943161255,0,Healthy
discharge,[2008.       7.      15.       0.      49.      58.484],24,B0018,71,6424,06424.csv,1.71184629898472,,,6424,102.24221751781408,-2.2422175178140833,0,Healthy
discharge,[2008.      7.     15.      5.     14.     47.25],24,B0018,74,6427,06427.csv,1.69926783512668,,,6427,101.49095261828631,-1.4909526182863146,0,Healthy
discharge,[2008.       7.      15.       9.      43.      28.937],24,B0018,77,6430,06430.csv,1.69403664392431,,,6430,101.17851300901346,-1.1785130090134572,0,Healthy
discharge,[2008.      7.     15.     13.     36.     47.89],24,B0018,79,6432,06432.csv,1.6819027078768,,,6432,100.45379810356165,-0.4537981035616525,0,Healthy
discharge,[2008.       7.      15.      17.      29.      47.765],24,B0018,81,6434,06434.csv,1.67697706184336,,,6434,100.15960757169822,-0.15960757169821704,0,Healthy
discharge,[2008.      7.     15.     21.     21.     30.39],24,B0018,83,6436,06436.csv,1.66552293064789,,,6436,99.47549488362606,0.5245051163739447,0,Healthy
discharge,[2.008e+03 7.000e+00 1.600e+01 1.000e+00 4.500e+01 1.339e+01],24,B0018,86,6439,06439.csv,1.6571924575832,,,6439,98.97794668691502,1.0220533130849816,0,Healthy
discharge,[2008.      7.     16.      6.     12.     34.39],24,B0018,89,6442,06442.csv,1.6482241555294,,,6442,98.44230333511766,1.557696664882343,0,Healthy
discharge,[2008.       7.      16.      10.       5.      40.718],24,B0018,91,6444,06444.csv,1.63877014979872,,,6444,97.87765070777364,2.1223492922263603,0,Healthy
discharge,[2008.       7.      16.      13.      57.      42.468],24,B0018,93,6446,06446.csv,1.6276486907262,,,6446,97.2134072892597,2.786592710740294,0,Healthy
discharge,[2008.       7.      16.      17.      51.      36.078],24,B0018,95,6448,06448.csv,1.62215370227252,,,6448,96.8852120505445,3.114787949455504,0,Healthy
discharge,[2008.       7.      16.      22.      13.      57.593],24,B0018,98,6451,06451.csv,1.61400665104675,,,6451,96.39861895860162,3.6013810413983833,0,Healthy
discharge,[2008.       7.      18.      17.      28.      12.125],24,B0018,101,6454,06454.csv,1.67605161544246,,,6454,100.10433409750956,-0.10433409750956457,0,Healthy
discharge,[2008.       7.      18.      21.      19.      44.421],24,B0018,103,6456,06456.csv,1.64930064255219,,,6456,98.50659790432313,1.4934020956768705,0,Healthy
discharge,[2.008e+03 7.000e+00 1.900e+01 1.000e+00 1.000e+01 7.046e+00],24,B0018,105,6458,06458.csv,1.63238299185809,,,6458,97.4961695012694,2.5038304987305935,0,Healthy
discharge,[2.008e+03 7.000e+00 1.900e+01 5.000e+00 1.000e+00 4.953e+00],24,B0018,107,6460,06460.csv,1.61641597190257,,,6460,96.54251873929866,3.4574812607013428,0,Healthy
discharge,[2008.       7.      19.       9.      25.      29.875],24,B0018,110,6463,06463.csv,1.61090283782493,,,6463,96.21323972990088,3.7867602700991227,0,Healthy
discharge,[2.008e+03 7.000e+00 1.900e+01 1.300e+01 5.300e+01 7.500e-01],24,B0018,113,6466,06466.csv,1.59546386936956,,,6466,95.2911275215789,4.7088724784211,0,Healthy
discharge,[2008.       7.      29.      18.      34.      27.281],24,B0018,116,6469,06469.csv,1.72670744008576,,,6469,103.12981824570456,-3.1298182457045556,0,Healthy
discharge,[2008.     7.    29.    22.    21.    53.5],24,B0018,118,6471,06471.csv,1.71656739174297,,,6471,102.52419084275397,-2.524190842753967,0,Healthy
discharge,[2.0080e+03 7.0000e+00 3.0000e+01 2.0000e+00 9.0000e+00 4.8828e+01],24,B0018,120,6473,06473.csv,1.69582355709348,,,6473,101.28523869170827,-1.2852386917082725,0,Healthy
discharge,[2008.       7.      30.       5.      57.       2.328],24,B0018,122,6475,06475.csv,1.67777831907925,,,6475,100.20746368859854,-0.20746368859853703,0,Healthy
discharge,[2008.       7.      30.       9.      52.      21.281],24,B0018,124,6477,06477.csv,1.66065868977741,,,6477,99.18497185393956,0.8150281460604418,0,Healthy
discharge,[2008.       7.      30.      19.      28.       7.671],24,B0018,127,6480,06480.csv,1.66641092748274,,,6480,99.52853163441246,0.47146836558754046,0,Healthy
discharge,[2008.       7.      30.      23.      16.      54.218],24,B0018,129,6482,06482.csv,1.64683361744078,,,6482,98.35925166289229,1.6407483371077092,0,Healthy
discharge,[2.0080e+03 7.0000e+00 3.1000e+01 2.0000e+00 4.6000e+01 1.8031e+01],24,B0018,131,6484,06484.csv,1.62576399287799,,,6484,97.10084129109366,2.8991587089063415,0,Healthy
discharge,[2008.       7.      31.       6.      15.      17.843],24,B0018,133,6486,06486.csv,1.61215774118745,,,6486,96.28819044401038,3.7118095559896176,0,Healthy
discharge,[2008.       7.      31.      10.      10.      14.359],24,B0018,135,6488,06488.csv,1.60573668237553,,,6488,95.90468446445347,4.095315535546533,0,Healthy
discharge,[2.0080e+03 8.0000e+00 1.0000e+00 1.7000e+01 4.6000e+01 3.3109e+01],24,B0018,140,6493,06493.csv,1.67364531487988,,,6493,99.96061470770309,0.03938529229691312,0,Healthy
discharge,[2.0080e+03 8.0000e+00 1.0000e+00 2.1000e+01 3.2000e+01 1.2937e+01],24,B0018,142,6495,06495.csv,1.64043485723499,,,6495,97.97707749620879,2.0229225037912073,0,Healthy
discharge,[2.008e+03 8.000e+00 2.000e+00 1.000e+00 1.700e+01 9.625e+00],24,B0018,144,6497,06497.csv,1.6132653317422,,,6497,96.3543427115864,3.6456572884136023,0,Healthy
discharge,[2.0080e+03 8.0000e+00 2.0000e+00 5.0000e+00 3.0000e+00 5.5921e+01],24,B0018,146,6499,06499.csv,1.59209643246862,,,6499,95.09000303025768,4.909996969742323,0,Healthy
discharge,[2.0080e+03 8.0000e+00 2.0000e+00 9.0000e+00 2.6000e+01 5.1375e+01],24,B0018,149,6502,06502.csv,1.58660118206988,,,6502,94.76179214653754,5.238207853462455,0,Healthy
discharge,[2.008e+03 8.000e+00 2.000e+00 1.300e+01 5.500e+01 3.296e+00],24,B0018,152,6505,06505.csv,1.58007664903362,,,6505,94.37210603611331,5.627893963886692,0,Healthy
discharge,[2.0080e+03 8.0000e+00 2.0000e+00 1.7000e+01 4.1000e+01 5.9359e+01],24,B0018,154,6507,06507.csv,1.56417329532891,,,6507,93.42225782269365,6.577742177306348,0,Healthy
discharge,[2.0080e+03 8.0000e+00 2.0000e+00 2.1000e+01 2.9000e+01 2.4406e+01],24,B0018,156,6509,06509.csv,1.55561827219392,,,6509,92.91129808480343,7.088701915196566,0,Healthy
discharge,[2.008e+03 8.000e+00 3.000e+00 1.000e+00 1.600e+01 7.078e+00],24,B0018,158,6511,06511.csv,1.54020452786373,,,6511,91.99069241973528,8.009307580264718,0,Healthy
discharge,[2008.       8.       3.       5.      39.      11.953],24,B0018,161,6514,06514.csv,1.53216130159598,,,6514,91.51030040667897,8.489699593321035,0,Healthy
discharge,[2008.       8.       3.      10.       8.      42.828],24,B0018,164,6517,06517.csv,1.53162324036934,,,6517,91.4781640092672,8.521835990732797,0,Healthy
discharge,[2008.       8.       3.      13.      54.      25.093],24,B0018,166,6519,06519.csv,1.52225959507719,,,6519,90.91890827510026,9.081091724899736,0,Healthy
discharge,[2008.      8.      3.     17.     42.     28.75],24,B0018,168,6521,06521.csv,1.50652671268512,,,6521,89.97924167964352,10.020758320356478,0,Healthy
discharge,[2008.       8.       3.      21.      26.      49.765],24,B0018,170,6523,06523.csv,1.50142195565329,,,6523,89.67435351349594,10.325646486504056,0,Healthy
discharge,[2.008e+03 8.000e+00 4.000e+00 1.000e+00 4.800e+01 4.289e+01],24,B0018,173,6526,06526.csv,1.49635341174864,,,6526,89.37162822285205,10.628371777147947,0,Healthy
discharge,[2008.       8.       4.      17.       8.      25.328],24,B0018,176,6529,06529.csv,1.53342620003124,,,6529,91.58584808933745,8.414151910662554,0,Healthy
discharge,[2008.       8.       4.      20.      55.      13.796],24,B0018,178,6531,06531.csv,1.52384526751442,,,6531,91.01361459676912,8.986385403230884,0,Healthy
discharge,[2008.       8.       5.       0.      41.      24.609],24,B0018,180,6533,06533.csv,1.50119209942612,,,6533,89.66062505528679,10.339374944713214,0,Healthy
discharge,[2008.       8.       5.       4.      27.      50.953],24,B0018,182,6535,06535.csv,1.49241767145029,,,6535,89.13656108165125,10.863438918348749,0,Healthy
discharge,[2008.      8.      5.      8.     23.     48.25],24,B0018,184,6537,06537.csv,1.48332385194012,,,6537,88.59342103865909,11.406578961340912,0,Healthy
discharge,[2008.       8.       5.      12.      50.      42.531],24,B0018,187,6540,06540.csv,1.48073767922941,,,6540,88.43895855392323,11.561041446076771,0,Healthy
discharge,[2008.       8.       5.      16.      36.      12.671],24,B0018,189,6542,06542.csv,1.47350778099024,,,6542,88.0071436013546,11.9928563986454,0,Healthy
discharge,[2008.       8.       5.      20.      21.      46.906],24,B0018,191,6544,06544.csv,1.46801928526661,,,6544,87.67933614927564,12.320663850724358,0,Healthy
discharge,[2008.       8.       6.       0.       6.      53.156],24,B0018,193,6546,06546.csv,1.4580923557119,,,6546,87.08643753950057,12.913562460499435,0,Healthy
discharge,[2008.       8.       6.       4.      27.      52.921],24,B0018,196,6549,06549.csv,1.44786609888913,,,6549,86.47566122442672,13.524338775573284,0,Healthy
discharge,[2008.       8.       6.       8.      55.      24.593],24,B0018,199,6552,06552.csv,1.45278087775419,,,6552,86.76920270070963,13.230797299290373,0,Healthy
discharge,[2008.       8.       6.      12.      40.      42.031],24,B0018,201,6554,06554.csv,1.44253563644924,,,6554,86.15729251306928,13.84270748693072,0,Healthy
discharge,[2008.       8.       6.      16.      25.      32.093],24,B0018,203,6556,06556.csv,1.43927128772033,,,6556,85.96232509514562,14.037674904854384,0,Healthy
discharge,[2008.       8.       6.      20.       9.      11.453],24,B0018,205,6558,06558.csv,1.42864756818882,,,6558,85.3278098096126,14.672190190387397,0,Healthy
discharge,[2008.       8.       7.       0.      27.      39.046],24,B0018,208,6561,06561.csv,1.42490267500048,,,6561,85.10414125702684,14.89585874297316,0,Healthy
discharge,[2008.       8.       7.      19.       5.      53.109],24,B0018,211,6564,06564.csv,1.46981153245241,,,6564,87.78638041296037,12.21361958703963,0,Healthy
discharge,[2008.       8.       7.      22.      50.      51.859],24,B0018,213,6566,06566.csv,1.45258196510502,,,6566,86.75732238741541,13.242677612584586,0,Healthy
discharge,[2.008e+03 8.000e+00 8.000e+00 2.000e+00 3.200e+01 5.325e+01],24,B0018,215,6568,06568.csv,1.44283419890879,,,6568,86.17512453919805,13.824875460801948,0,Healthy
discharge,[2008.       8.       8.       6.      16.      47.328],24,B0018,217,6570,06570.csv,1.42837605880794,,,6570,85.3115935633325,14.688406436667506,0,Healthy
discharge,[2008.       8.       8.      10.      14.      50.671],24,B0018,219,6572,06572.csv,1.41545478443707,,,6572,84.5398538658974,15.460146134102601,0,Warning
discharge,[2008.       8.       8.      20.      10.       8.812],24,B0018,222,6575,06575.csv,1.4545766700777,,,6575,86.8764587022946,13.123541297705401,0,Healthy
discharge,[2.008e+03 8.000e+00 8.000e+00 2.300e+01 5.400e+01 1.812e+00],24,B0018,224,6577,06577.csv,1.4283179548274,,,6577,85.30812322851298,14.691876771487017,0,Healthy
discharge,[2008.       8.       9.       3.      37.       6.281],24,B0018,226,6579,06579.csv,1.4197026883204,,,6579,84.79356537790159,15.206434622098413,0,Warning
discharge,[2008.       8.       9.       7.      19.      59.656],24,B0018,228,6581,06581.csv,1.41556066303065,,,6581,84.5461776008038,15.453822399196198,0,Warning
discharge,[2008.       8.       9.      11.      36.      57.875],24,B0018,231,6584,06584.csv,1.40568003541922,,,6584,83.95604443402388,16.04395556597612,0,Warning
discharge,[2008.       8.       9.      15.      59.       2.406],24,B0018,234,6587,06587.csv,1.40844610711661,,,6587,84.12125161665594,15.87874838334406,0,Warning
discharge,[2008.       8.       9.      19.      41.      13.296],24,B0018,236,6589,06589.csv,1.39685477828724,,,6589,83.42894462379343,16.571055376206573,0,Warning
discharge,[2.008e+03 8.000e+00 9.000e+00 2.300e+01 2.200e+01 9.840e-01],24,B0018,238,6591,06591.csv,1.39356703714406,,,6591,83.23258006390121,16.76741993609879,0,Warning
discharge,[2.008e+03 8.000e+00 1.000e+01 3.000e+00 1.000e+00 8.859e+00],24,B0018,240,6593,06593.csv,1.38936442928094,,,6593,82.98157391484563,17.018426085154374,0,Warning
discharge,[2008.       8.      10.       7.      19.       8.453],24,B0018,243,6596,06596.csv,1.37856514156667,,,6596,82.3365725942395,17.6634274057605,0,Warning
discharge,[2008.       8.      10.      11.      39.      39.812],24,B0018,246,6599,06599.csv,1.38490111008574,,,6599,82.71499644683479,17.28500355316521,0,Warning
discharge,[2008.       8.      10.      15.      21.      25.468],24,B0018,248,6601,06601.csv,1.37032518142424,,,6601,81.84443039799204,18.155569602007958,0,Warning
discharge,[2.008e+03 8.000e+00 1.000e+01 1.900e+01 1.000e+00 7.218e+00],24,B0018,250,6603,06603.csv,1.3733464385229,,,6603,82.02487885626871,17.975121143731286,0,Warning
discharge,[2008.       8.      10.      22.      40.      10.453],24,B0018,252,6605,06605.csv,1.36794872855048,,,6605,81.70249369971258,18.297506300287424,0,Warning
discharge,[2.0080e+03 8.0000e+00 1.1000e+01 2.0000e+00 5.3000e+01 1.9859e+01],24,B0018,255,6608,06608.csv,1.35671410870896,,,6608,81.03149160901792,18.96850839098208,0,Warning
discharge,[2008.       8.      14.      13.       4.      49.687],24,B0018,258,6611,06611.csv,1.46043102091945,,,6611,87.2261173209117,12.773882679088302,0,Healthy
discharge,[2008.       8.      14.      16.      49.      56.812],24,B0018,260,6613,06613.csv,1.4500998937104,,,6613,86.60907748740657,13.390922512593434,0,Healthy
discharge,[2008.       8.      14.      20.      29.      23.812],24,B0018,262,6615,06615.csv,1.43814069018244,,,6615,85.89479870597,14.105201294029996,0,Healthy
discharge,[2008.       8.      15.       0.       8.      59.578],24,B0018,264,6617,06617.csv,1.42836819809643,,,6617,85.31112407224761,14.688875927752392,0,Healthy
discharge,[2008.       8.      15.       3.      59.      10.796],24,B0018,266,6619,06619.csv,1.41478745175524,,,6619,84.4999965648927,15.500003435107303,0,Warning
discharge,[2008.       8.      15.       8.      19.      52.703],24,B0018,269,6622,06622.csv,1.41388916339318,,,6622,84.44634513943357,15.553654860566425,0,Warning
discharge,[2008.      8.     15.     12.      0.      3.39],24,B0018,271,6624,06624.csv,1.39893316621772,,,6624,83.55307901074194,16.44692098925806,0,Warning
discharge,[2008.       8.      15.      15.      37.      16.687],24,B0018,273,6626,06626.csv,1.39533225840339,,,6626,83.33801016943727,16.66198983056273,0,Warning
discharge,[2008.       8.      15.      19.      13.      34.203],24,B0018,275,6628,06628.csv,1.39004612954024,,,6628,83.02228933785682,16.97771066214318,0,Warning
discharge,[2008.       8.      15.      23.      27.       4.375],24,B0018,278,6631,06631.csv,1.38602714542096,,,6631,82.78225035259992,17.217749647400083,0,Warning
discharge,[2008.      8.     16.      3.     52.     55.64],24,B0018,281,6634,06634.csv,1.38821526019375,,,6634,82.91293831604982,17.087061683950182,0,Warning
discharge,[2008.       8.      16.       7.      37.      37.796],24,B0018,283,6636,06636.csv,1.37618265623944,,,6636,82.19427559993335,17.80572440006665,0,Warning
discharge,[2008.      8.     16.     11.     21.     22.14],24,B0018,285,6638,06638.csv,1.36471688986401,,,6638,81.50946798580325,18.490532014196745,0,Warning
discharge,[2.008e+03 8.000e+00 1.600e+01 1.500e+01 2.000e+00 5.664e+01],24,B0018,287,6640,06640.csv,1.35898547393735,,,6640,81.16715181278808,18.832848187211923,0,Warning
discharge,[2008.       8.      16.      19.      15.      49.609],24,B0018,290,6643,06643.csv,1.34623087640088,,,6643,80.40536710323245,19.59463289676755,0,Warning
discharge,[2008.       8.      18.      14.      27.      16.015],24,B0018,293,6646,06646.csv,1.42684278184546,,,6646,85.22001662864747,14.779983371352529,0,Healthy
discharge,[2008.       8.      18.      18.       8.      54.125],24,B0018,295,6648,06648.csv,1.40644814832796,,,6648,84.00192096344139,15.998079036558607,0,Warning
discharge,[2008.       8.      18.      21.      48.      48.484],24,B0018,297,6650,06650.csv,1.39349074920751,,,6650,83.22802366896822,16.77197633103178,0,Warning
discharge,[2.0080e+03 8.0000e+00 1.9000e+01 1.0000e+00 2.5000e+01 4.3656e+01],24,B0018,299,6652,06652.csv,1.38824935122493,,,6652,82.91497444664599,17.085025553354015,0,Warning
discharge,[2008.       8.      19.       5.      17.       5.812],24,B0018,301,6654,06654.csv,1.37018783384209,,,6654,81.83622713734997,18.163772862650035,0,Warning
discharge,[2008.     8.    19.     9.    39.    42.5],24,B0018,304,6657,06657.csv,1.37969516656086,,,6657,82.4040647875077,17.595935212492293,0,Warning
discharge,[2008.       8.      19.      13.      17.      33.984],24,B0018,306,6659,06659.csv,1.36865863239356,,,6659,81.74489361796688,18.25510638203312,0,Warning
discharge,[2008.       8.      19.      16.      54.      51.734],24,B0018,308,6661,06661.csv,1.36273717790964,,,6661,81.39122714818754,18.60877285181246,0,Warning
discharge,[2008.       8.      19.      20.      32.      20.468],24,B0018,310,6663,06663.csv,1.3634051133928,,,6663,81.43112045227542,18.568879547724578,0,Warning
discharge,[2008.       8.      20.       0.      43.       5.406],24,B0018,313,6666,06666.csv,1.35186460353052,,,6666,80.74184868745313,19.25815131254687,0,Warning
discharge,[2.008e+03 8.000e+00 2.000e+01 5.000e+00 2.000e+00 2.960e-01],24,B0018,316,6669,06669.csv,1.35479697296526,,,6669,80.91698821590676,19.083011784093245,0,Warning
discharge,[2008.       8.      20.       8.      37.      19.515],24,B0018,318,6671,06671.csv,1.34105144064048,,,6671,80.0960186541641,19.903981345835902,0,Warning
discharge,[2010.       9.      17.      15.      17.      48.765],4,B0053,0,6672,06672.csv,1.06914178861942,,,6672,63.85586566635283,36.14413433364717,0,Critical
discharge,[2010.       9.      17.      20.      11.      19.796],4,B0053,4,6676,06676.csv,1.15407279344322,,,6676,68.92847894614997,31.071521053850034,0,Critical
discharge,[2010.      9.     17.     23.     56.     44.39],4,B0053,6,6678,06678.csv,1.15015254138269,,,6678,68.69433685983351,31.305663140166487,0,Critical
discharge,[2010.       9.      18.       3.      41.      26.687],4,B0053,8,6680,06680.csv,1.13058638539367,,,6680,67.52572307844244,32.47427692155756,0,Critical
discharge,[2010.      9.     18.      7.     25.     38.64],4,B0053,10,6682,06682.csv,1.12179027235756,,,6682,67.00036393674692,32.99963606325308,0,Critical
discharge,[2010.       9.      18.      11.       9.      35.656],4,B0053,12,6684,06684.csv,1.11359824014438,,,6684,66.51108429759378,33.48891570240622,0,Critical
discharge,[2010.       9.      18.      16.       5.       6.281],4,B0053,16,6688,06688.csv,1.0864654057095,,,6688,64.89054093350137,35.10945906649863,0,Critical
discharge,[2010.       9.      18.      19.      49.      23.328],4,B0053,18,6690,06690.csv,1.06474935689931,,,6690,63.59352204378228,36.40647795621772,0,Critical
discharge,[2010.       9.      18.      23.      33.      26.125],4,B0053,20,6692,06692.csv,1.08092880949596,,,6692,64.55986061792117,35.440139382078826,0,Critical
discharge,[2010.       9.      19.       3.      17.      11.312],4,B0053,22,6694,06694.csv,1.08527520418464,,,6694,64.81945461969684,35.18054538030316,0,Critical
discharge,[2010.       9.      19.       7.       0.      37.453],4,B0053,24,6696,06696.csv,1.05047999337408,,,6696,62.74126599120757,37.25873400879243,0,Critical
discharge,[2010.       9.      19.      11.      55.      48.484],4,B0053,28,6700,06700.csv,1.08535501770543,,,6700,64.82422158467396,35.175778415326036,0,Critical
discharge,[2010.       9.      19.      15.      38.      44.765],4,B0053,30,6702,06702.csv,1.05083956907907,,,6702,62.76274211173634,37.23725788826366,0,Critical
discharge,[2010.       9.      19.      19.      22.      11.656],4,B0053,32,6704,06704.csv,1.06090678833311,,,6704,63.36401970387855,36.63598029612145,0,Critical
discharge,[2010.       9.      19.      23.       5.      17.437],4,B0053,34,6706,06706.csv,1.07058246106381,,,6706,63.94191167732857,36.05808832267143,0,Critical
discharge,[2.0100e+03 9.0000e+00 2.0000e+01 2.0000e+00 4.8000e+01 1.1609e+01],4,B0053,36,6708,06708.csv,1.02403666566369,,,6708,61.16190430128013,38.83809569871987,0,Critical
discharge,[2010.       9.      20.       7.      42.      50.203],4,B0053,40,6712,06712.csv,1.06709572534338,,,6712,63.73366191088239,36.26633808911761,0,Critical
discharge,[2010.       9.      20.      11.      25.      31.156],4,B0053,42,6714,06714.csv,1.02792378504474,,,6714,61.39406749578582,38.60593250421418,0,Critical
discharge,[2010.       9.      20.      15.       8.      29.703],4,B0053,44,6716,06716.csv,1.0325426399701,,,6716,61.66993453492478,38.33006546507522,0,Critical
discharge,[2010.       9.      20.      18.      51.      21.781],4,B0053,46,6718,06718.csv,1.0559487846537,,,6718,63.067896570075575,36.932103429924425,0,Critical
discharge,[2010.       9.      20.      22.      33.      25.109],4,B0053,48,6720,06720.csv,1.04453138313087,,,6720,62.38597760884773,37.61402239115227,0,Critical
discharge,[2010.       9.      21.      16.      21.       5.187],4,B0053,52,6724,06724.csv,1.03531390681218,,,6724,61.8354520042419,38.1645479957581,0,Critical
discharge,[2010.       9.      21.      21.      16.      13.531],4,B0053,56,6728,06728.csv,1.07634105310198,,,6728,64.28585097848669,35.71414902151331,0,Critical
discharge,[2010.      9.     22.      0.     59.     48.89],4,B0053,58,6730,06730.csv,1.03522231404235,,,6730,61.829981508496125,38.170018491503875,0,Critical
discharge,[2010.       9.      22.       4.      42.      50.281],4,B0053,60,6732,06732.csv,1.05142870569082,,,6732,62.79792905208371,37.20207094791629,0,Critical
discharge,[2010.       9.      22.       8.      25.      42.578],4,B0053,62,6734,06734.csv,1.06033293463896,,,6734,63.32974555540185,36.67025444459815,0,Critical
discharge,[2010    9   22   12    7   52],4,B0053,64,6736,06736.csv,1.02369664627485,,,6736,61.14159620683576,38.85840379316424,0,Critical
discharge,[2.0100e+03 9.0000e+00 2.2000e+01 1.7000e+01 2.0000e+00 1.1859e+01],4,B0053,68,6740,06740.csv,1.04658846687508,,,6740,62.50883957592539,37.49116042407461,0,Critical
discharge,[2010.       9.      22.      20.      44.      38.687],4,B0053,70,6742,06742.csv,1.00311216848122,,,6742,59.91216184855538,40.08783815144462,0,Emergency
discharge,[2010.       9.      23.       0.      27.      12.937],4,B0053,72,6744,06744.csv,1.04615789356156,,,6744,62.483123032095264,37.516876967904736,0,Critical
discharge,[2010.       9.      23.       4.       9.       8.968],4,B0053,74,6746,06746.csv,1.01562635135256,,,6746,60.65958748364194,39.34041251635806,0,Critical
discharge,[2010.       9.      23.       7.      51.      17.218],4,B0053,76,6748,06748.csv,1.02500548931294,,,6748,61.21976853730517,38.78023146269483,0,Critical
discharge,[2010.       9.      23.      12.      44.      52.046],4,B0053,80,6752,06752.csv,0.980133162559291,,,6752,58.53971122421694,41.46028877578306,0,Emergency
discharge,[2010.       9.      23.      16.      27.       6.734],4,B0053,82,6754,06754.csv,1.03677777642036,,,6754,61.9228834956007,38.0771165043993,0,Critical
discharge,[2010.       9.      23.      20.       8.      35.109],4,B0053,84,6756,06756.csv,1.02683006205872,,,6756,61.32874348655252,38.67125651344748,0,Critical
discharge,[2010.       9.      23.      23.      50.      11.265],4,B0053,86,6758,06758.csv,1.01503796628051,,,6758,60.62444542996781,39.37555457003219,0,Critical
discharge,[2010.       9.      24.       3.      31.      49.968],4,B0053,88,6760,06760.csv,0.990461473948617,,,6760,59.1565828792747,40.8434171207253,0,Emergency
discharge,[2010.       9.      24.       8.      25.      18.515],4,B0053,92,6764,06764.csv,1.01457651745827,,,6764,60.59688480674785,39.40311519325215,0,Critical
discharge,[2010.       9.      24.      12.       7.       3.171],4,B0053,94,6766,06766.csv,0.981130894408038,,,6766,58.59930203956324,41.40069796043676,0,Emergency
discharge,[2010.       9.      24.      15.      48.      49.406],4,B0053,96,6768,06768.csv,1.00416874293864,,,6768,59.97526711423451,40.02473288576549,0,Emergency
discharge,[2010.       9.      24.      19.      30.      22.281],4,B0053,98,6770,06770.csv,1.00782048796078,,,6770,60.19337227302983,39.80662772697017,0,Critical
discharge,[2010.       9.      24.      23.      11.      34.281],4,B0053,100,6772,06772.csv,0.982454133084564,,,6772,58.678334168016356,41.321665831983644,0,Emergency
discharge,[2010.       9.      28.      11.      41.      33.437],4,B0053,104,6776,06776.csv,1.1096775355538,,,6776,66.27691518333924,33.72308481666076,0,Critical
discharge,[2010.       9.      28.      16.      37.      32.109],4,B0053,108,6780,06780.csv,1.11368015899147,,,6780,66.51597700588655,33.484022994113445,0,Critical
discharge,[2010.       9.      28.      20.      21.      33.968],4,B0053,110,6782,06782.csv,1.03850091005724,,,6782,62.02579986386263,37.97420013613737,0,Critical
discharge,[2010.       9.      29.       0.       5.      26.906],4,B0053,112,6784,06784.csv,1.076881590218,,,6784,64.31813525156971,35.681864748430286,0,Critical
discharge,[2010.       9.      29.       3.      48.      21.015],4,B0053,114,6786,06786.csv,1.07217055058373,,,6786,64.03676236236363,35.96323763763637,0,Critical
discharge,[2010.       9.      29.       7.      31.      12.015],4,B0053,116,6788,06788.csv,1.01245889998511,,,6788,60.470407385008095,39.529592614991905,0,Critical
discharge,[2010.       9.      29.      12.      25.      41.906],4,B0053,120,6792,06792.csv,1.02799448575495,,,6792,61.39829018645392,38.60170981354608,0,Critical
discharge,[2010.       9.      29.      16.       8.      13.421],4,B0053,122,6794,06794.csv,1.03041472790499,,,6794,61.542842255466745,38.457157744533255,0,Critical
discharge,[2010.       9.      29.      19.      50.      59.781],4,B0053,124,6796,06796.csv,1.0556163273995,,,6796,63.04804013382926,36.95195986617074,0,Critical
discharge,[2.01e+03 9.00e+00 2.90e+01 2.30e+01 3.30e+01 8.90e-01],4,B0053,126,6798,06798.csv,1.00111154181626,,,6798,59.79267185300372,40.20732814699628,0,Emergency
discharge,[2010.       9.      30.       3.      15.      20.437],4,B0053,128,6800,06800.csv,1.04668392154986,,,6800,62.514540728901416,37.485459271098584,0,Critical
discharge,[2010.       9.      30.       8.       8.      36.328],4,B0053,132,6804,06804.csv,1.04718165601854,,,6804,62.54426855893095,37.45573144106905,0,Critical
discharge,[2010.       9.      30.      11.      50.      17.687],4,B0053,134,6806,06806.csv,1.01027400784257,,,6806,60.33991189728643,39.66008810271357,0,Critical
discharge,[2010.       9.      30.      15.      32.      33.078],4,B0053,136,6808,06808.csv,0.0,,,6808,0.0,100.0,0,Emergency
discharge,[2010.       9.       3.      12.      10.      27.156],4,B0054,0,6809,06809.csv,0.739935103985923,,,6809,44.193573859793354,55.806426140206646,0,Emergency
discharge,[2010.       9.       3.      17.       8.      51.656],4,B0054,4,6813,06813.csv,1.1665440238116,,,6813,69.67333918786379,30.32666081213621,0,Critical
discharge,[2010.       9.       3.      20.      58.      26.281],4,B0054,6,6815,06815.csv,1.10525214561386,,,6815,66.01260308878446,33.98739691121554,0,Critical
discharge,[2010.       9.       4.       0.      47.      52.687],4,B0054,8,6817,06817.csv,1.09603022571858,,,6817,65.46181208586307,34.53818791413693,0,Critical
discharge,[2010.      9.      4.      4.     35.     34.64],4,B0054,10,6819,06819.csv,1.07544506856097,,,6819,64.23233715169695,35.76766284830305,0,Critical
discharge,[2010.       9.       4.       8.      24.      28.609],4,B0054,12,6821,06821.csv,1.06554935280237,,,6821,63.64130282596029,36.35869717403971,0,Critical
discharge,[2010.       9.       4.      13.      22.      53.125],4,B0054,16,6825,06825.csv,1.05683685799723,,,6825,63.1209378904411,36.8790621095589,0,Critical
discharge,[2010.       9.       4.      17.       7.      33.062],4,B0054,18,6827,06827.csv,1.04490644453648,,,6827,62.40837863272333,37.59162136727667,0,Critical
discharge,[2010.       9.       4.      20.      50.      47.984],4,B0054,20,6829,06829.csv,1.04583639769369,,,6829,62.463921278717436,37.536078721282564,0,Critical
discharge,[2010.       9.       5.       0.      38.      30.421],4,B0054,22,6831,06831.csv,1.01818792087801,,,6831,60.8125805115577,39.1874194884423,0,Critical
discharge,[2010.       9.       5.       4.      25.      36.515],4,B0054,24,6833,06833.csv,1.02264092336722,,,6833,61.07854180106085,38.92145819893915,0,Critical
discharge,[2010.       9.       5.       9.      19.      29.796],4,B0054,28,6837,06837.csv,1.03890961861509,,,6837,62.05021050709495,37.94978949290505,0,Critical
discharge,[2010.       9.       5.      13.       6.      35.671],4,B0054,30,6839,06839.csv,1.017325035435,,,6839,60.76104357088171,39.23895642911829,0,Critical
discharge,[2010.       9.       5.      16.      52.      47.406],4,B0054,32,6841,06841.csv,1.03318391199454,,,6841,61.70823532971562,38.29176467028438,0,Critical
discharge,[2010.       9.       5.      20.      39.      20.328],4,B0054,34,6843,06843.csv,1.00952321197395,,,6843,60.29506965031807,39.70493034968193,0,Critical
discharge,[2010.       9.       6.       0.      25.      33.421],4,B0054,36,6845,06845.csv,0.986248325962647,,,6845,58.904947207852686,41.095052792147314,0,Emergency
discharge,[2010.      9.      6.      5.     23.     13.75],4,B0054,40,6849,06849.csv,1.00800483200004,,,6849,60.204382457397045,39.795617542602955,0,Critical
discharge,[2010.       9.       6.       9.       8.      34.203],4,B0054,42,6851,06851.csv,1.01533877612541,,,6851,60.64241168407135,39.35758831592865,0,Critical
discharge,[2010.       9.       6.      12.      53.      22.312],4,B0054,44,6853,06853.csv,1.01067868533559,,,6853,60.364081779997534,39.635918220002466,0,Critical
discharge,[2010.       9.       6.      16.      38.      35.375],4,B0054,46,6855,06855.csv,1.01040965658533,,,6855,60.3480136925653,39.6519863074347,0,Critical
discharge,[2010.      9.      6.     20.     24.     10.25],4,B0054,48,6857,06857.csv,0.980143332396348,,,6857,58.54031863078909,41.45968136921091,0,Emergency
discharge,[2.0100e+03 9.0000e+00 9.0000e+00 1.6000e+01 2.0000e+00 5.5593e+01],4,B0054,52,6861,06861.csv,1.10166417236243,,,6861,65.7983067808517,34.2016932191483,0,Critical
discharge,[2.01e+03 9.00e+00 9.00e+00 2.10e+01 2.00e+00 1.09e-01],4,B0054,56,6865,06865.csv,1.08265122390012,,,6865,64.66273402908571,35.33726597091429,0,Critical
discharge,[2010.       9.      10.       0.      49.      20.093],4,B0054,58,6867,06867.csv,1.05750083878683,,,6867,63.1605949953799,36.8394050046201,0,Critical
discharge,[2010.       9.      10.       4.      36.       5.546],4,B0054,60,6869,06869.csv,1.03855173316153,,,6869,62.02883533900244,37.97116466099756,0,Critical
discharge,[2010.       9.      10.       8.      21.      56.953],4,B0054,62,6871,06871.csv,1.00732949012911,,,6871,60.164046797292826,39.835953202707174,0,Critical
discharge,[2010.       9.      10.      12.       7.      58.578],4,B0054,64,6873,06873.csv,1.01604003085403,,,6873,60.684295022862635,39.315704977137365,0,Critical
discharge,[2010.       9.      10.      17.       5.      18.031],4,B0054,68,6877,06877.csv,1.01583196364409,,,6877,60.67186794167571,39.32813205832429,0,Critical
discharge,[2010.       9.      10.      20.      50.      57.921],4,B0054,70,6879,06879.csv,1.00153838032162,,,6879,59.81816533062253,40.18183466937747,0,Emergency
discharge,[2010.       9.      11.       0.      36.      11.406],4,B0054,72,6881,06881.csv,0.981248861591823,,,6881,58.60634778103645,41.39365221896355,0,Emergency
discharge,[2010.       9.      11.       4.      20.      54.625],4,B0054,74,6883,06883.csv,0.998741603011013,,,6883,59.65112421582761,40.34887578417239,0,Emergency
discharge,[2010.       9.      11.       8.       5.      50.875],4,B0054,76,6885,06885.csv,0.958401423094964,,,6885,57.24175519003912,42.75824480996088,0,Emergency
discharge,[2.0100e+03 9.0000e+00 1.1000e+01 1.3000e+01 2.0000e+00 1.9546e+01],4,B0054,80,6889,06889.csv,0.980084613389462,,,6889,58.536811562731614,41.463188437268386,0,Emergency
discharge,[2010.       9.      11.      16.      46.      28.437],4,B0054,82,6891,06891.csv,0.972037219896276,,,6891,58.05617065678711,41.94382934321289,0,Emergency
discharge,[2010.       9.      11.      20.      31.      10.015],4,B0054,84,6893,06893.csv,0.969320280751841,,,6893,57.893897978946384,42.106102021053616,0,Emergency
discharge,[2010.       9.      12.       0.      15.      17.875],4,B0054,86,6895,06895.csv,0.947978638850626,,,6895,56.61924102245125,43.38075897754875,0,Emergency
discharge,[2010.       9.      12.       3.      59.      48.265],4,B0054,88,6897,06897.csv,0.963851956907122,,,6897,57.56729531822784,42.43270468177216,0,Emergency
discharge,[2010.       9.      12.       8.      55.       6.671],4,B0054,92,6901,06901.csv,0.968233669548469,,,6901,57.82899873006034,42.17100126993966,0,Emergency
discharge,[2010.       9.      12.      12.      39.      18.218],4,B0054,94,6903,06903.csv,0.940702086460376,,,6903,56.1846395908245,43.8153604091755,0,Emergency
discharge,[2010.       9.      12.      16.      23.      34.703],4,B0054,96,6905,06905.csv,0.961844207703896,,,6905,57.44737991993583,42.55262008006417,0,Emergency
discharge,[2010.       9.      12.      20.       7.      24.765],4,B0054,98,6907,06907.csv,0.93323401441997,,,6907,55.73859940225924,44.26140059774076,0,Emergency
discharge,[2010.       9.      12.      23.      51.      17.062],4,B0054,100,6909,06909.csv,0.931345473714521,,,6909,55.625803884511946,44.374196115488054,0,Emergency
discharge,[2010.       9.      14.      12.       6.       5.296],4,B0054,104,6913,06913.csv,0.99764290991167,,,6913,59.58550336019649,40.41449663980351,0,Emergency
discharge,[2010.       9.      14.      17.       3.       4.921],4,B0054,108,6917,06917.csv,0.983331526297203,,,6917,58.73073760385549,41.26926239614451,0,Emergency
discharge,[2010.       9.      14.      20.      48.       6.968],4,B0054,110,6919,06919.csv,0.990437006277744,,,6919,59.155121516225314,40.844878483774686,0,Emergency
discharge,[2010.       9.      15.       0.      32.      54.453],4,B0054,112,6921,06921.csv,0.949987134043629,,,6921,56.73920097594024,43.26079902405976,0,Emergency
discharge,[2010.       9.      15.       4.      17.      21.781],4,B0054,114,6923,06923.csv,0.952602784090087,,,6923,56.89542403239049,43.10457596760951,0,Emergency
discharge,[2010.       9.      17.      15.      17.      48.765],4,B0054,116,6925,06925.csv,0.885017517546571,,,6925,52.858807236221395,47.141192763778605,0,Emergency
discharge,[2010.       9.      17.      20.      11.      19.796],4,B0054,120,6929,06929.csv,0.993740275024176,,,6929,59.352413482152855,40.647586517847145,0,Emergency
discharge,[2010.      9.     17.     23.     56.     44.39],4,B0054,122,6931,06931.csv,0.995507330519279,,,6931,59.45795313977488,40.54204686022512,0,Emergency
discharge,[2010.       9.      18.       3.      41.      26.687],4,B0054,124,6933,06933.csv,0.975407870968116,,,6933,58.25748711859101,41.74251288140899,0,Emergency
discharge,[2010.      9.     18.      7.     25.     38.64],4,B0054,126,6935,06935.csv,0.965960558373922,,,6935,57.69323424741488,42.30676575258512,0,Emergency
discharge,[2010.       9.      18.      11.       9.      35.656],4,B0054,128,6937,06937.csv,0.957370262168875,,,6937,57.1801677801393,42.8198322198607,0,Emergency
discharge,[2010.       9.      18.      16.       5.       6.281],4,B0054,132,6941,06941.csv,0.929475659196493,,,6941,55.51412681234515,44.48587318765485,0,Emergency
discharge,[2010.       9.      18.      19.      49.      23.328],4,B0054,134,6943,06943.csv,0.932355387982394,,,6943,55.68612231047779,44.31387768952221,0,Emergency
discharge,[2010.       9.      18.      23.      33.      26.125],4,B0054,136,6945,06945.csv,0.954568378404969,,,6945,57.0128216758665,42.9871783241335,0,Emergency
discharge,[2010.       9.      19.       3.      17.      11.312],4,B0054,138,6947,06947.csv,0.933024210437293,,,6947,55.726068590091295,44.273931409908705,0,Emergency
discharge,[2010.       9.      19.       7.       0.      37.453],4,B0054,140,6949,06949.csv,0.923294184000959,,,6949,55.14493027180433,44.85506972819567,0,Emergency
discharge,[2010.       9.      19.      11.      55.      48.484],4,B0054,144,6953,06953.csv,0.925779916426297,,,6953,55.29339383157207,44.70660616842793,0,Emergency
discharge,[2010.       9.      19.      15.      38.      44.765],4,B0054,146,6955,06955.csv,0.916276579328008,,,6955,54.72579482497629,45.27420517502371,0,Emergency
discharge,[2010.       9.      19.      19.      22.      11.656],4,B0054,148,6957,06957.csv,0.938701167911246,,,6957,56.06513216211615,43.93486783788385,0,Emergency
discharge,[2010.       9.      19.      23.       5.      17.437],4,B0054,150,6959,06959.csv,0.915899058687717,,,6959,54.703246920152715,45.296753079847285,0,Emergency
discharge,[2.0100e+03 9.0000e+00 2.0000e+01 2.0000e+00 4.8000e+01 1.1609e+01],4,B0054,152,6961,06961.csv,0.920260899043378,,,6961,54.96376343421474,45.03623656578526,0,Emergency
discharge,[2010.       9.      20.       7.      42.      50.203],4,B0054,156,6965,06965.csv,0.911125391736088,,,6965,54.41813353402949,45.58186646597051,0,Emergency
discharge,[2010.       9.      20.      11.      25.      31.156],4,B0054,158,6967,06967.csv,0.898050704369534,,,6967,53.637231048507594,46.362768951492406,0,Emergency
discharge,[2010.       9.      20.      15.       8.      29.703],4,B0054,160,6969,06969.csv,0.927886462401637,,,6969,55.41920999389325,44.58079000610675,0,Emergency
discharge,[2010.       9.      20.      18.      51.      21.781],4,B0054,162,6971,06971.csv,0.911841539698722,,,6971,54.46090639033907,45.53909360966093,0,Emergency
discharge,[2010.       9.      20.      22.      33.      25.109],4,B0054,164,6973,06973.csv,0.893649164932946,,,6973,53.37434345587981,46.62565654412019,0,Emergency
discharge,[2010.       9.      21.      16.      21.       5.187],4,B0054,168,6977,06977.csv,0.910086449260425,,,6977,54.35608136109303,45.64391863890697,0,Emergency
discharge,[2010.       9.      21.      21.      16.      13.531],4,B0054,172,6981,06981.csv,0.911490473146094,,,6981,54.43993848985741,45.56006151014259,0,Emergency
discharge,[2010.      9.     22.      0.     59.     48.89],4,B0054,174,6983,06983.csv,0.933717281163819,,,6983,55.76746312885259,44.23253687114741,0,Emergency
discharge,[2010.       9.      22.       4.      42.      50.281],4,B0054,176,6985,06985.csv,0.898151775606877,,,6985,53.64326765789206,46.35673234210794,0,Emergency
discharge,[2010.       9.      22.       8.      25.      42.578],4,B0054,178,6987,06987.csv,0.913936713537125,,,6987,54.58604333718452,45.41395666281548,0,Emergency
discharge,[2010    9   22   12    7   52],4,B0054,180,6989,06989.csv,0.876484861715427,,,6989,52.349183414263855,47.650816585736145,0,Emergency
discharge,[2.0100e+03 9.0000e+00 2.2000e+01 1.7000e+01 2.0000e+00 1.1859e+01],4,B0054,184,6993,06993.csv,0.885491795858196,,,6993,52.8871341171627,47.1128658828373,0,Emergency
discharge,[2010.       9.      22.      20.      44.      38.687],4,B0054,186,6995,06995.csv,0.88190746228467,,,6995,52.673055193664595,47.326944806335405,0,Emergency
discharge,[2010.       9.      23.       0.      27.      12.937],4,B0054,188,6997,06997.csv,0.904580910594479,,,6997,54.02725599740808,45.97274400259192,0,Emergency
discharge,[2010.       9.      23.       4.       9.       8.968],4,B0054,190,6999,06999.csv,0.873460634945599,,,6999,52.16855758856482,47.83144241143518,0,Emergency
discharge,[2010.       9.      23.       7.      51.      17.218],4,B0054,192,7001,07001.csv,0.903131190986828,,,7001,53.94066963299371,46.05933036700629,0,Emergency
discharge,[2010.       9.      23.      12.      44.      52.046],4,B0054,196,7005,07005.csv,0.871221775406012,,,7005,52.03483882878245,47.96516117121755,0,Emergency
discharge,[2010.       9.      23.      16.      27.       6.734],4,B0054,198,7007,07007.csv,0.893649904347661,,,7007,53.37438761837278,46.62561238162722,0,Emergency
discharge,[2010.       9.      23.      20.       8.      35.109],4,B0054,200,7009,07009.csv,0.883506401468789,,,7009,52.76855388882048,47.23144611117952,0,Emergency
discharge,[2010.       9.      23.      23.      50.      11.265],4,B0054,202,7011,07011.csv,0.877940370536791,,,7011,52.43611554689822,47.56388445310178,0,Emergency
discharge,[2010.       9.      24.       3.      31.      49.968],4,B0054,204,7013,07013.csv,0.859938910936509,,,7013,51.36095526575514,48.63904473424486,0,Emergency
discharge,[2010.       9.      24.       8.      25.      18.515],4,B0054,208,7017,07017.csv,0.869735811960956,,,7017,51.94608775465678,48.05391224534322,0,Emergency
discharge,[2010.       9.      24.      12.       7.       3.171],4,B0054,210,7019,07019.csv,0.863827181481267,,,7019,51.5931872149909,48.4068127850091,0,Emergency
discharge,[2010.       9.      24.      15.      48.      49.406],4,B0054,212,7021,07021.csv,0.886569453778914,,,7021,52.951498619749884,47.048501380250116,0,Emergency
discharge,[2010.       9.      24.      19.      30.      22.281],4,B0054,214,7023,07023.csv,0.869007857231332,,,7023,51.90260972403365,48.09739027596635,0,Emergency
discharge,[2010.       9.      24.      23.      11.      34.281],4,B0054,216,7025,07025.csv,0.847444608837765,,,7025,50.61471703533065,49.38528296466935,0,Emergency
discharge,[2010.       9.      28.      11.      41.      33.437],4,B0054,220,7029,07029.csv,0.87997277215807,,,7029,52.55750334250207,47.44249665749793,0,Emergency
discharge,[2010.       9.      28.      16.      37.      32.109],4,B0054,224,7033,07033.csv,0.91104445827685,,,7033,54.413299679291015,45.586700320708985,0,Emergency
discharge,[2010.       9.      28.      20.      21.      33.968],4,B0054,226,7035,07035.csv,0.912172429335505,,,7035,54.48066919862299,45.51933080137701,0,Emergency
discharge,[2010.       9.      29.       0.       5.      26.906],4,B0054,228,7037,07037.csv,0.887204397588479,,,7037,52.989421453784466,47.010578546215534,0,Emergency
discharge,[2010.       9.      29.       3.      48.      21.015],4,B0054,230,7039,07039.csv,0.896123676795921,,,7039,53.5221368531578,46.4778631468422,0,Emergency
discharge,[2010.       9.      29.       7.      31.      12.015],4,B0054,232,7041,07041.csv,0.885133400112845,,,7041,52.86572847123796,47.13427152876204,0,Emergency
discharge,[2010.       9.      29.      12.      25.      41.906],4,B0054,236,7045,07045.csv,0.879338664543611,,,7045,52.51963045129352,47.48036954870648,0,Emergency
discharge,[2010.       9.      29.      16.       8.      13.421],4,B0054,238,7047,07047.csv,0.846122423845062,,,7047,50.53574783949636,49.46425216050364,0,Emergency
discharge,[2010.       9.      29.      19.      50.      59.781],4,B0054,240,7049,07049.csv,0.870593315296934,,,7049,51.99730324208186,48.00269675791814,0,Emergency
discharge,[2.01e+03 9.00e+00 2.90e+01 2.30e+01 3.30e+01 8.90e-01],4,B0054,242,7051,07051.csv,0.84405209096091,,,7051,50.41209455052918,49.58790544947082,0,Emergency
discharge,[2010.       9.      30.       3.      15.      20.437],4,B0054,244,7053,07053.csv,0.853624467840357,,,7053,50.983817046673465,49.016182953326535,0,Emergency
discharge,[2010.       9.      30.       8.       8.      36.328],4,B0054,248,7057,07057.csv,0.852451933795813,,,7057,50.91378594580862,49.08621405419138,0,Emergency
discharge,[2010.       9.      30.      11.      50.      17.687],4,B0054,250,7059,07059.csv,0.837391900179301,,,7059,50.014306107134885,49.985693892865115,0,Emergency
discharge,[2010.       9.      30.      15.      32.      33.078],4,B0054,252,7061,07061.csv,0.0,,,7061,0.0,100.0,0,Emergency
discharge,[2010.       9.       3.      12.      10.      27.156],4,B0056,0,7062,07062.csv,0.785278120878519,,,7062,46.90174374560393,53.09825625439607,0,Emergency
discharge,[2010.       9.       3.      17.       8.      51.656],4,B0056,4,7066,07066.csv,1.34435555530173,,,7066,80.29336114343994,19.706638856560062,0,Warning
discharge,[2010.       9.       3.      20.      58.      26.281],4,B0056,6,7068,07068.csv,1.31750271073475,,,7068,78.68954053360041,21.310459466399593,0,Warning
discharge,[2010.       9.       4.       0.      47.      52.687],4,B0056,8,7070,07070.csv,1.29736546794769,,,7070,77.48681786015436,22.51318213984564,0,Warning
discharge,[2010.      9.      4.      4.     35.     34.64],4,B0056,10,7072,07072.csv,1.26396041485489,,,7072,75.49165818575261,24.508341814247387,0,Warning
discharge,[2010.       9.       4.       8.      24.      28.609],4,B0056,12,7074,07074.csv,1.25894961870321,,,7074,75.19238195377939,24.80761804622061,0,Warning
discharge,[2010.       9.       4.      13.      22.      53.125],4,B0056,16,7078,07078.csv,1.28061976902025,,,7078,76.4866594970802,23.513340502919803,0,Warning
discharge,[2010.       9.       4.      17.       7.      33.062],4,B0056,18,7080,07080.csv,1.2572786868607,,,7080,75.09258340469196,24.907416595308035,0,Warning
discharge,[2010.       9.       4.      20.      50.      47.984],4,B0056,20,7082,07082.csv,1.22262600410488,,,7082,73.02290744721981,26.977092552780192,0,Warning
discharge,[2010.       9.       5.       0.      38.      30.421],4,B0056,22,7084,07084.csv,1.22927722492574,,,7084,73.4201601481946,26.579839851805403,0,Warning
discharge,[2010.       9.       5.       4.      25.      36.515],4,B0056,24,7086,07086.csv,1.22757801356894,,,7086,73.31867256881687,26.681327431183135,0,Warning
discharge,[2010.       9.       5.       9.      19.      29.796],4,B0056,28,7090,07090.csv,1.21338728882967,,,7090,72.47111331867369,27.528886681326313,0,Warning
discharge,[2010.       9.       5.      13.       6.      35.671],4,B0056,30,7092,07092.csv,1.23022361449308,,,7092,73.47668447988136,26.523315520118643,0,Warning
discharge,[2010.       9.       5.      16.      52.      47.406],4,B0056,32,7094,07094.csv,1.19275301084626,,,7094,71.2387045801356,28.761295419864396,0,Warning
discharge,[2010.       9.       5.      20.      39.      20.328],4,B0056,34,7096,07096.csv,1.18671066359877,,,7096,70.87781763487514,29.122182365124857,0,Warning
discharge,[2010.       9.       6.       0.      25.      33.421],4,B0056,36,7098,07098.csv,1.19148751402421,,,7098,71.163121158058,28.836878841941996,0,Warning
discharge,[2010.      9.      6.      5.     23.     13.75],4,B0056,40,7102,07102.csv,1.21417860601781,,,7102,72.51837575346318,27.481624246536825,0,Warning
discharge,[2010.       9.       6.       9.       8.      34.203],4,B0056,42,7104,07104.csv,1.20943875587214,,,7104,72.2352821194828,27.764717880517196,0,Warning
discharge,[2010.       9.       6.      12.      53.      22.312],4,B0056,44,7106,07106.csv,1.20707229994032,,,7106,72.0939425013927,27.906057498607296,0,Warning
discharge,[2010.       9.       6.      16.      38.      35.375],4,B0056,46,7108,07108.csv,1.16296124939191,,,7108,69.45935338682986,30.54064661317014,0,Critical
discharge,[2010.      9.      6.     20.     24.     10.25],4,B0056,48,7110,07110.csv,1.17887968705904,,,7110,70.4101025092667,29.589897490733307,0,Warning
discharge,[2.0100e+03 9.0000e+00 9.0000e+00 1.6000e+01 2.0000e+00 5.5593e+01],4,B0056,52,7114,07114.csv,1.29451041460444,,,7114,77.31629613450724,22.68370386549276,0,Warning
discharge,[2.01e+03 9.00e+00 9.00e+00 2.10e+01 2.00e+00 1.09e-01],4,B0056,56,7118,07118.csv,1.26025675630034,,,7118,75.27045242459836,24.72954757540164,0,Warning
discharge,[2010.       9.      10.       0.      49.      20.093],4,B0056,58,7120,07120.csv,1.24087212915651,,,7120,74.1126806864951,25.887319313504904,0,Warning
discharge,[2010.       9.      10.       4.      36.       5.546],4,B0056,60,7122,07122.csv,1.25219734027311,,,7122,74.78909345737605,25.210906542623945,0,Warning
discharge,[2010.       9.      10.       8.      21.      56.953],4,B0056,62,7124,07124.csv,1.22790257004773,,,7124,73.33805712111045,26.661942878889548,0,Warning
discharge,[2010.       9.      10.      12.       7.      58.578],4,B0056,64,7126,07126.csv,1.19171703089469,,,7126,71.17682934775328,28.823170652246716,0,Warning
discharge,[2010.       9.      10.      17.       5.      18.031],4,B0056,68,7130,07130.csv,1.1858570240011,,,7130,70.82683291417996,29.17316708582004,0,Warning
discharge,[2010.       9.      10.      20.      50.      57.921],4,B0056,70,7132,07132.csv,1.18409382866114,,,7132,70.72152380927872,29.27847619072128,0,Warning
discharge,[2010.       9.      11.       0.      36.      11.406],4,B0056,72,7134,07134.csv,1.20598291359176,,,7134,72.02887750339815,27.97112249660185,0,Warning
discharge,[2010.       9.      11.       4.      20.      54.625],4,B0056,74,7136,07136.csv,1.16542849367939,,,7136,69.60671271883281,30.39328728116719,0,Critical
discharge,[2010.       9.      11.       8.       5.      50.875],4,B0056,76,7138,07138.csv,1.17900606131938,,,7138,70.4176503741784,29.582349625821607,0,Warning
discharge,[2.0100e+03 9.0000e+00 1.1000e+01 1.3000e+01 2.0000e+00 1.9546e+01],4,B0056,80,7142,07142.csv,1.20131137471831,,,7142,71.74986384783487,28.250136152165126,0,Warning
discharge,[2010.       9.      11.      16.      46.      28.437],4,B0056,82,7144,07144.csv,1.16559780331743,,,7144,69.61682495428911,30.383175045710885,0,Critical
discharge,[2010.       9.      11.      20.      31.      10.015],4,B0056,84,7146,07146.csv,1.180303335055,,,7146,70.49513171320754,29.50486828679246,0,Warning
discharge,[2010.       9.      12.       0.      15.      17.875],4,B0056,86,7148,07148.csv,1.1658134189695,,,7148,69.62970287587137,30.370297124128626,0,Critical
discharge,[2010.       9.      12.       3.      59.      48.265],4,B0056,88,7150,07150.csv,1.17639605157737,,,7150,70.26176419215116,29.738235807848838,0,Warning
discharge,[2010.       9.      12.       8.      55.       6.671],4,B0056,92,7154,07154.csv,1.14583255129407,,,7154,68.43631990668915,31.56368009331085,0,Critical
discharge,[2010.       9.      12.      12.      39.      18.218],4,B0056,94,7156,07156.csv,1.16755775998029,,,7156,69.73388588176168,30.26611411823832,0,Critical
discharge,[2010.       9.      12.      16.      23.      34.703],4,B0056,96,7158,07158.csv,1.14563665471191,,,7158,68.4246197318685,31.575380268131497,0,Critical
discharge,[2010.       9.      12.      20.       7.      24.765],4,B0056,98,7160,07160.csv,1.14436670028244,,,7160,68.348770073466,31.651229926534,0,Critical
discharge,[2010.       9.      12.      23.      51.      17.062],4,B0056,100,7162,07162.csv,1.1605177686388,,,7162,69.31341336241982,30.686586637580177,0,Critical
discharge,[2010.       9.      14.      12.       6.       5.296],4,B0056,104,7166,07166.csv,1.22720130426024,,,7166,73.296173121814,26.703826878186007,0,Warning
discharge,[2010.       9.      14.      17.       3.       4.921],4,B0056,108,7170,07170.csv,1.24547972020454,,,7170,74.3878749761023,25.612125023897704,0,Warning
discharge,[2010.       9.      14.      20.      48.       6.968],4,B0056,110,7172,07172.csv,1.17222888490372,,,7172,70.01287481362867,29.98712518637133,0,Warning
discharge,[2010.       9.      15.       0.      32.      54.453],4,B0056,112,7174,07174.csv,1.19535149999449,,,7174,71.39390267991162,28.60609732008838,0,Warning
discharge,[2010.       9.      15.       4.      17.      21.781],4,B0056,114,7176,07176.csv,1.19195147162039,,,7176,71.19083162102177,28.809168378978228,0,Warning
discharge,[2010.       9.      17.      15.      17.      48.765],4,B0056,116,7178,07178.csv,1.22962236652525,,,7178,73.44077417324607,26.55922582675393,0,Warning
discharge,[2010.       9.      17.      20.      11.      19.796],4,B0056,120,7182,07182.csv,1.27745194193969,,,7182,76.29745695849857,23.70254304150143,0,Warning
discharge,[2010.      9.     17.     23.     56.     44.39],4,B0056,122,7184,07184.csv,1.24338797516685,,,7184,74.2629428187806,25.7370571812194,0,Warning
discharge,[2010.       9.      18.       3.      41.      26.687],4,B0056,124,7186,07186.csv,1.23080254291259,,,7186,73.51126172284405,26.488738277155946,0,Warning
discharge,[2010.      9.     18.      7.     25.     38.64],4,B0056,126,7188,07188.csv,1.21623585340946,,,7188,72.64124749459425,27.358752505405747,0,Warning
discharge,[2010.       9.      18.      11.       9.      35.656],4,B0056,128,7190,07190.csv,1.20883357264995,,,7190,72.19913677472961,27.80086322527039,0,Warning
discharge,[2010.       9.      18.      16.       5.       6.281],4,B0056,132,7194,07194.csv,1.19461811622403,,,7194,71.35010039285588,28.64989960714412,0,Warning
discharge,[2010.       9.      18.      19.      49.      23.328],4,B0056,134,7196,07196.csv,1.17342481347949,,,7196,70.08430318290002,29.915696817099985,0,Warning
discharge,[2010.       9.      18.      23.      33.      26.125],4,B0056,136,7198,07198.csv,1.14045963059131,,,7198,68.11541532108274,31.884584678917264,0,Critical
discharge,[2010.       9.      19.       3.      17.      11.312],4,B0056,138,7200,07200.csv,1.18217164068459,,,7200,70.60671866507558,29.393281334924424,0,Warning
discharge,[2010.       9.      19.       7.       0.      37.453],4,B0056,140,7202,07202.csv,1.14806633820551,,,7202,68.56973569724427,31.43026430275573,0,Critical
discharge,[2010.       9.      19.      11.      55.      48.484],4,B0056,144,7206,07206.csv,1.18253819350341,,,7206,70.6286115026836,29.371388497316403,0,Warning
discharge,[2010.       9.      19.      15.      38.      44.765],4,B0056,146,7208,07208.csv,1.15520928628466,,,7208,68.99635743989724,31.00364256010276,0,Critical
discharge,[2010.       9.      19.      19.      22.      11.656],4,B0056,148,7210,07210.csv,1.12168167126716,,,7210,66.99387759722339,33.00612240277661,0,Critical
discharge,[2010.       9.      19.      23.       5.      17.437],4,B0056,150,7212,07212.csv,1.16266626256145,,,7212,69.44173491973812,30.558265080261876,0,Critical
discharge,[2.0100e+03 9.0000e+00 2.0000e+01 2.0000e+00 4.8000e+01 1.1609e+01],4,B0056,152,7214,07214.csv,1.12469561574492,,,7214,67.17388929983039,32.82611070016961,0,Critical
discharge,[2010.       9.      20.       7.      42.      50.203],4,B0056,156,7218,07218.csv,1.16641779487979,,,7218,69.66580000288508,30.334199997114922,0,Critical
discharge,[2010.       9.      20.      11.      25.      31.156],4,B0056,158,7220,07220.csv,1.13467451563794,,,7220,67.76989190476972,32.23010809523028,0,Critical
discharge,[2010.       9.      20.      15.       8.      29.703],4,B0056,160,7222,07222.csv,1.10122313170927,,,7222,65.77196506172578,34.22803493827422,0,Critical
discharge,[2010.       9.      20.      18.      51.      21.781],4,B0056,162,7224,07224.csv,1.15607339484728,,,7224,69.04796743296193,30.952032567038074,0,Critical
discharge,[2010.       9.      20.      22.      33.      25.109],4,B0056,164,7226,07226.csv,1.1385609898764,,,7226,68.00201656730611,31.997983432693886,0,Critical
discharge,[2010.       9.      21.      16.      21.       5.187],4,B0056,168,7230,07230.csv,1.17572654487737,,,7230,70.2217770451207,29.778222954879297,0,Warning
discharge,[2010.       9.      21.      21.      16.      13.531],4,B0056,172,7234,07234.csv,1.19693856324525,,,7234,71.48869206970377,28.511307930296226,0,Warning
discharge,[2010.      9.     22.      0.     59.     48.89],4,B0056,174,7236,07236.csv,1.12674579887262,,,7236,67.29633911872942,32.70366088127058,0,Critical
discharge,[2010.       9.      22.       4.      42.      50.281],4,B0056,176,7238,07238.csv,1.16010313685595,,,7238,69.28864894697138,30.711351053028622,0,Critical
discharge,[2010.       9.      22.       8.      25.      42.578],4,B0056,178,7240,07240.csv,1.13614587296902,,,7240,67.85777060998988,32.142229390010115,0,Critical
discharge,[2010    9   22   12    7   52],4,B0056,180,7242,07242.csv,1.13972538942618,,,7242,68.07156182502982,31.928438174970182,0,Critical
discharge,[2.0100e+03 9.0000e+00 2.2000e+01 1.7000e+01 2.0000e+00 1.1859e+01],4,B0056,184,7246,07246.csv,1.15600100247675,,,7246,69.0436437057098,30.956356294290202,0,Critical
discharge,[2010.       9.      22.      20.      44.      38.687],4,B0056,186,7248,07248.csv,1.12681861902683,,,7248,67.30068839591092,32.699311604089075,0,Critical
discharge,[2010.       9.      23.       0.      27.      12.937],4,B0056,188,7250,07250.csv,1.11668835568039,,,7250,66.69564541442728,33.304354585572725,0,Critical
discharge,[2010.       9.      23.       4.       9.       8.968],4,B0056,190,7252,07252.csv,1.13306131976668,,,7252,67.67354171067458,32.326458289325416,0,Critical
discharge,[2010.       9.      23.       7.      51.      17.218],4,B0056,192,7254,07254.csv,1.08938398979959,,,7254,65.06485711455105,34.935142885448954,0,Critical
discharge,[2010.       9.      23.      12.      44.      52.046],4,B0056,196,7258,07258.csv,1.11208364592593,,,7258,66.42062321377695,33.57937678622305,0,Critical
discharge,[2010.       9.      23.      16.      27.       6.734],4,B0056,198,7260,07260.csv,1.12799502546483,,,7260,67.3709507804455,32.6290492195545,0,Critical
discharge,[2010.       9.      23.      20.       8.      35.109],4,B0056,200,7262,07262.csv,1.13867745650241,,,7262,68.00897268604011,31.99102731395989,0,Critical
discharge,[2010.       9.      23.      23.      50.      11.265],4,B0056,202,7264,07264.csv,1.12711369622006,,,7264,67.3183122600351,32.6816877399649,0,Critical
discharge,[2010.       9.      24.       3.      31.      49.968],4,B0056,204,7266,07266.csv,1.11015088696537,,,7266,66.305186703985,33.694813296015,0,Critical
discharge,[2010.       9.      24.       8.      25.      18.515],4,B0056,208,7270,07270.csv,1.13446322604224,,,7270,67.75727236245706,32.24272763754294,0,Critical
discharge,[2010.       9.      24.      12.       7.       3.171],4,B0056,210,7272,07272.csv,1.10845875630286,,,7272,66.20412202816246,33.79587797183754,0,Critical
discharge,[2010.       9.      24.      15.      48.      49.406],4,B0056,212,7274,07274.csv,1.07682208702148,,,7274,64.31458134677978,35.685418653220225,0,Critical
discharge,[2010.       9.      24.      19.      30.      22.281],4,B0056,214,7276,07276.csv,1.12839821291981,,,7276,67.39503166872208,32.60496833127792,0,Critical
discharge,[2010.       9.      24.      23.      11.      34.281],4,B0056,216,7278,07278.csv,1.10663503465313,,,7278,66.09519791171915,33.904802088280846,0,Critical
discharge,[2010.       9.      28.      11.      41.      33.437],4,B0056,220,7282,07282.csv,1.27160907221731,,,7282,75.94848406447291,24.051515935527092,0,Warning
discharge,[2010.       9.      28.      16.      37.      32.109],4,B0056,224,7286,07286.csv,1.24157671753779,,,7286,74.15476313197054,25.84523686802946,0,Warning
discharge,[2010.       9.      28.      20.      21.      33.968],4,B0056,226,7288,07288.csv,1.17465290442281,,,7288,70.1576524908566,29.842347509143394,0,Warning
discharge,[2010.       9.      29.       0.       5.      26.906],4,B0056,228,7290,07290.csv,1.19893898851877,,,7290,71.60817003689314,28.391829963106858,0,Warning
discharge,[2010.       9.      29.       3.      48.      21.015],4,B0056,230,7292,07292.csv,1.14613989651885,,,7292,68.45467649474479,31.54532350525521,0,Critical
discharge,[2010.       9.      29.       7.      31.      12.015],4,B0056,232,7294,07294.csv,1.12922437867188,,,7294,67.4443754787236,32.5556245212764,0,Critical
discharge,[2010.       9.      29.      12.      25.      41.906],4,B0056,236,7298,07298.csv,1.11034328880199,,,7298,66.31667815064245,33.683321849357554,0,Critical
discharge,[2010.       9.      29.      16.       8.      13.421],4,B0056,238,7300,07300.csv,1.15390947289747,,,7300,68.91872441691821,31.08127558308179,0,Critical
discharge,[2010.       9.      29.      19.      50.      59.781],4,B0056,240,7302,07302.csv,1.13021914553401,,,7302,67.50378920643837,32.49621079356163,0,Critical
discharge,[2.01e+03 9.00e+00 2.90e+01 2.30e+01 3.30e+01 8.90e-01],4,B0056,242,7304,07304.csv,1.1258719408034,,,7304,67.24414682386866,32.75585317613134,0,Critical
discharge,[2010.       9.      30.       3.      15.      20.437],4,B0056,244,7306,07306.csv,1.14301082839209,,,7306,68.26778888442954,31.732211115570465,0,Critical
discharge,[2010.       9.      30.       8.       8.      36.328],4,B0056,248,7310,07310.csv,1.13727317753102,,,7310,67.92510032195362,32.07489967804638,0,Critical
discharge,[2010.       9.      30.      11.      50.      17.687],4,B0056,250,7312,07312.csv,1.12905901377795,,,7312,67.4344988481727,32.565501151827306,0,Critical
discharge,[2010.       9.       3.      12.      10.      27.156],4,B0055,0,7314,07314.csv,0.798999792703701,,,7314,47.72128820838098,52.27871179161902,0,Emergency
discharge,[2010.       9.       3.      17.       8.      51.656],4,B0055,4,7318,07318.csv,1.31989215646287,,,7318,78.83225324678405,21.16774675321595,0,Warning
discharge,[2010.       9.       3.      20.      58.      26.281],4,B0055,6,7320,07320.csv,1.2769832801132,,,7320,76.26946552934125,23.730534470658753,0,Warning
discharge,[2010.       9.       4.       0.      47.      52.687],4,B0055,8,7322,07322.csv,1.25725913122308,,,7322,75.09141541913365,24.908584580866346,0,Warning
discharge,[2010.      9.      4.      4.     35.     34.64],4,B0055,10,7324,07324.csv,1.20676375129941,,,7324,72.07551403776401,27.92448596223599,0,Warning
discharge,[2010.       9.       4.       8.      24.      28.609],4,B0055,12,7326,07326.csv,1.20773225361031,,,7326,72.13335908144361,27.866640918556385,0,Warning
discharge,[2010.       9.       4.      13.      22.      53.125],4,B0055,16,7330,07330.csv,1.20096142900938,,,7330,71.72896289118178,28.27103710881822,0,Warning
discharge,[2010.       9.       4.      17.       7.      33.062],4,B0055,18,7332,07332.csv,1.18905908654997,,,7332,71.01808021005073,28.981919789949274,0,Warning
discharge,[2010.       9.       4.      20.      50.      47.984],4,B0055,20,7334,07334.csv,1.16970878260443,,,7334,69.8623584690223,30.137641530977703,0,Critical
discharge,[2010.       9.       5.       0.      38.      30.421],4,B0055,22,7336,07336.csv,1.14836471946134,,,7336,68.5875569007483,31.412443099251703,0,Critical
discharge,[2010.       9.       5.       4.      25.      36.515],4,B0055,24,7338,07338.csv,1.15277260609722,,,7338,68.85082358800099,31.149176411999008,0,Critical
discharge,[2010.       9.       5.       9.      19.      29.796],4,B0055,28,7342,07342.csv,1.13183704717272,,,7342,67.60042045853473,32.39957954146527,0,Critical
discharge,[2010.       9.       5.      13.       6.      35.671],4,B0055,30,7344,07344.csv,1.13265258033833,,,7344,67.64912922366203,32.35087077633797,0,Critical
discharge,[2010.       9.       5.      16.      52.      47.406],4,B0055,32,7346,07346.csv,1.11605657165745,,,7346,66.65791130270475,33.34208869729525,0,Critical
discharge,[2010.       9.       5.      20.      39.      20.328],4,B0055,34,7348,07348.csv,1.09846418250688,,,7348,65.60718327924995,34.39281672075005,0,Critical
discharge,[2010.       9.       6.       0.      25.      33.421],4,B0055,36,7350,07350.csv,1.09256941030966,,,7350,65.25511044329289,34.74488955670711,0,Critical
discharge,[2010.      9.      6.      5.     23.     13.75],4,B0055,40,7354,07354.csv,1.10916768071203,,,7354,66.24646344846931,33.753536551530686,0,Critical
discharge,[2010.       9.       6.       9.       8.      34.203],4,B0055,42,7356,07356.csv,1.10750350289057,,,7356,66.1470682919585,33.852931708041496,0,Critical
discharge,[2010.       9.       6.      12.      53.      22.312],4,B0055,44,7358,07358.csv,1.10675167542453,,,7358,66.10216443151009,33.89783556848991,0,Critical
discharge,[2010.       9.       6.      16.      38.      35.375],4,B0055,46,7360,07360.csv,1.07266941245828,,,7360,64.06655752815588,35.93344247184412,0,Critical
discharge,[2010.      9.      6.     20.     24.     10.25],4,B0055,48,7362,07362.csv,1.07768440215066,,,7362,64.36608422473022,35.633915775269784,0,Critical
discharge,[2.0100e+03 9.0000e+00 9.0000e+00 1.6000e+01 2.0000e+00 5.5593e+01],4,B0055,52,7366,07366.csv,1.19817147345359,,,7366,71.56232921444965,28.437670785550353,0,Warning
discharge,[2.01e+03 9.00e+00 9.00e+00 2.10e+01 2.00e+00 1.09e-01],4,B0055,56,7370,07370.csv,1.16253815526809,,,7370,69.43408354720479,30.565916452795207,0,Critical
discharge,[2010.       9.      10.       0.      49.      20.093],4,B0055,58,7372,07372.csv,1.15568274658442,,,7372,69.02463546402991,30.975364535970087,0,Critical
discharge,[2010.       9.      10.       4.      36.       5.546],4,B0055,60,7374,07374.csv,1.13744409842235,,,7374,67.93530879158087,32.064691208419134,0,Critical
discharge,[2010.       9.      10.       8.      21.      56.953],4,B0055,62,7376,07376.csv,1.11263753521254,,,7376,66.45370496238718,33.54629503761282,0,Critical
discharge,[2010.       9.      10.      12.       7.      58.578],4,B0055,64,7378,07378.csv,1.09865606784598,,,7378,65.61864387743005,34.381356122569954,0,Critical
discharge,[2010.       9.      10.      17.       5.      18.031],4,B0055,68,7382,07382.csv,1.09853027588846,,,7382,65.6111307913017,34.388869208698296,0,Critical
discharge,[2010.       9.      10.      20.      50.      57.921],4,B0055,70,7384,07384.csv,1.10293704009685,,,7384,65.87433044013183,34.12566955986817,0,Critical
discharge,[2010.       9.      11.       0.      36.      11.406],4,B0055,72,7386,07386.csv,1.09496449227353,,,7386,65.39815978789132,34.601840212108684,0,Critical
discharge,[2010.       9.      11.       4.      20.      54.625],4,B0055,74,7388,07388.csv,1.08906797148309,,,7388,65.04598251495972,34.95401748504028,0,Critical
discharge,[2010.       9.      11.       8.       5.      50.875],4,B0055,76,7390,07390.csv,1.07332339163605,,,7390,64.10561727399015,35.89438272600985,0,Critical
discharge,[2.0100e+03 9.0000e+00 1.1000e+01 1.3000e+01 2.0000e+00 1.9546e+01],4,B0055,80,7394,07394.csv,1.0953738567453,,,7394,65.42260960642444,34.577390393575556,0,Critical
discharge,[2010.       9.      11.      16.      46.      28.437],4,B0055,82,7396,07396.csv,1.06395174662431,,,7396,63.54588374630232,36.45411625369768,0,Critical
discharge,[2010.       9.      11.      20.      31.      10.015],4,B0055,84,7398,07398.csv,1.0857980724077,,,7398,64.85068359546818,35.14931640453182,0,Critical
discharge,[2010.       9.      12.       0.      15.      17.875],4,B0055,86,7400,07400.csv,1.05887489655075,,,7400,63.242662359058556,36.757337640941444,0,Critical
discharge,[2010.       9.      12.       3.      59.      48.265],4,B0055,88,7402,07402.csv,1.08132600351912,,,7402,64.58358354078918,35.41641645921082,0,Critical
discharge,[2010.       9.      12.       8.      55.       6.671],4,B0055,92,7406,07406.csv,1.06160186258832,,,7406,63.405533905962194,36.594466094037806,0,Critical
discharge,[2010.       9.      12.      12.      39.      18.218],4,B0055,94,7408,07408.csv,1.05939206705811,,,7408,63.27355103144618,36.72644896855382,0,Critical
discharge,[2010.       9.      12.      16.      23.      34.703],4,B0055,96,7410,07410.csv,1.07425131414247,,,7410,64.1610386367593,35.8389613632407,0,Critical
discharge,[2010.       9.      12.      20.       7.      24.765],4,B0055,98,7412,07412.csv,1.04056147341314,,,7412,62.14886965521488,37.85113034478512,0,Critical
discharge,[2010.       9.      12.      23.      51.      17.062],4,B0055,100,7414,07414.csv,1.05756565353248,,,7414,63.16446613925948,36.83553386074052,0,Critical
discharge,[2010.       9.      14.      12.       6.       5.296],4,B0055,104,7418,07418.csv,1.09835289709146,,,7418,65.600536614969,34.399463385031,0,Critical
discharge,[2010.       9.      14.      17.       3.       4.921],4,B0055,108,7422,07422.csv,1.10975899373973,,,7422,66.28178037805293,33.71821962194707,0,Critical
discharge,[2010.       9.      14.      20.      48.       6.968],4,B0055,110,7424,07424.csv,1.07933157792068,,,7424,64.46446391189508,35.53553608810492,0,Critical
discharge,[2010.       9.      15.       0.      32.      54.453],4,B0055,112,7426,07426.csv,1.07161590947561,,,7426,64.00363571024867,35.99636428975133,0,Critical
discharge,[2010.       9.      15.       4.      17.      21.781],4,B0055,114,7428,07428.csv,1.07464642110197,,,7428,64.18463690707127,35.815363092928735,0,Critical
discharge,[2010.       9.      17.      15.      17.      48.765],4,B0055,116,7430,07430.csv,1.08643683065179,,,7430,64.88883425150095,35.11116574849905,0,Critical
discharge,[2010.       9.      17.      20.      11.      19.796],4,B0055,120,7434,07434.csv,1.13401383473879,,,7434,67.73043189002375,32.26956810997625,0,Critical
discharge,[2010.      9.     17.     23.     56.     44.39],4,B0055,122,7436,07436.csv,1.11769647179515,,,7436,66.75585644339036,33.24414355660964,0,Critical
discharge,[2010.       9.      18.       3.      41.      26.687],4,B0055,124,7438,07438.csv,1.10464685296442,,,7438,65.97645120834831,34.02354879165169,0,Critical
discharge,[2010.      9.     18.      7.     25.     38.64],4,B0055,126,7440,07440.csv,1.08970014840742,,,7440,65.0837400932221,34.916259906777896,0,Critical
discharge,[2010.       9.      18.      11.       9.      35.656],4,B0055,128,7442,07442.csv,1.07553354753817,,,7442,64.23762167218106,35.762378327818936,0,Critical
discharge,[2010.       9.      18.      16.       5.       6.281],4,B0055,132,7446,07446.csv,1.06098667761443,,,7446,63.368791193750575,36.631208806249425,0,Critical
discharge,[2010.       9.      18.      19.      49.      23.328],4,B0055,134,7448,07448.csv,1.05182180416155,,,7448,62.82140736282582,37.17859263717418,0,Critical
discharge,[2010.       9.      18.      23.      33.      26.125],4,B0055,136,7450,07450.csv,1.05538578981327,,,7450,63.034270980575634,36.965729019424366,0,Critical
discharge,[2010.       9.      19.       3.      17.      11.312],4,B0055,138,7452,07452.csv,1.05331023336917,,,7452,62.91030570778565,37.08969429221435,0,Critical
discharge,[2010.       9.      19.       7.       0.      37.453],4,B0055,140,7454,07454.csv,1.03153652600843,,,7454,61.609843087124936,38.390156912875064,0,Critical
discharge,[2010.       9.      19.      11.      55.      48.484],4,B0055,144,7458,07458.csv,1.05334010532594,,,7458,62.91208984874712,37.08791015125288,0,Critical
discharge,[2010.       9.      19.      15.      38.      44.765],4,B0055,146,7460,07460.csv,1.03178767988107,,,7460,61.62484357454727,38.37515642545273,0,Critical
discharge,[2010.       9.      19.      19.      22.      11.656],4,B0055,148,7462,07462.csv,1.03542079121572,,,7462,61.841835812439214,38.158164187560786,0,Critical
discharge,[2010.       9.      19.      23.       5.      17.437],4,B0055,150,7464,07464.csv,1.03222517913106,,,7464,61.65097377882315,38.34902622117685,0,Critical
discharge,[2.0100e+03 9.0000e+00 2.0000e+01 2.0000e+00 4.8000e+01 1.1609e+01],4,B0055,152,7466,07466.csv,1.01154339730347,,,7466,60.41572781221589,39.58427218778411,0,Critical
discharge,[2010.       9.      20.       7.      42.      50.203],4,B0055,156,7470,07470.csv,1.04137605681502,,,7470,62.1975216944843,37.8024783055157,0,Critical
discharge,[2010.       9.      20.      11.      25.      31.156],4,B0055,158,7472,07472.csv,1.02174193386881,,,7472,61.02484849933325,38.97515150066675,0,Critical
discharge,[2010.       9.      20.      15.       8.      29.703],4,B0055,160,7474,07474.csv,1.01331355479692,,,7474,60.52145274067089,39.47854725932911,0,Critical
discharge,[2010.       9.      20.      18.      51.      21.781],4,B0055,162,7476,07476.csv,1.02999425596269,,,7476,61.51772902899877,38.48227097100123,0,Critical
discharge,[2010.       9.      20.      22.      33.      25.109],4,B0055,164,7478,07478.csv,1.01893498078143,,,7478,60.85719962320903,39.14280037679097,0,Critical
discharge,[2010.       9.      21.      16.      21.       5.187],4,B0055,168,7482,07482.csv,1.0290879520854,,,7482,61.463598866603874,38.536401133396126,0,Critical
discharge,[2010.       9.      21.      21.      16.      13.531],4,B0055,172,7486,07486.csv,1.05676292419,,,7486,63.116522098903495,36.883477901096505,0,Critical
discharge,[2010.      9.     22.      0.     59.     48.89],4,B0055,174,7488,07488.csv,1.02916685363166,,,7488,61.4683113627316,38.5316886372684,0,Critical
discharge,[2010.       9.      22.       4.      42.      50.281],4,B0055,176,7490,07490.csv,1.0321298444901,,,7490,61.6452797950211,38.3547202049789,0,Critical
discharge,[2010.       9.      22.       8.      25.      42.578],4,B0055,178,7492,07492.csv,1.04092302839512,,,7492,62.17046399060246,37.82953600939754,0,Critical
discharge,[2010    9   22   12    7   52],4,B0055,180,7494,07494.csv,1.01116109876698,,,7494,60.39289454140896,39.60710545859104,0,Critical
discharge,[2.0100e+03 9.0000e+00 2.2000e+01 1.7000e+01 2.0000e+00 1.1859e+01],4,B0055,184,7498,07498.csv,1.03378761129117,,,7498,61.74429204510999,38.25570795489001,0,Critical
discharge,[2010.       9.      22.      20.      44.      38.687],4,B0055,186,7500,07500.csv,1.00399422402038,,,7500,59.964843747830486,40.035156252169514,0,Emergency
discharge,[2010.       9.      23.       0.      27.      12.937],4,B0055,188,7502,07502.csv,1.0334195479955,,,7502,61.72230899233326,38.27769100766674,0,Critical
discharge,[2010.       9.      23.       4.       9.       8.968],4,B0055,190,7504,07504.csv,1.00989365641164,,,7504,60.317194919858366,39.682805080141634,0,Critical
discharge,[2010.       9.      23.       7.      51.      17.218],4,B0055,192,7506,07506.csv,1.01262624479406,,,7506,60.480402268524955,39.519597731475045,0,Critical
discharge,[2010.       9.      23.      12.      44.      52.046],4,B0055,196,7510,07510.csv,0.994874205572769,,,7510,59.42013893967092,40.57986106032908,0,Emergency
discharge,[2010.       9.      23.      16.      27.       6.734],4,B0055,198,7512,07512.csv,1.02407995561793,,,7512,61.16448984936373,38.83551015063627,0,Critical
discharge,[2010.       9.      23.      20.       8.      35.109],4,B0055,200,7514,07514.csv,1.0208889510043,,,7514,60.97390300286904,39.02609699713096,0,Critical
discharge,[2010.       9.      23.      23.      50.      11.265],4,B0055,202,7516,07516.csv,1.01610081594411,,,7516,60.68792549039087,39.31207450960913,0,Critical
discharge,[2010.       9.      24.       3.      31.      49.968],4,B0055,204,7518,07518.csv,0.998787534510627,,,7518,59.653867533599325,40.346132466400675,0,Emergency
discharge,[2010.       9.      24.       8.      25.      18.515],4,B0055,208,7522,07522.csv,1.01588682949237,,,7522,60.675144874889554,39.324855125110446,0,Critical
discharge,[2010.       9.      24.      12.       7.       3.171],4,B0055,210,7524,07524.csv,0.996343751776259,,,7524,59.50790947297103,40.49209052702897,0,Emergency
discharge,[2010.       9.      24.      15.      48.      49.406],4,B0055,212,7526,07526.csv,1.00537773814195,,,7526,60.047475904607886,39.952524095392114,0,Critical
discharge,[2010.       9.      24.      19.      30.      22.281],4,B0055,214,7528,07528.csv,1.00913229100279,,,7528,60.27172139353281,39.72827860646719,0,Critical
discharge,[2010.       9.      24.      23.      11.      34.281],4,B0055,216,7530,07530.csv,0.99845812407842,,,7530,59.63419307270741,40.36580692729259,0,Emergency
discharge,[2010.       9.      28.      11.      41.      33.437],4,B0055,220,7534,07534.csv,1.08923893241141,,,7534,65.0561933758476,34.9438066241524,0,Critical
discharge,[2010.       9.      28.      16.      37.      32.109],4,B0055,224,7538,07538.csv,1.07939360317035,,,7538,64.4681684495467,35.531831550453305,0,Critical
discharge,[2010.       9.      28.      20.      21.      33.968],4,B0055,226,7540,07540.csv,1.03261429531422,,,7540,61.67421424232852,38.32578575767148,0,Critical
discharge,[2010.       9.      29.       0.       5.      26.906],4,B0055,228,7542,07542.csv,1.04985726490266,,,7542,62.7040727339232,37.2959272660768,0,Critical
discharge,[2010.       9.      29.       3.      48.      21.015],4,B0055,230,7544,07544.csv,1.04539026972485,,,7544,62.437275713132514,37.562724286867486,0,Critical
discharge,[2010.       9.      29.       7.      31.      12.015],4,B0055,232,7546,07546.csv,1.00016077367135,,,7546,59.73588600515129,40.26411399484871,0,Emergency
discharge,[2010.       9.      29.      12.      25.      41.906],4,B0055,236,7550,07550.csv,1.00840947868781,,,7550,60.22855050022504,39.77144949977496,0,Critical
discharge,[2010.       9.      29.      16.       8.      13.421],4,B0055,238,7552,07552.csv,1.00365515808203,,,7552,59.94459259944046,40.05540740055954,0,Emergency
discharge,[2010.       9.      29.      19.      50.      59.781],4,B0055,240,7554,07554.csv,1.02852696765953,,,7554,61.43009335169408,38.56990664830592,0,Critical
discharge,[2.01e+03 9.00e+00 2.90e+01 2.30e+01 3.30e+01 8.90e-01],4,B0055,242,7556,07556.csv,0.981684435898702,,,7556,58.632363015614175,41.367636984385825,0,Emergency
discharge,[2010.       9.      30.       3.      15.      20.437],4,B0055,244,7558,07558.csv,1.01271214341711,,,7558,60.48553267404535,39.51446732595465,0,Critical
discharge,[2010.       9.      30.       8.       8.      36.328],4,B0055,248,7562,07562.csv,1.02013799961492,,,7562,60.92905146722368,39.07094853277632,0,Critical
discharge,[2010.       9.      30.      11.      50.      17.687],4,B0055,250,7564,07564.csv,0.990759166337316,,,7564,59.174362939305084,40.825637060694916,0,Emergency
